tienda_id,fecha,hora,clientes_estimados
T001,2027-06-27,0,0
T001,2027-06-27,1,0
T001,2027-06-27,2,0
T001,2027-06-27,3,0
T001,2027-06-27,4,0
T001,2027-06-27,5,0
T001,2027-06-27,6,0
T001,2027-06-27,7,0
T001,2027-06-27,8,7
T001,2027-06-27,9,11
T001,2027-06-27,10,39
T001,2027-06-27,11,44
T001,2027-06-27,12,86
T001,2027-06-27,13,131
T001,2027-06-27,14,147
T001,2027-06-27,15,134
T001,2027-06-27,16,143
T001,2027-06-27,17,165
T001,2027-06-27,18,135
T001,2027-06-27,19,173
T001,2027-06-27,20,109
T001,2027-06-27,21,92
T001,2027-06-27,22,0
T001,2027-06-27,23,0
T001,2027-06-28,0,0
T001,2027-06-28,1,0
T001,2027-06-28,2,0
T001,2027-06-28,3,0
T001,2027-06-28,4,0
T001,2027-06-28,5,0
T001,2027-06-28,6,0
T001,2027-06-28,7,0
T001,2027-06-28,8,3
T001,2027-06-28,9,12
T001,2027-06-28,10,25
T001,2027-06-28,11,48
T001,2027-06-28,12,57
T001,2027-06-28,13,86
T001,2027-06-28,14,115
T001,2027-06-28,15,99
T001,2027-06-28,16,87
T001,2027-06-28,17,101
T001,2027-06-28,18,96
T001,2027-06-28,19,75
T001,2027-06-28,20,65
T001,2027-06-28,21,63
T001,2027-06-28,22,0
T001,2027-06-28,23,0
T001,2027-06-29,0,0
T001,2027-06-29,1,0
T001,2027-06-29,2,0
T001,2027-06-29,3,0
T001,2027-06-29,4,0
T001,2027-06-29,5,0
T001,2027-06-29,6,0
T001,2027-06-29,7,0
T001,2027-06-29,8,5
T001,2027-06-29,9,11
T001,2027-06-29,10,25
T001,2027-06-29,11,45
T001,2027-06-29,12,67
T001,2027-06-29,13,98
T001,2027-06-29,14,97
T001,2027-06-29,15,91
T001,2027-06-29,16,95
T001,2027-06-29,17,104
T001,2027-06-29,18,99
T001,2027-06-29,19,91
T001,2027-06-29,20,76
T001,2027-06-29,21,56
T001,2027-06-29,22,0
T001,2027-06-29,23,0
T001,2027-06-30,0,0
T001,2027-06-30,1,0
T001,2027-06-30,2,0
T001,2027-06-30,3,0
T001,2027-06-30,4,0
T001,2027-06-30,5,0
T001,2027-06-30,6,0
T001,2027-06-30,7,0
T001,2027-06-30,8,6
T001,2027-06-30,9,16
T001,2027-06-30,10,33
T001,2027-06-30,11,62
T001,2027-06-30,12,97
T001,2027-06-30,13,128
T001,2027-06-30,14,103
T001,2027-06-30,15,138
T001,2027-06-30,16,107
T001,2027-06-30,17,134
T001,2027-06-30,18,124
T001,2027-06-30,19,118
T001,2027-06-30,20,106
T001,2027-06-30,21,81
T001,2027-06-30,22,0
T001,2027-06-30,23,0
T001,2027-07-01,0,0
T001,2027-07-01,1,0
T001,2027-07-01,2,0
T001,2027-07-01,3,0
T001,2027-07-01,4,0
T001,2027-07-01,5,0
T001,2027-07-01,6,0
T001,2027-07-01,7,0
T001,2027-07-01,8,4
T001,2027-07-01,9,12
T001,2027-07-01,10,24
T001,2027-07-01,11,39
T001,2027-07-01,12,64
T001,2027-07-01,13,102
T001,2027-07-01,14,87
T001,2027-07-01,15,112
T001,2027-07-01,16,94
T001,2027-07-01,17,104
T001,2027-07-01,18,102
T001,2027-07-01,19,116
T001,2027-07-01,20,70
T001,2027-07-01,21,72
T001,2027-07-01,22,0
T001,2027-07-01,23,0
T001,2027-07-02,0,0
T001,2027-07-02,1,0
T001,2027-07-02,2,0
T001,2027-07-02,3,0
T001,2027-07-02,4,0
T001,2027-07-02,5,0
T001,2027-07-02,6,0
T001,2027-07-02,7,0
T001,2027-07-02,8,4
T001,2027-07-02,9,12
T001,2027-07-02,10,28
T001,2027-07-02,11,44
T001,2027-07-02,12,63
T001,2027-07-02,13,84
T001,2027-07-02,14,108
T001,2027-07-02,15,96
T001,2027-07-02,16,98
T001,2027-07-02,17,112
T001,2027-07-02,18,112
T001,2027-07-02,19,112
T001,2027-07-02,20,75
T001,2027-07-02,21,66
T001,2027-07-02,22,0
T001,2027-07-02,23,0
T001,2027-07-03,0,0
T001,2027-07-03,1,0
T001,2027-07-03,2,0
T001,2027-07-03,3,0
T001,2027-07-03,4,0
T001,2027-07-03,5,0
T001,2027-07-03,6,0
T001,2027-07-03,7,0
T001,2027-07-03,8,7
T001,2027-07-03,9,19
T001,2027-07-03,10,40
T001,2027-07-03,11,72
T001,2027-07-03,12,94
T001,2027-07-03,13,164
T001,2027-07-03,14,185
T001,2027-07-03,15,168
T001,2027-07-03,16,195
T001,2027-07-03,17,164
T001,2027-07-03,18,154
T001,2027-07-03,19,146
T001,2027-07-03,20,126
T001,2027-07-03,21,93
T001,2027-07-03,22,0
T001,2027-07-03,23,0
T005,2027-06-27,0,0
T005,2027-06-27,1,0
T005,2027-06-27,2,0
T005,2027-06-27,3,0
T005,2027-06-27,4,0
T005,2027-06-27,5,0
T005,2027-06-27,6,0
T005,2027-06-27,7,4
T005,2027-06-27,8,15
T005,2027-06-27,9,26
T005,2027-06-27,10,63
T005,2027-06-27,11,109
T005,2027-06-27,12,147
T005,2027-06-27,13,273
T005,2027-06-27,14,204
T005,2027-06-27,15,241
T005,2027-06-27,16,280
T005,2027-06-27,17,248
T005,2027-06-27,18,205
T005,2027-06-27,19,238
T005,2027-06-27,20,163
T005,2027-06-27,21,138
T005,2027-06-27,22,0
T005,2027-06-27,23,0
T005,2027-06-28,0,0
T005,2027-06-28,1,0
T005,2027-06-28,2,0
T005,2027-06-28,3,0
T005,2027-06-28,4,0
T005,2027-06-28,5,0
T005,2027-06-28,6,0
T005,2027-06-28,7,1
T005,2027-06-28,8,6
T005,2027-06-28,9,21
T005,2027-06-28,10,37
T005,2027-06-28,11,63
T005,2027-06-28,12,96
T005,2027-06-28,13,150
T005,2027-06-28,14,164
T005,2027-06-28,15,171
T005,2027-06-28,16,180
T005,2027-06-28,17,136
T005,2027-06-28,18,136
T005,2027-06-28,19,174
T005,2027-06-28,20,116
T005,2027-06-28,21,92
T005,2027-06-28,22,0
T005,2027-06-28,23,0
T005,2027-06-29,0,0
T005,2027-06-29,1,0
T005,2027-06-29,2,0
T005,2027-06-29,3,0
T005,2027-06-29,4,0
T005,2027-06-29,5,0
T005,2027-06-29,6,0
T005,2027-06-29,7,1
T005,2027-06-29,8,8
T005,2027-06-29,9,17
T005,2027-06-29,10,42
T005,2027-06-29,11,52
T005,2027-06-29,12,114
T005,2027-06-29,13,159
T005,2027-06-29,14,197
T005,2027-06-29,15,171
T005,2027-06-29,16,195
T005,2027-06-29,17,142
T005,2027-06-29,18,163
T005,2027-06-29,19,141
T005,2027-06-29,20,108
T005,2027-06-29,21,85
T005,2027-06-29,22,0
T005,2027-06-29,23,0
T005,2027-06-30,0,0
T005,2027-06-30,1,0
T005,2027-06-30,2,0
T005,2027-06-30,3,0
T005,2027-06-30,4,0
T005,2027-06-30,5,0
T005,2027-06-30,6,0
T005,2027-06-30,7,3
T005,2027-06-30,8,11
T005,2027-06-30,9,27
T005,2027-06-30,10,66
T005,2027-06-30,11,96
T005,2027-06-30,12,169
T005,2027-06-30,13,188
T005,2027-06-30,14,236
T005,2027-06-30,15,215
T005,2027-06-30,16,240
T005,2027-06-30,17,220
T005,2027-06-30,18,187
T005,2027-06-30,19,205
T005,2027-06-30,20,157
T005,2027-06-30,21,129
T005,2027-06-30,22,0
T005,2027-06-30,23,0
T005,2027-07-01,0,0
T005,2027-07-01,1,0
T005,2027-07-01,2,0
T005,2027-07-01,3,0
T005,2027-07-01,4,0
T005,2027-07-01,5,0
T005,2027-07-01,6,0
T005,2027-07-01,7,2
T005,2027-07-01,8,8
T005,2027-07-01,9,20
T005,2027-07-01,10,45
T005,2027-07-01,11,71
T005,2027-07-01,12,128
T005,2027-07-01,13,139
T005,2027-07-01,14,167
T005,2027-07-01,15,173
T005,2027-07-01,16,181
T005,2027-07-01,17,167
T005,2027-07-01,18,184
T005,2027-07-01,19,171
T005,2027-07-01,20,118
T005,2027-07-01,21,94
T005,2027-07-01,22,0
T005,2027-07-01,23,0
T005,2027-07-02,0,0
T005,2027-07-02,1,0
T005,2027-07-02,2,0
T005,2027-07-02,3,0
T005,2027-07-02,4,0
T005,2027-07-02,5,0
T005,2027-07-02,6,0
T005,2027-07-02,7,2
T005,2027-07-02,8,6
T005,2027-07-02,9,17
T005,2027-07-02,10,39
T005,2027-07-02,11,84
T005,2027-07-02,12,113
T005,2027-07-02,13,150
T005,2027-07-02,14,154
T005,2027-07-02,15,178
T005,2027-07-02,16,197
T005,2027-07-02,17,169
T005,2027-07-02,18,141
T005,2027-07-02,19,163
T005,2027-07-02,20,122
T005,2027-07-02,21,101
T005,2027-07-02,22,0
T005,2027-07-02,23,0
T005,2027-07-03,0,0
T005,2027-07-03,1,0
T005,2027-07-03,2,0
T005,2027-07-03,3,0
T005,2027-07-03,4,0
T005,2027-07-03,5,0
T005,2027-07-03,6,0
T005,2027-07-03,7,2
T005,2027-07-03,8,13
T005,2027-07-03,9,32
T005,2027-07-03,10,66
T005,2027-07-03,11,142
T005,2027-07-03,12,186
T005,2027-07-03,13,223
T005,2027-07-03,14,273
T005,2027-07-03,15,280
T005,2027-07-03,16,252
T005,2027-07-03,17,255
T005,2027-07-03,18,232
T005,2027-07-03,19,191
T005,2027-07-03,20,172
T005,2027-07-03,21,155
T005,2027-07-03,22,0
T005,2027-07-03,23,0
T007,2027-06-27,0,0
T007,2027-06-27,1,0
T007,2027-06-27,2,0
T007,2027-06-27,3,0
T007,2027-06-27,4,0
T007,2027-06-27,5,0
T007,2027-06-27,6,1
T007,2027-06-27,7,5
T007,2027-06-27,8,19
T007,2027-06-27,9,46
T007,2027-06-27,10,91
T007,2027-06-27,11,137
T007,2027-06-27,12,261
T007,2027-06-27,13,355
T007,2027-06-27,14,325
T007,2027-06-27,15,332
T007,2027-06-27,16,311
T007,2027-06-27,17,373
T007,2027-06-27,18,332
T007,2027-06-27,19,347
T007,2027-06-27,20,243
T007,2027-06-27,21,170
T007,2027-06-27,22,127
T007,2027-06-27,23,0
T007,2027-06-28,0,0
T007,2027-06-28,1,0
T007,2027-06-28,2,0
T007,2027-06-28,3,0
T007,2027-06-28,4,0
T007,2027-06-28,5,0
T007,2027-06-28,6,1
T007,2027-06-28,7,4
T007,2027-06-28,8,11
T007,2027-06-28,9,32
T007,2027-06-28,10,60
T007,2027-06-28,11,126
T007,2027-06-28,12,141
T007,2027-06-28,13,225
T007,2027-06-28,14,254
T007,2027-06-28,15,276
T007,2027-06-28,16,303
T007,2027-06-28,17,254
T007,2027-06-28,18,231
T007,2027-06-28,19,206
T007,2027-06-28,20,174
T007,2027-06-28,21,161
T007,2027-06-28,22,93
T007,2027-06-28,23,0
T007,2027-06-29,0,0
T007,2027-06-29,1,0
T007,2027-06-29,2,0
T007,2027-06-29,3,0
T007,2027-06-29,4,0
T007,2027-06-29,5,0
T007,2027-06-29,6,1
T007,2027-06-29,7,3
T007,2027-06-29,8,9
T007,2027-06-29,9,36
T007,2027-06-29,10,63
T007,2027-06-29,11,109
T007,2027-06-29,12,182
T007,2027-06-29,13,214
T007,2027-06-29,14,262
T007,2027-06-29,15,264
T007,2027-06-29,16,243
T007,2027-06-29,17,307
T007,2027-06-29,18,246
T007,2027-06-29,19,252
T007,2027-06-29,20,213
T007,2027-06-29,21,119
T007,2027-06-29,22,113
T007,2027-06-29,23,0
T007,2027-06-30,0,0
T007,2027-06-30,1,0
T007,2027-06-30,2,0
T007,2027-06-30,3,0
T007,2027-06-30,4,0
T007,2027-06-30,5,0
T007,2027-06-30,6,2
T007,2027-06-30,7,5
T007,2027-06-30,8,17
T007,2027-06-30,9,29
T007,2027-06-30,10,80
T007,2027-06-30,11,146
T007,2027-06-30,12,229
T007,2027-06-30,13,311
T007,2027-06-30,14,322
T007,2027-06-30,15,324
T007,2027-06-30,16,405
T007,2027-06-30,17,257
T007,2027-06-30,18,340
T007,2027-06-30,19,309
T007,2027-06-30,20,214
T007,2027-06-30,21,191
T007,2027-06-30,22,137
T007,2027-06-30,23,0
T007,2027-07-01,0,0
T007,2027-07-01,1,0
T007,2027-07-01,2,0
T007,2027-07-01,3,0
T007,2027-07-01,4,0
T007,2027-07-01,5,0
T007,2027-07-01,6,0
T007,2027-07-01,7,3
T007,2027-07-01,8,10
T007,2027-07-01,9,25
T007,2027-07-01,10,71
T007,2027-07-01,11,97
T007,2027-07-01,12,183
T007,2027-07-01,13,250
T007,2027-07-01,14,213
T007,2027-07-01,15,261
T007,2027-07-01,16,252
T007,2027-07-01,17,271
T007,2027-07-01,18,266
T007,2027-07-01,19,192
T007,2027-07-01,20,193
T007,2027-07-01,21,160
T007,2027-07-01,22,96
T007,2027-07-01,23,0
T007,2027-07-02,0,0
T007,2027-07-02,1,0
T007,2027-07-02,2,0
T007,2027-07-02,3,0
T007,2027-07-02,4,0
T007,2027-07-02,5,0
T007,2027-07-02,6,1
T007,2027-07-02,7,4
T007,2027-07-02,8,10
T007,2027-07-02,9,27
T007,2027-07-02,10,66
T007,2027-07-02,11,102
T007,2027-07-02,12,164
T007,2027-07-02,13,174
T007,2027-07-02,14,282
T007,2027-07-02,15,260
T007,2027-07-02,16,227
T007,2027-07-02,17,261
T007,2027-07-02,18,262
T007,2027-07-02,19,242
T007,2027-07-02,20,191
T007,2027-07-02,21,126
T007,2027-07-02,22,87
T007,2027-07-02,23,0
T007,2027-07-03,0,0
T007,2027-07-03,1,0
T007,2027-07-03,2,0
T007,2027-07-03,3,0
T007,2027-07-03,4,0
T007,2027-07-03,5,0
T007,2027-07-03,6,1
T007,2027-07-03,7,5
T007,2027-07-03,8,22
T007,2027-07-03,9,48
T007,2027-07-03,10,79
T007,2027-07-03,11,174
T007,2027-07-03,12,253
T007,2027-07-03,13,351
T007,2027-07-03,14,364
T007,2027-07-03,15,429
T007,2027-07-03,16,463
T007,2027-07-03,17,395
T007,2027-07-03,18,420
T007,2027-07-03,19,375
T007,2027-07-03,20,269
T007,2027-07-03,21,258
T007,2027-07-03,22,155
T007,2027-07-03,23,0
T001,2027-07-04,0,0
T001,2027-07-04,1,0
T001,2027-07-04,2,0
T001,2027-07-04,3,0
T001,2027-07-04,4,0
T001,2027-07-04,5,0
T001,2027-07-04,6,0
T001,2027-07-04,7,0
T001,2027-07-04,8,6
T001,2027-07-04,9,13
T001,2027-07-04,10,41
T001,2027-07-04,11,40
T001,2027-07-04,12,86
T001,2027-07-04,13,147
T001,2027-07-04,14,161
T001,2027-07-04,15,135
T001,2027-07-04,16,142
T001,2027-07-04,17,171
T001,2027-07-04,18,140
T001,2027-07-04,19,163
T001,2027-07-04,20,122
T001,2027-07-04,21,100
T001,2027-07-04,22,0
T001,2027-07-04,23,0
T001,2027-07-05,0,0
T001,2027-07-05,1,0
T001,2027-07-05,2,0
T001,2027-07-05,3,0
T001,2027-07-05,4,0
T001,2027-07-05,5,0
T001,2027-07-05,6,0
T001,2027-07-05,7,0
T001,2027-07-05,8,4
T001,2027-07-05,9,13
T001,2027-07-05,10,25
T001,2027-07-05,11,45
T001,2027-07-05,12,62
T001,2027-07-05,13,84
T001,2027-07-05,14,113
T001,2027-07-05,15,116
T001,2027-07-05,16,91
T001,2027-07-05,17,107
T001,2027-07-05,18,105
T001,2027-07-05,19,70
T001,2027-07-05,20,74
T001,2027-07-05,21,66
T001,2027-07-05,22,0
T001,2027-07-05,23,0
T001,2027-07-06,0,0
T001,2027-07-06,1,0
T001,2027-07-06,2,0
T001,2027-07-06,3,0
T001,2027-07-06,4,0
T001,2027-07-06,5,0
T001,2027-07-06,6,0
T001,2027-07-06,7,0
T001,2027-07-06,8,5
T001,2027-07-06,9,13
T001,2027-07-06,10,26
T001,2027-07-06,11,45
T001,2027-07-06,12,68
T001,2027-07-06,13,99
T001,2027-07-06,14,107
T001,2027-07-06,15,106
T001,2027-07-06,16,106
T001,2027-07-06,17,106
T001,2027-07-06,18,89
T001,2027-07-06,19,96
T001,2027-07-06,20,81
T001,2027-07-06,21,62
T001,2027-07-06,22,0
T001,2027-07-06,23,0
T001,2027-07-07,0,0
T001,2027-07-07,1,0
T001,2027-07-07,2,0
T001,2027-07-07,3,0
T001,2027-07-07,4,0
T001,2027-07-07,5,0
T001,2027-07-07,6,0
T001,2027-07-07,7,0
T001,2027-07-07,8,3
T001,2027-07-07,9,13
T001,2027-07-07,10,26
T001,2027-07-07,11,46
T001,2027-07-07,12,78
T001,2027-07-07,13,99
T001,2027-07-07,14,78
T001,2027-07-07,15,107
T001,2027-07-07,16,93
T001,2027-07-07,17,111
T001,2027-07-07,18,93
T001,2027-07-07,19,103
T001,2027-07-07,20,80
T001,2027-07-07,21,61
T001,2027-07-07,22,0
T001,2027-07-07,23,0
T001,2027-07-08,0,0
T001,2027-07-08,1,0
T001,2027-07-08,2,0
T001,2027-07-08,3,0
T001,2027-07-08,4,0
T001,2027-07-08,5,0
T001,2027-07-08,6,0
T001,2027-07-08,7,0
T001,2027-07-08,8,5
T001,2027-07-08,9,12
T001,2027-07-08,10,24
T001,2027-07-08,11,42
T001,2027-07-08,12,67
T001,2027-07-08,13,92
T001,2027-07-08,14,96
T001,2027-07-08,15,105
T001,2027-07-08,16,94
T001,2027-07-08,17,101
T001,2027-07-08,18,96
T001,2027-07-08,19,118
T001,2027-07-08,20,71
T001,2027-07-08,21,70
T001,2027-07-08,22,0
T001,2027-07-08,23,0
T001,2027-07-09,0,0
T001,2027-07-09,1,0
T001,2027-07-09,2,0
T001,2027-07-09,3,0
T001,2027-07-09,4,0
T001,2027-07-09,5,0
T001,2027-07-09,6,0
T001,2027-07-09,7,0
T001,2027-07-09,8,3
T001,2027-07-09,9,12
T001,2027-07-09,10,28
T001,2027-07-09,11,46
T001,2027-07-09,12,72
T001,2027-07-09,13,79
T001,2027-07-09,14,96
T001,2027-07-09,15,85
T001,2027-07-09,16,99
T001,2027-07-09,17,105
T001,2027-07-09,18,120
T001,2027-07-09,19,124
T001,2027-07-09,20,69
T001,2027-07-09,21,64
T001,2027-07-09,22,0
T001,2027-07-09,23,0
T001,2027-07-10,0,0
T001,2027-07-10,1,0
T001,2027-07-10,2,0
T001,2027-07-10,3,0
T001,2027-07-10,4,0
T001,2027-07-10,5,0
T001,2027-07-10,6,0
T001,2027-07-10,7,0
T001,2027-07-10,8,7
T001,2027-07-10,9,19
T001,2027-07-10,10,39
T001,2027-07-10,11,69
T001,2027-07-10,12,85
T001,2027-07-10,13,161
T001,2027-07-10,14,173
T001,2027-07-10,15,181
T001,2027-07-10,16,183
T001,2027-07-10,17,183
T001,2027-07-10,18,172
T001,2027-07-10,19,146
T001,2027-07-10,20,121
T001,2027-07-10,21,90
T001,2027-07-10,22,0
T001,2027-07-10,23,0
T005,2027-07-04,0,0
T005,2027-07-04,1,0
T005,2027-07-04,2,0
T005,2027-07-04,3,0
T005,2027-07-04,4,0
T005,2027-07-04,5,0
T005,2027-07-04,6,0
T005,2027-07-04,7,3
T005,2027-07-04,8,14
T005,2027-07-04,9,27
T005,2027-07-04,10,62
T005,2027-07-04,11,120
T005,2027-07-04,12,147
T005,2027-07-04,13,277
T005,2027-07-04,14,238
T005,2027-07-04,15,279
T005,2027-07-04,16,247
T005,2027-07-04,17,267
T005,2027-07-04,18,239
T005,2027-07-04,19,233
T005,2027-07-04,20,165
T005,2027-07-04,21,152
T005,2027-07-04,22,0
T005,2027-07-04,23,0
T005,2027-07-05,0,0
T005,2027-07-05,1,0
T005,2027-07-05,2,0
T005,2027-07-05,3,0
T005,2027-07-05,4,0
T005,2027-07-05,5,0
T005,2027-07-05,6,0
T005,2027-07-05,7,1
T005,2027-07-05,8,7
T005,2027-07-05,9,21
T005,2027-07-05,10,43
T005,2027-07-05,11,62
T005,2027-07-05,12,100
T005,2027-07-05,13,164
T005,2027-07-05,14,156
T005,2027-07-05,15,193
T005,2027-07-05,16,183
T005,2027-07-05,17,142
T005,2027-07-05,18,140
T005,2027-07-05,19,180
T005,2027-07-05,20,126
T005,2027-07-05,21,96
T005,2027-07-05,22,0
T005,2027-07-05,23,0
T005,2027-07-06,0,0
T005,2027-07-06,1,0
T005,2027-07-06,2,0
T005,2027-07-06,3,0
T005,2027-07-06,4,0
T005,2027-07-06,5,0
T005,2027-07-06,6,0
T005,2027-07-06,7,2
T005,2027-07-06,8,7
T005,2027-07-06,9,19
T005,2027-07-06,10,49
T005,2027-07-06,11,51
T005,2027-07-06,12,135
T005,2027-07-06,13,162
T005,2027-07-06,14,185
T005,2027-07-06,15,185
T005,2027-07-06,16,190
T005,2027-07-06,17,149
T005,2027-07-06,18,174
T005,2027-07-06,19,141
T005,2027-07-06,20,102
T005,2027-07-06,21,89
T005,2027-07-06,22,0
T005,2027-07-06,23,0
T005,2027-07-07,0,0
T005,2027-07-07,1,0
T005,2027-07-07,2,0
T005,2027-07-07,3,0
T005,2027-07-07,4,0
T005,2027-07-07,5,0
T005,2027-07-07,6,0
T005,2027-07-07,7,2
T005,2027-07-07,8,7
T005,2027-07-07,9,21
T005,2027-07-07,10,54
T005,2027-07-07,11,79
T005,2027-07-07,12,118
T005,2027-07-07,13,150
T005,2027-07-07,14,176
T005,2027-07-07,15,167
T005,2027-07-07,16,180
T005,2027-07-07,17,174
T005,2027-07-07,18,140
T005,2027-07-07,19,169
T005,2027-07-07,20,120
T005,2027-07-07,21,93
T005,2027-07-07,22,0
T005,2027-07-07,23,0
T005,2027-07-08,0,0
T005,2027-07-08,1,0
T005,2027-07-08,2,0
T005,2027-07-08,3,0
T005,2027-07-08,4,0
T005,2027-07-08,5,0
T005,2027-07-08,6,0
T005,2027-07-08,7,1
T005,2027-07-08,8,8
T005,2027-07-08,9,18
T005,2027-07-08,10,49
T005,2027-07-08,11,79
T005,2027-07-08,12,124
T005,2027-07-08,13,150
T005,2027-07-08,14,152
T005,2027-07-08,15,185
T005,2027-07-08,16,182
T005,2027-07-08,17,171
T005,2027-07-08,18,172
T005,2027-07-08,19,186
T005,2027-07-08,20,125
T005,2027-07-08,21,86
T005,2027-07-08,22,0
T005,2027-07-08,23,0
T005,2027-07-09,0,0
T005,2027-07-09,1,0
T005,2027-07-09,2,0
T005,2027-07-09,3,0
T005,2027-07-09,4,0
T005,2027-07-09,5,0
T005,2027-07-09,6,0
T005,2027-07-09,7,3
T005,2027-07-09,8,6
T005,2027-07-09,9,18
T005,2027-07-09,10,41
T005,2027-07-09,11,81
T005,2027-07-09,12,125
T005,2027-07-09,13,140
T005,2027-07-09,14,170
T005,2027-07-09,15,166
T005,2027-07-09,16,190
T005,2027-07-09,17,164
T005,2027-07-09,18,155
T005,2027-07-09,19,170
T005,2027-07-09,20,127
T005,2027-07-09,21,93
T005,2027-07-09,22,0
T005,2027-07-09,23,0
T005,2027-07-10,0,0
T005,2027-07-10,1,0
T005,2027-07-10,2,0
T005,2027-07-10,3,0
T005,2027-07-10,4,0
T005,2027-07-10,5,0
T005,2027-07-10,6,0
T005,2027-07-10,7,2
T005,2027-07-10,8,12
T005,2027-07-10,9,33
T005,2027-07-10,10,61
T005,2027-07-10,11,133
T005,2027-07-10,12,181
T005,2027-07-10,13,260
T005,2027-07-10,14,246
T005,2027-07-10,15,280
T005,2027-07-10,16,251
T005,2027-07-10,17,258
T005,2027-07-10,18,258
T005,2027-07-10,19,202
T005,2027-07-10,20,196
T005,2027-07-10,21,152
T005,2027-07-10,22,0
T005,2027-07-10,23,0
T007,2027-07-04,0,0
T007,2027-07-04,1,0
T007,2027-07-04,2,0
T007,2027-07-04,3,0
T007,2027-07-04,4,0
T007,2027-07-04,5,0
T007,2027-07-04,6,0
T007,2027-07-04,7,6
T007,2027-07-04,8,20
T007,2027-07-04,9,50
T007,2027-07-04,10,89
T007,2027-07-04,11,151
T007,2027-07-04,12,278
T007,2027-07-04,13,349
T007,2027-07-04,14,348
T007,2027-07-04,15,388
T007,2027-07-04,16,357
T007,2027-07-04,17,359
T007,2027-07-04,18,314
T007,2027-07-04,19,366
T007,2027-07-04,20,218
T007,2027-07-04,21,203
T007,2027-07-04,22,131
T007,2027-07-04,23,0
T007,2027-07-05,0,0
T007,2027-07-05,1,0
T007,2027-07-05,2,0
T007,2027-07-05,3,0
T007,2027-07-05,4,0
T007,2027-07-05,5,0
T007,2027-07-05,6,1
T007,2027-07-05,7,4
T007,2027-07-05,8,12
T007,2027-07-05,9,32
T007,2027-07-05,10,70
T007,2027-07-05,11,123
T007,2027-07-05,12,152
T007,2027-07-05,13,248
T007,2027-07-05,14,267
T007,2027-07-05,15,293
T007,2027-07-05,16,313
T007,2027-07-05,17,259
T007,2027-07-05,18,223
T007,2027-07-05,19,254
T007,2027-07-05,20,191
T007,2027-07-05,21,183
T007,2027-07-05,22,94
T007,2027-07-05,23,0
T007,2027-07-06,0,0
T007,2027-07-06,1,0
T007,2027-07-06,2,0
T007,2027-07-06,3,0
T007,2027-07-06,4,0
T007,2027-07-06,5,0
T007,2027-07-06,6,0
T007,2027-07-06,7,4
T007,2027-07-06,8,8
T007,2027-07-06,9,39
T007,2027-07-06,10,60
T007,2027-07-06,11,108
T007,2027-07-06,12,173
T007,2027-07-06,13,256
T007,2027-07-06,14,245
T007,2027-07-06,15,294
T007,2027-07-06,16,274
T007,2027-07-06,17,307
T007,2027-07-06,18,261
T007,2027-07-06,19,285
T007,2027-07-06,20,213
T007,2027-07-06,21,126
T007,2027-07-06,22,124
T007,2027-07-06,23,0
T007,2027-07-07,0,0
T007,2027-07-07,1,0
T007,2027-07-07,2,0
T007,2027-07-07,3,0
T007,2027-07-07,4,0
T007,2027-07-07,5,0
T007,2027-07-07,6,1
T007,2027-07-07,7,3
T007,2027-07-07,8,13
T007,2027-07-07,9,25
T007,2027-07-07,10,65
T007,2027-07-07,11,99
T007,2027-07-07,12,177
T007,2027-07-07,13,238
T007,2027-07-07,14,225
T007,2027-07-07,15,260
T007,2027-07-07,16,279
T007,2027-07-07,17,202
T007,2027-07-07,18,248
T007,2027-07-07,19,235
T007,2027-07-07,20,167
T007,2027-07-07,21,148
T007,2027-07-07,22,113
T007,2027-07-07,23,0
T007,2027-07-08,0,0
T007,2027-07-08,1,0
T007,2027-07-08,2,0
T007,2027-07-08,3,0
T007,2027-07-08,4,0
T007,2027-07-08,5,0
T007,2027-07-08,6,0
T007,2027-07-08,7,4
T007,2027-07-08,8,10
T007,2027-07-08,9,24
T007,2027-07-08,10,69
T007,2027-07-08,11,106
T007,2027-07-08,12,181
T007,2027-07-08,13,238
T007,2027-07-08,14,237
T007,2027-07-08,15,240
T007,2027-07-08,16,246
T007,2027-07-08,17,270
T007,2027-07-08,18,258
T007,2027-07-08,19,210
T007,2027-07-08,20,194
T007,2027-07-08,21,172
T007,2027-07-08,22,100
T007,2027-07-08,23,0
T007,2027-07-09,0,0
T007,2027-07-09,1,0
T007,2027-07-09,2,0
T007,2027-07-09,3,0
T007,2027-07-09,4,0
T007,2027-07-09,5,0
T007,2027-07-09,6,1
T007,2027-07-09,7,3
T007,2027-07-09,8,9
T007,2027-07-09,9,32
T007,2027-07-09,10,67
T007,2027-07-09,11,99
T007,2027-07-09,12,176
T007,2027-07-09,13,187
T007,2027-07-09,14,280
T007,2027-07-09,15,267
T007,2027-07-09,16,226
T007,2027-07-09,17,261
T007,2027-07-09,18,278
T007,2027-07-09,19,236
T007,2027-07-09,20,181
T007,2027-07-09,21,138
T007,2027-07-09,22,88
T007,2027-07-09,23,0
T007,2027-07-10,0,0
T007,2027-07-10,1,0
T007,2027-07-10,2,0
T007,2027-07-10,3,0
T007,2027-07-10,4,0
T007,2027-07-10,5,0
T007,2027-07-10,6,1
T007,2027-07-10,7,6
T007,2027-07-10,8,24
T007,2027-07-10,9,49
T007,2027-07-10,10,85
T007,2027-07-10,11,176
T007,2027-07-10,12,240
T007,2027-07-10,13,405
T007,2027-07-10,14,383
T007,2027-07-10,15,374
T007,2027-07-10,16,452
T007,2027-07-10,17,400
T007,2027-07-10,18,418
T007,2027-07-10,19,348
T007,2027-07-10,20,262
T007,2027-07-10,21,224
T007,2027-07-10,22,155
T007,2027-07-10,23,0
T001,2027-07-11,0,0
T001,2027-07-11,1,0
T001,2027-07-11,2,0
T001,2027-07-11,3,0
T001,2027-07-11,4,0
T001,2027-07-11,5,0
T001,2027-07-11,6,0
T001,2027-07-11,7,0
T001,2027-07-11,8,6
T001,2027-07-11,9,12
T001,2027-07-11,10,40
T001,2027-07-11,11,41
T001,2027-07-11,12,92
T001,2027-07-11,13,150
T001,2027-07-11,14,175
T001,2027-07-11,15,148
T001,2027-07-11,16,141
T001,2027-07-11,17,181
T001,2027-07-11,18,135
T001,2027-07-11,19,163
T001,2027-07-11,20,119
T001,2027-07-11,21,86
T001,2027-07-11,22,0
T001,2027-07-11,23,0
T001,2027-07-12,0,0
T001,2027-07-12,1,0
T001,2027-07-12,2,0
T001,2027-07-12,3,0
T001,2027-07-12,4,0
T001,2027-07-12,5,0
T001,2027-07-12,6,0
T001,2027-07-12,7,0
T001,2027-07-12,8,4
T001,2027-07-12,9,12
T001,2027-07-12,10,26
T001,2027-07-12,11,50
T001,2027-07-12,12,62
T001,2027-07-12,13,81
T001,2027-07-12,14,117
T001,2027-07-12,15,110
T001,2027-07-12,16,92
T001,2027-07-12,17,99
T001,2027-07-12,18,103
T001,2027-07-12,19,84
T001,2027-07-12,20,81
T001,2027-07-12,21,71
T001,2027-07-12,22,0
T001,2027-07-12,23,0
T001,2027-07-13,0,0
T001,2027-07-13,1,0
T001,2027-07-13,2,0
T001,2027-07-13,3,0
T001,2027-07-13,4,0
T001,2027-07-13,5,0
T001,2027-07-13,6,0
T001,2027-07-13,7,0
T001,2027-07-13,8,4
T001,2027-07-13,9,12
T001,2027-07-13,10,27
T001,2027-07-13,11,46
T001,2027-07-13,12,66
T001,2027-07-13,13,103
T001,2027-07-13,14,103
T001,2027-07-13,15,97
T001,2027-07-13,16,105
T001,2027-07-13,17,109
T001,2027-07-13,18,101
T001,2027-07-13,19,94
T001,2027-07-13,20,80
T001,2027-07-13,21,55
T001,2027-07-13,22,0
T001,2027-07-13,23,0
T001,2027-07-14,0,0
T001,2027-07-14,1,0
T001,2027-07-14,2,0
T001,2027-07-14,3,0
T001,2027-07-14,4,0
T001,2027-07-14,5,0
T001,2027-07-14,6,0
T001,2027-07-14,7,0
T001,2027-07-14,8,4
T001,2027-07-14,9,12
T001,2027-07-14,10,25
T001,2027-07-14,11,47
T001,2027-07-14,12,75
T001,2027-07-14,13,100
T001,2027-07-14,14,87
T001,2027-07-14,15,108
T001,2027-07-14,16,80
T001,2027-07-14,17,98
T001,2027-07-14,18,99
T001,2027-07-14,19,100
T001,2027-07-14,20,85
T001,2027-07-14,21,60
T001,2027-07-14,22,0
T001,2027-07-14,23,0
T001,2027-07-15,0,0
T001,2027-07-15,1,0
T001,2027-07-15,2,0
T001,2027-07-15,3,0
T001,2027-07-15,4,0
T001,2027-07-15,5,0
T001,2027-07-15,6,0
T001,2027-07-15,7,0
T001,2027-07-15,8,7
T001,2027-07-15,9,17
T001,2027-07-15,10,34
T001,2027-07-15,11,56
T001,2027-07-15,12,89
T001,2027-07-15,13,129
T001,2027-07-15,14,123
T001,2027-07-15,15,154
T001,2027-07-15,16,129
T001,2027-07-15,17,139
T001,2027-07-15,18,124
T001,2027-07-15,19,161
T001,2027-07-15,20,84
T001,2027-07-15,21,96
T001,2027-07-15,22,0
T001,2027-07-15,23,0
T001,2027-07-16,0,0
T001,2027-07-16,1,0
T001,2027-07-16,2,0
T001,2027-07-16,3,0
T001,2027-07-16,4,0
T001,2027-07-16,5,0
T001,2027-07-16,6,0
T001,2027-07-16,7,0
T001,2027-07-16,8,3
T001,2027-07-16,9,13
T001,2027-07-16,10,26
T001,2027-07-16,11,43
T001,2027-07-16,12,68
T001,2027-07-16,13,80
T001,2027-07-16,14,85
T001,2027-07-16,15,91
T001,2027-07-16,16,103
T001,2027-07-16,17,101
T001,2027-07-16,18,103
T001,2027-07-16,19,114
T001,2027-07-16,20,80
T001,2027-07-16,21,63
T001,2027-07-16,22,0
T001,2027-07-16,23,0
T001,2027-07-17,0,0
T001,2027-07-17,1,0
T001,2027-07-17,2,0
T001,2027-07-17,3,0
T001,2027-07-17,4,0
T001,2027-07-17,5,0
T001,2027-07-17,6,0
T001,2027-07-17,7,0
T001,2027-07-17,8,7
T001,2027-07-17,9,19
T001,2027-07-17,10,42
T001,2027-07-17,11,67
T001,2027-07-17,12,105
T001,2027-07-17,13,151
T001,2027-07-17,14,183
T001,2027-07-17,15,164
T001,2027-07-17,16,187
T001,2027-07-17,17,169
T001,2027-07-17,18,142
T001,2027-07-17,19,155
T001,2027-07-17,20,126
T001,2027-07-17,21,86
T001,2027-07-17,22,0
T001,2027-07-17,23,0
T005,2027-07-11,0,0
T005,2027-07-11,1,0
T005,2027-07-11,2,0
T005,2027-07-11,3,0
T005,2027-07-11,4,0
T005,2027-07-11,5,0
T005,2027-07-11,6,0
T005,2027-07-11,7,3
T005,2027-07-11,8,15
T005,2027-07-11,9,29
T005,2027-07-11,10,67
T005,2027-07-11,11,119
T005,2027-07-11,12,141
T005,2027-07-11,13,244
T005,2027-07-11,14,217
T005,2027-07-11,15,296
T005,2027-07-11,16,287
T005,2027-07-11,17,284
T005,2027-07-11,18,230
T005,2027-07-11,19,258
T005,2027-07-11,20,186
T005,2027-07-11,21,162
T005,2027-07-11,22,0
T005,2027-07-11,23,0
T005,2027-07-12,0,0
T005,2027-07-12,1,0
T005,2027-07-12,2,0
T005,2027-07-12,3,0
T005,2027-07-12,4,0
T005,2027-07-12,5,0
T005,2027-07-12,6,0
T005,2027-07-12,7,1
T005,2027-07-12,8,7
T005,2027-07-12,9,21
T005,2027-07-12,10,45
T005,2027-07-12,11,67
T005,2027-07-12,12,102
T005,2027-07-12,13,155
T005,2027-07-12,14,164
T005,2027-07-12,15,193
T005,2027-07-12,16,177
T005,2027-07-12,17,153
T005,2027-07-12,18,134
T005,2027-07-12,19,170
T005,2027-07-12,20,136
T005,2027-07-12,21,87
T005,2027-07-12,22,0
T005,2027-07-12,23,0
T005,2027-07-13,0,0
T005,2027-07-13,1,0
T005,2027-07-13,2,0
T005,2027-07-13,3,0
T005,2027-07-13,4,0
T005,2027-07-13,5,0
T005,2027-07-13,6,0
T005,2027-07-13,7,2
T005,2027-07-13,8,8
T005,2027-07-13,9,21
T005,2027-07-13,10,50
T005,2027-07-13,11,63
T005,2027-07-13,12,136
T005,2027-07-13,13,151
T005,2027-07-13,14,188
T005,2027-07-13,15,190
T005,2027-07-13,16,196
T005,2027-07-13,17,135
T005,2027-07-13,18,181
T005,2027-07-13,19,134
T005,2027-07-13,20,104
T005,2027-07-13,21,87
T005,2027-07-13,22,0
T005,2027-07-13,23,0
T005,2027-07-14,0,0
T005,2027-07-14,1,0
T005,2027-07-14,2,0
T005,2027-07-14,3,0
T005,2027-07-14,4,0
T005,2027-07-14,5,0
T005,2027-07-14,6,0
T005,2027-07-14,7,2
T005,2027-07-14,8,8
T005,2027-07-14,9,22
T005,2027-07-14,10,51
T005,2027-07-14,11,77
T005,2027-07-14,12,110
T005,2027-07-14,13,156
T005,2027-07-14,14,164
T005,2027-07-14,15,168
T005,2027-07-14,16,183
T005,2027-07-14,17,191
T005,2027-07-14,18,141
T005,2027-07-14,19,159
T005,2027-07-14,20,117
T005,2027-07-14,21,99
T005,2027-07-14,22,0
T005,2027-07-14,23,0
T005,2027-07-15,0,0
T005,2027-07-15,1,0
T005,2027-07-15,2,0
T005,2027-07-15,3,0
T005,2027-07-15,4,0
T005,2027-07-15,5,0
T005,2027-07-15,6,0
T005,2027-07-15,7,2
T005,2027-07-15,8,13
T005,2027-07-15,9,27
T005,2027-07-15,10,59
T005,2027-07-15,11,113
T005,2027-07-15,12,165
T005,2027-07-15,13,183
T005,2027-07-15,14,234
T005,2027-07-15,15,228
T005,2027-07-15,16,240
T005,2027-07-15,17,213
T005,2027-07-15,18,250
T005,2027-07-15,19,237
T005,2027-07-15,20,161
T005,2027-07-15,21,128
T005,2027-07-15,22,0
T005,2027-07-15,23,0
T005,2027-07-16,0,0
T005,2027-07-16,1,0
T005,2027-07-16,2,0
T005,2027-07-16,3,0
T005,2027-07-16,4,0
T005,2027-07-16,5,0
T005,2027-07-16,6,0
T005,2027-07-16,7,3
T005,2027-07-16,8,6
T005,2027-07-16,9,19
T005,2027-07-16,10,42
T005,2027-07-16,11,87
T005,2027-07-16,12,132
T005,2027-07-16,13,150
T005,2027-07-16,14,188
T005,2027-07-16,15,165
T005,2027-07-16,16,201
T005,2027-07-16,17,159
T005,2027-07-16,18,176
T005,2027-07-16,19,182
T005,2027-07-16,20,108
T005,2027-07-16,21,99
T005,2027-07-16,22,0
T005,2027-07-16,23,0
T005,2027-07-17,0,0
T005,2027-07-17,1,0
T005,2027-07-17,2,0
T005,2027-07-17,3,0
T005,2027-07-17,4,0
T005,2027-07-17,5,0
T005,2027-07-17,6,0
T005,2027-07-17,7,3
T005,2027-07-17,8,13
T005,2027-07-17,9,34
T005,2027-07-17,10,60
T005,2027-07-17,11,139
T005,2027-07-17,12,169
T005,2027-07-17,13,254
T005,2027-07-17,14,265
T005,2027-07-17,15,261
T005,2027-07-17,16,262
T005,2027-07-17,17,259
T005,2027-07-17,18,238
T005,2027-07-17,19,215
T005,2027-07-17,20,188
T005,2027-07-17,21,138
T005,2027-07-17,22,0
T005,2027-07-17,23,0
T007,2027-07-11,0,0
T007,2027-07-11,1,0
T007,2027-07-11,2,0
T007,2027-07-11,3,0
T007,2027-07-11,4,0
T007,2027-07-11,5,0
T007,2027-07-11,6,1
T007,2027-07-11,7,6
T007,2027-07-11,8,19
T007,2027-07-11,9,51
T007,2027-07-11,10,93
T007,2027-07-11,11,146
T007,2027-07-11,12,239
T007,2027-07-11,13,356
T007,2027-07-11,14,320
T007,2027-07-11,15,337
T007,2027-07-11,16,404
T007,2027-07-11,17,334
T007,2027-07-11,18,338
T007,2027-07-11,19,382
T007,2027-07-11,20,235
T007,2027-07-11,21,178
T007,2027-07-11,22,147
T007,2027-07-11,23,0
T007,2027-07-12,0,0
T007,2027-07-12,1,0
T007,2027-07-12,2,0
T007,2027-07-12,3,0
T007,2027-07-12,4,0
T007,2027-07-12,5,0
T007,2027-07-12,6,0
T007,2027-07-12,7,3
T007,2027-07-12,8,10
T007,2027-07-12,9,30
T007,2027-07-12,10,68
T007,2027-07-12,11,125
T007,2027-07-12,12,165
T007,2027-07-12,13,224
T007,2027-07-12,14,267
T007,2027-07-12,15,304
T007,2027-07-12,16,291
T007,2027-07-12,17,252
T007,2027-07-12,18,228
T007,2027-07-12,19,223
T007,2027-07-12,20,198
T007,2027-07-12,21,167
T007,2027-07-12,22,97
T007,2027-07-12,23,0
T007,2027-07-13,0,0
T007,2027-07-13,1,0
T007,2027-07-13,2,0
T007,2027-07-13,3,0
T007,2027-07-13,4,0
T007,2027-07-13,5,0
T007,2027-07-13,6,0
T007,2027-07-13,7,3
T007,2027-07-13,8,8
T007,2027-07-13,9,36
T007,2027-07-13,10,63
T007,2027-07-13,11,108
T007,2027-07-13,12,180
T007,2027-07-13,13,249
T007,2027-07-13,14,269
T007,2027-07-13,15,293
T007,2027-07-13,16,278
T007,2027-07-13,17,301
T007,2027-07-13,18,264
T007,2027-07-13,19,264
T007,2027-07-13,20,236
T007,2027-07-13,21,121
T007,2027-07-13,22,122
T007,2027-07-13,23,0
T007,2027-07-14,0,0
T007,2027-07-14,1,0
T007,2027-07-14,2,0
T007,2027-07-14,3,0
T007,2027-07-14,4,0
T007,2027-07-14,5,0
T007,2027-07-14,6,0
T007,2027-07-14,7,3
T007,2027-07-14,8,13
T007,2027-07-14,9,22
T007,2027-07-14,10,62
T007,2027-07-14,11,110
T007,2027-07-14,12,166
T007,2027-07-14,13,260
T007,2027-07-14,14,255
T007,2027-07-14,15,253
T007,2027-07-14,16,294
T007,2027-07-14,17,209
T007,2027-07-14,18,237
T007,2027-07-14,19,211
T007,2027-07-14,20,194
T007,2027-07-14,21,159
T007,2027-07-14,22,109
T007,2027-07-14,23,0
T007,2027-07-15,0,0
T007,2027-07-15,1,0
T007,2027-07-15,2,0
T007,2027-07-15,3,0
T007,2027-07-15,4,0
T007,2027-07-15,5,0
T007,2027-07-15,6,0
T007,2027-07-15,7,4
T007,2027-07-15,8,14
T007,2027-07-15,9,33
T007,2027-07-15,10,84
T007,2027-07-15,11,150
T007,2027-07-15,12,239
T007,2027-07-15,13,356
T007,2027-07-15,14,299
T007,2027-07-15,15,379
T007,2027-07-15,16,375
T007,2027-07-15,17,358
T007,2027-07-15,18,415
T007,2027-07-15,19,237
T007,2027-07-15,20,274
T007,2027-07-15,21,219
T007,2027-07-15,22,121
T007,2027-07-15,23,0
T007,2027-07-16,0,0
T007,2027-07-16,1,0
T007,2027-07-16,2,0
T007,2027-07-16,3,0
T007,2027-07-16,4,0
T007,2027-07-16,5,0
T007,2027-07-16,6,0
T007,2027-07-16,7,3
T007,2027-07-16,8,10
T007,2027-07-16,9,32
T007,2027-07-16,10,70
T007,2027-07-16,11,101
T007,2027-07-16,12,163
T007,2027-07-16,13,168
T007,2027-07-16,14,267
T007,2027-07-16,15,289
T007,2027-07-16,16,217
T007,2027-07-16,17,261
T007,2027-07-16,18,234
T007,2027-07-16,19,207
T007,2027-07-16,20,192
T007,2027-07-16,21,130
T007,2027-07-16,22,92
T007,2027-07-16,23,0
T007,2027-07-17,0,0
T007,2027-07-17,1,0
T007,2027-07-17,2,0
T007,2027-07-17,3,0
T007,2027-07-17,4,0
T007,2027-07-17,5,0
T007,2027-07-17,6,0
T007,2027-07-17,7,6
T007,2027-07-17,8,25
T007,2027-07-17,9,43
T007,2027-07-17,10,87
T007,2027-07-17,11,177
T007,2027-07-17,12,233
T007,2027-07-17,13,343
T007,2027-07-17,14,370
T007,2027-07-17,15,354
T007,2027-07-17,16,492
T007,2027-07-17,17,408
T007,2027-07-17,18,434
T007,2027-07-17,19,327
T007,2027-07-17,20,273
T007,2027-07-17,21,234
T007,2027-07-17,22,159
T007,2027-07-17,23,0
T001,2027-07-18,0,0
T001,2027-07-18,1,0
T001,2027-07-18,2,0
T001,2027-07-18,3,0
T001,2027-07-18,4,0
T001,2027-07-18,5,0
T001,2027-07-18,6,0
T001,2027-07-18,7,0
T001,2027-07-18,8,6
T001,2027-07-18,9,13
T001,2027-07-18,10,41
T001,2027-07-18,11,47
T001,2027-07-18,12,85
T001,2027-07-18,13,145
T001,2027-07-18,14,176
T001,2027-07-18,15,150
T001,2027-07-18,16,153
T001,2027-07-18,17,177
T001,2027-07-18,18,149
T001,2027-07-18,19,163
T001,2027-07-18,20,120
T001,2027-07-18,21,92
T001,2027-07-18,22,0
T001,2027-07-18,23,0
T001,2027-07-19,0,0
T001,2027-07-19,1,0
T001,2027-07-19,2,0
T001,2027-07-19,3,0
T001,2027-07-19,4,0
T001,2027-07-19,5,0
T001,2027-07-19,6,0
T001,2027-07-19,7,0
T001,2027-07-19,8,3
T001,2027-07-19,9,13
T001,2027-07-19,10,25
T001,2027-07-19,11,52
T001,2027-07-19,12,70
T001,2027-07-19,13,79
T001,2027-07-19,14,121
T001,2027-07-19,15,100
T001,2027-07-19,16,100
T001,2027-07-19,17,107
T001,2027-07-19,18,103
T001,2027-07-19,19,76
T001,2027-07-19,20,81
T001,2027-07-19,21,68
T001,2027-07-19,22,0
T001,2027-07-19,23,0
T001,2027-07-20,0,0
T001,2027-07-20,1,0
T001,2027-07-20,2,0
T001,2027-07-20,3,0
T001,2027-07-20,4,0
T001,2027-07-20,5,0
T001,2027-07-20,6,0
T001,2027-07-20,7,0
T001,2027-07-20,8,5
T001,2027-07-20,9,13
T001,2027-07-20,10,29
T001,2027-07-20,11,49
T001,2027-07-20,12,69
T001,2027-07-20,13,99
T001,2027-07-20,14,109
T001,2027-07-20,15,107
T001,2027-07-20,16,103
T001,2027-07-20,17,101
T001,2027-07-20,18,100
T001,2027-07-20,19,90
T001,2027-07-20,20,81
T001,2027-07-20,21,57
T001,2027-07-20,22,0
T001,2027-07-20,23,0
T001,2027-07-21,0,0
T001,2027-07-21,1,0
T001,2027-07-21,2,0
T001,2027-07-21,3,0
T001,2027-07-21,4,0
T001,2027-07-21,5,0
T001,2027-07-21,6,0
T001,2027-07-21,7,0
T001,2027-07-21,8,3
T001,2027-07-21,9,13
T001,2027-07-21,10,25
T001,2027-07-21,11,50
T001,2027-07-21,12,71
T001,2027-07-21,13,96
T001,2027-07-21,14,83
T001,2027-07-21,15,105
T001,2027-07-21,16,85
T001,2027-07-21,17,101
T001,2027-07-21,18,93
T001,2027-07-21,19,111
T001,2027-07-21,20,80
T001,2027-07-21,21,58
T001,2027-07-21,22,0
T001,2027-07-21,23,0
T001,2027-07-22,0,0
T001,2027-07-22,1,0
T001,2027-07-22,2,0
T001,2027-07-22,3,0
T001,2027-07-22,4,0
T001,2027-07-22,5,0
T001,2027-07-22,6,0
T001,2027-07-22,7,0
T001,2027-07-22,8,5
T001,2027-07-22,9,13
T001,2027-07-22,10,22
T001,2027-07-22,11,42
T001,2027-07-22,12,66
T001,2027-07-22,13,92
T001,2027-07-22,14,86
T001,2027-07-22,15,109
T001,2027-07-22,16,101
T001,2027-07-22,17,104
T001,2027-07-22,18,106
T001,2027-07-22,19,122
T001,2027-07-22,20,64
T001,2027-07-22,21,61
T001,2027-07-22,22,0
T001,2027-07-22,23,0
T001,2027-07-23,0,0
T001,2027-07-23,1,0
T001,2027-07-23,2,0
T001,2027-07-23,3,0
T001,2027-07-23,4,0
T001,2027-07-23,5,0
T001,2027-07-23,6,0
T001,2027-07-23,7,0
T001,2027-07-23,8,4
T001,2027-07-23,9,13
T001,2027-07-23,10,28
T001,2027-07-23,11,48
T001,2027-07-23,12,69
T001,2027-07-23,13,78
T001,2027-07-23,14,105
T001,2027-07-23,15,88
T001,2027-07-23,16,103
T001,2027-07-23,17,107
T001,2027-07-23,18,116
T001,2027-07-23,19,107
T001,2027-07-23,20,79
T001,2027-07-23,21,67
T001,2027-07-23,22,0
T001,2027-07-23,23,0
T001,2027-07-24,0,0
T001,2027-07-24,1,0
T001,2027-07-24,2,0
T001,2027-07-24,3,0
T001,2027-07-24,4,0
T001,2027-07-24,5,0
T001,2027-07-24,6,0
T001,2027-07-24,7,0
T001,2027-07-24,8,6
T001,2027-07-24,9,19
T001,2027-07-24,10,41
T001,2027-07-24,11,68
T001,2027-07-24,12,91
T001,2027-07-24,13,160
T001,2027-07-24,14,181
T001,2027-07-24,15,170
T001,2027-07-24,16,171
T001,2027-07-24,17,173
T001,2027-07-24,18,172
T001,2027-07-24,19,139
T001,2027-07-24,20,136
T001,2027-07-24,21,104
T001,2027-07-24,22,0
T001,2027-07-24,23,0
T005,2027-07-18,0,0
T005,2027-07-18,1,0
T005,2027-07-18,2,0
T005,2027-07-18,3,0
T005,2027-07-18,4,0
T005,2027-07-18,5,0
T005,2027-07-18,6,0
T005,2027-07-18,7,3
T005,2027-07-18,8,15
T005,2027-07-18,9,28
T005,2027-07-18,10,68
T005,2027-07-18,11,107
T005,2027-07-18,12,146
T005,2027-07-18,13,292
T005,2027-07-18,14,228
T005,2027-07-18,15,292
T005,2027-07-18,16,253
T005,2027-07-18,17,235
T005,2027-07-18,18,248
T005,2027-07-18,19,256
T005,2027-07-18,20,183
T005,2027-07-18,21,138
T005,2027-07-18,22,0
T005,2027-07-18,23,0
T005,2027-07-19,0,0
T005,2027-07-19,1,0
T005,2027-07-19,2,0
T005,2027-07-19,3,0
T005,2027-07-19,4,0
T005,2027-07-19,5,0
T005,2027-07-19,6,0
T005,2027-07-19,7,1
T005,2027-07-19,8,7
T005,2027-07-19,9,20
T005,2027-07-19,10,45
T005,2027-07-19,11,59
T005,2027-07-19,12,97
T005,2027-07-19,13,158
T005,2027-07-19,14,151
T005,2027-07-19,15,195
T005,2027-07-19,16,184
T005,2027-07-19,17,146
T005,2027-07-19,18,148
T005,2027-07-19,19,194
T005,2027-07-19,20,148
T005,2027-07-19,21,88
T005,2027-07-19,22,0
T005,2027-07-19,23,0
T005,2027-07-20,0,0
T005,2027-07-20,1,0
T005,2027-07-20,2,0
T005,2027-07-20,3,0
T005,2027-07-20,4,0
T005,2027-07-20,5,0
T005,2027-07-20,6,0
T005,2027-07-20,7,1
T005,2027-07-20,8,8
T005,2027-07-20,9,20
T005,2027-07-20,10,48
T005,2027-07-20,11,67
T005,2027-07-20,12,123
T005,2027-07-20,13,168
T005,2027-07-20,14,195
T005,2027-07-20,15,181
T005,2027-07-20,16,193
T005,2027-07-20,17,142
T005,2027-07-20,18,180
T005,2027-07-20,19,152
T005,2027-07-20,20,110
T005,2027-07-20,21,88
T005,2027-07-20,22,0
T005,2027-07-20,23,0
T005,2027-07-21,0,0
T005,2027-07-21,1,0
T005,2027-07-21,2,0
T005,2027-07-21,3,0
T005,2027-07-21,4,0
T005,2027-07-21,5,0
T005,2027-07-21,6,0
T005,2027-07-21,7,2
T005,2027-07-21,8,7
T005,2027-07-21,9,20
T005,2027-07-21,10,50
T005,2027-07-21,11,76
T005,2027-07-21,12,124
T005,2027-07-21,13,144
T005,2027-07-21,14,171
T005,2027-07-21,15,176
T005,2027-07-21,16,151
T005,2027-07-21,17,167
T005,2027-07-21,18,149
T005,2027-07-21,19,163
T005,2027-07-21,20,113
T005,2027-07-21,21,98
T005,2027-07-21,22,0
T005,2027-07-21,23,0
T005,2027-07-22,0,0
T005,2027-07-22,1,0
T005,2027-07-22,2,0
T005,2027-07-22,3,0
T005,2027-07-22,4,0
T005,2027-07-22,5,0
T005,2027-07-22,6,0
T005,2027-07-22,7,2
T005,2027-07-22,8,9
T005,2027-07-22,9,22
T005,2027-07-22,10,45
T005,2027-07-22,11,69
T005,2027-07-22,12,113
T005,2027-07-22,13,139
T005,2027-07-22,14,159
T005,2027-07-22,15,172
T005,2027-07-22,16,172
T005,2027-07-22,17,175
T005,2027-07-22,18,171
T005,2027-07-22,19,164
T005,2027-07-22,20,127
T005,2027-07-22,21,86
T005,2027-07-22,22,0
T005,2027-07-22,23,0
T005,2027-07-23,0,0
T005,2027-07-23,1,0
T005,2027-07-23,2,0
T005,2027-07-23,3,0
T005,2027-07-23,4,0
T005,2027-07-23,5,0
T005,2027-07-23,6,0
T005,2027-07-23,7,2
T005,2027-07-23,8,6
T005,2027-07-23,9,19
T005,2027-07-23,10,41
T005,2027-07-23,11,92
T005,2027-07-23,12,121
T005,2027-07-23,13,153
T005,2027-07-23,14,163
T005,2027-07-23,15,153
T005,2027-07-23,16,197
T005,2027-07-23,17,176
T005,2027-07-23,18,161
T005,2027-07-23,19,172
T005,2027-07-23,20,131
T005,2027-07-23,21,86
T005,2027-07-23,22,0
T005,2027-07-23,23,0
T005,2027-07-24,0,0
T005,2027-07-24,1,0
T005,2027-07-24,2,0
T005,2027-07-24,3,0
T005,2027-07-24,4,0
T005,2027-07-24,5,0
T005,2027-07-24,6,0
T005,2027-07-24,7,3
T005,2027-07-24,8,12
T005,2027-07-24,9,32
T005,2027-07-24,10,66
T005,2027-07-24,11,126
T005,2027-07-24,12,193
T005,2027-07-24,13,246
T005,2027-07-24,14,252
T005,2027-07-24,15,274
T005,2027-07-24,16,258
T005,2027-07-24,17,245
T005,2027-07-24,18,257
T005,2027-07-24,19,209
T005,2027-07-24,20,184
T005,2027-07-24,21,144
T005,2027-07-24,22,0
T005,2027-07-24,23,0
T007,2027-07-18,0,0
T007,2027-07-18,1,0
T007,2027-07-18,2,0
T007,2027-07-18,3,0
T007,2027-07-18,4,0
T007,2027-07-18,5,0
T007,2027-07-18,6,1
T007,2027-07-18,7,5
T007,2027-07-18,8,20
T007,2027-07-18,9,52
T007,2027-07-18,10,92
T007,2027-07-18,11,159
T007,2027-07-18,12,274
T007,2027-07-18,13,345
T007,2027-07-18,14,326
T007,2027-07-18,15,386
T007,2027-07-18,16,355
T007,2027-07-18,17,338
T007,2027-07-18,18,344
T007,2027-07-18,19,358
T007,2027-07-18,20,219
T007,2027-07-18,21,178
T007,2027-07-18,22,145
T007,2027-07-18,23,0
T007,2027-07-19,0,0
T007,2027-07-19,1,0
T007,2027-07-19,2,0
T007,2027-07-19,3,0
T007,2027-07-19,4,0
T007,2027-07-19,5,0
T007,2027-07-19,6,1
T007,2027-07-19,7,3
T007,2027-07-19,8,10
T007,2027-07-19,9,28
T007,2027-07-19,10,59
T007,2027-07-19,11,125
T007,2027-07-19,12,160
T007,2027-07-19,13,243
T007,2027-07-19,14,270
T007,2027-07-19,15,315
T007,2027-07-19,16,273
T007,2027-07-19,17,247
T007,2027-07-19,18,257
T007,2027-07-19,19,232
T007,2027-07-19,20,187
T007,2027-07-19,21,162
T007,2027-07-19,22,109
T007,2027-07-19,23,0
T007,2027-07-20,0,0
T007,2027-07-20,1,0
T007,2027-07-20,2,0
T007,2027-07-20,3,0
T007,2027-07-20,4,0
T007,2027-07-20,5,0
T007,2027-07-20,6,0
T007,2027-07-20,7,3
T007,2027-07-20,8,9
T007,2027-07-20,9,37
T007,2027-07-20,10,57
T007,2027-07-20,11,114
T007,2027-07-20,12,182
T007,2027-07-20,13,248
T007,2027-07-20,14,260
T007,2027-07-20,15,314
T007,2027-07-20,16,252
T007,2027-07-20,17,296
T007,2027-07-20,18,242
T007,2027-07-20,19,277
T007,2027-07-20,20,226
T007,2027-07-20,21,117
T007,2027-07-20,22,127
T007,2027-07-20,23,0
T007,2027-07-21,0,0
T007,2027-07-21,1,0
T007,2027-07-21,2,0
T007,2027-07-21,3,0
T007,2027-07-21,4,0
T007,2027-07-21,5,0
T007,2027-07-21,6,0
T007,2027-07-21,7,3
T007,2027-07-21,8,15
T007,2027-07-21,9,23
T007,2027-07-21,10,68
T007,2027-07-21,11,110
T007,2027-07-21,12,200
T007,2027-07-21,13,259
T007,2027-07-21,14,246
T007,2027-07-21,15,251
T007,2027-07-21,16,301
T007,2027-07-21,17,215
T007,2027-07-21,18,258
T007,2027-07-21,19,205
T007,2027-07-21,20,161
T007,2027-07-21,21,149
T007,2027-07-21,22,104
T007,2027-07-21,23,0
T007,2027-07-22,0,0
T007,2027-07-22,1,0
T007,2027-07-22,2,0
T007,2027-07-22,3,0
T007,2027-07-22,4,0
T007,2027-07-22,5,0
T007,2027-07-22,6,0
T007,2027-07-22,7,4
T007,2027-07-22,8,13
T007,2027-07-22,9,26
T007,2027-07-22,10,70
T007,2027-07-22,11,107
T007,2027-07-22,12,189
T007,2027-07-22,13,275
T007,2027-07-22,14,240
T007,2027-07-22,15,264
T007,2027-07-22,16,279
T007,2027-07-22,17,269
T007,2027-07-22,18,287
T007,2027-07-22,19,209
T007,2027-07-22,20,210
T007,2027-07-22,21,151
T007,2027-07-22,22,87
T007,2027-07-22,23,0
T007,2027-07-23,0,0
T007,2027-07-23,1,0
T007,2027-07-23,2,0
T007,2027-07-23,3,0
T007,2027-07-23,4,0
T007,2027-07-23,5,0
T007,2027-07-23,6,0
T007,2027-07-23,7,4
T007,2027-07-23,8,10
T007,2027-07-23,9,28
T007,2027-07-23,10,64
T007,2027-07-23,11,103
T007,2027-07-23,12,165
T007,2027-07-23,13,189
T007,2027-07-23,14,258
T007,2027-07-23,15,286
T007,2027-07-23,16,204
T007,2027-07-23,17,255
T007,2027-07-23,18,236
T007,2027-07-23,19,242
T007,2027-07-23,20,172
T007,2027-07-23,21,140
T007,2027-07-23,22,84
T007,2027-07-23,23,0
T007,2027-07-24,0,0
T007,2027-07-24,1,0
T007,2027-07-24,2,0
T007,2027-07-24,3,0
T007,2027-07-24,4,0
T007,2027-07-24,5,0
T007,2027-07-24,6,0
T007,2027-07-24,7,6
T007,2027-07-24,8,26
T007,2027-07-24,9,48
T007,2027-07-24,10,83
T007,2027-07-24,11,162
T007,2027-07-24,12,223
T007,2027-07-24,13,397
T007,2027-07-24,14,354
T007,2027-07-24,15,378
T007,2027-07-24,16,454
T007,2027-07-24,17,360
T007,2027-07-24,18,418
T007,2027-07-24,19,357
T007,2027-07-24,20,293
T007,2027-07-24,21,244
T007,2027-07-24,22,156
T007,2027-07-24,23,0
T001,2027-07-25,0,0
T001,2027-07-25,1,0
T001,2027-07-25,2,0
T001,2027-07-25,3,0
T001,2027-07-25,4,0
T001,2027-07-25,5,0
T001,2027-07-25,6,0
T001,2027-07-25,7,0
T001,2027-07-25,8,7
T001,2027-07-25,9,12
T001,2027-07-25,10,41
T001,2027-07-25,11,44
T001,2027-07-25,12,86
T001,2027-07-25,13,144
T001,2027-07-25,14,152
T001,2027-07-25,15,155
T001,2027-07-25,16,152
T001,2027-07-25,17,186
T001,2027-07-25,18,128
T001,2027-07-25,19,159
T001,2027-07-25,20,114
T001,2027-07-25,21,85
T001,2027-07-25,22,0
T001,2027-07-25,23,0
T001,2027-07-26,0,0
T001,2027-07-26,1,0
T001,2027-07-26,2,0
T001,2027-07-26,3,0
T001,2027-07-26,4,0
T001,2027-07-26,5,0
T001,2027-07-26,6,0
T001,2027-07-26,7,0
T001,2027-07-26,8,4
T001,2027-07-26,9,12
T001,2027-07-26,10,25
T001,2027-07-26,11,46
T001,2027-07-26,12,65
T001,2027-07-26,13,80
T001,2027-07-26,14,120
T001,2027-07-26,15,105
T001,2027-07-26,16,98
T001,2027-07-26,17,117
T001,2027-07-26,18,110
T001,2027-07-26,19,71
T001,2027-07-26,20,85
T001,2027-07-26,21,59
T001,2027-07-26,22,0
T001,2027-07-26,23,0
T001,2027-07-27,0,0
T001,2027-07-27,1,0
T001,2027-07-27,2,0
T001,2027-07-27,3,0
T001,2027-07-27,4,0
T001,2027-07-27,5,0
T001,2027-07-27,6,0
T001,2027-07-27,7,0
T001,2027-07-27,8,5
T001,2027-07-27,9,13
T001,2027-07-27,10,27
T001,2027-07-27,11,46
T001,2027-07-27,12,71
T001,2027-07-27,13,104
T001,2027-07-27,14,103
T001,2027-07-27,15,104
T001,2027-07-27,16,102
T001,2027-07-27,17,117
T001,2027-07-27,18,97
T001,2027-07-27,19,101
T001,2027-07-27,20,83
T001,2027-07-27,21,59
T001,2027-07-27,22,0
T001,2027-07-27,23,0
T001,2027-07-28,0,0
T001,2027-07-28,1,0
T001,2027-07-28,2,0
T001,2027-07-28,3,0
T001,2027-07-28,4,0
T001,2027-07-28,5,0
T001,2027-07-28,6,0
T001,2027-07-28,7,0
T001,2027-07-28,8,4
T001,2027-07-28,9,12
T001,2027-07-28,10,26
T001,2027-07-28,11,49
T001,2027-07-28,12,70
T001,2027-07-28,13,98
T001,2027-07-28,14,85
T001,2027-07-28,15,108
T001,2027-07-28,16,85
T001,2027-07-28,17,104
T001,2027-07-28,18,97
T001,2027-07-28,19,100
T001,2027-07-28,20,82
T001,2027-07-28,21,59
T001,2027-07-28,22,0
T001,2027-07-28,23,0
T001,2027-07-29,0,0
T001,2027-07-29,1,0
T001,2027-07-29,2,0
T001,2027-07-29,3,0
T001,2027-07-29,4,0
T001,2027-07-29,5,0
T001,2027-07-29,6,0
T001,2027-07-29,7,0
T001,2027-07-29,8,5
T001,2027-07-29,9,13
T001,2027-07-29,10,23
T001,2027-07-29,11,41
T001,2027-07-29,12,77
T001,2027-07-29,13,90
T001,2027-07-29,14,97
T001,2027-07-29,15,120
T001,2027-07-29,16,94
T001,2027-07-29,17,110
T001,2027-07-29,18,103
T001,2027-07-29,19,122
T001,2027-07-29,20,74
T001,2027-07-29,21,69
T001,2027-07-29,22,0
T001,2027-07-29,23,0
T001,2027-07-30,0,0
T001,2027-07-30,1,0
T001,2027-07-30,2,0
T001,2027-07-30,3,0
T001,2027-07-30,4,0
T001,2027-07-30,5,0
T001,2027-07-30,6,0
T001,2027-07-30,7,0
T001,2027-07-30,8,6
T001,2027-07-30,9,19
T001,2027-07-30,10,38
T001,2027-07-30,11,62
T001,2027-07-30,12,83
T001,2027-07-30,13,106
T001,2027-07-30,14,136
T001,2027-07-30,15,132
T001,2027-07-30,16,134
T001,2027-07-30,17,129
T001,2027-07-30,18,165
T001,2027-07-30,19,150
T001,2027-07-30,20,101
T001,2027-07-30,21,87
T001,2027-07-30,22,0
T001,2027-07-30,23,0
T001,2027-07-31,0,0
T001,2027-07-31,1,0
T001,2027-07-31,2,0
T001,2027-07-31,3,0
T001,2027-07-31,4,0
T001,2027-07-31,5,0
T001,2027-07-31,6,0
T001,2027-07-31,7,0
T001,2027-07-31,8,9
T001,2027-07-31,9,23
T001,2027-07-31,10,55
T001,2027-07-31,11,101
T001,2027-07-31,12,130
T001,2027-07-31,13,220
T001,2027-07-31,14,262
T001,2027-07-31,15,217
T001,2027-07-31,16,239
T001,2027-07-31,17,220
T001,2027-07-31,18,215
T001,2027-07-31,19,181
T001,2027-07-31,20,158
T001,2027-07-31,21,135
T001,2027-07-31,22,0
T001,2027-07-31,23,0
T005,2027-07-25,0,0
T005,2027-07-25,1,0
T005,2027-07-25,2,0
T005,2027-07-25,3,0
T005,2027-07-25,4,0
T005,2027-07-25,5,0
T005,2027-07-25,6,0
T005,2027-07-25,7,4
T005,2027-07-25,8,15
T005,2027-07-25,9,28
T005,2027-07-25,10,74
T005,2027-07-25,11,117
T005,2027-07-25,12,162
T005,2027-07-25,13,261
T005,2027-07-25,14,227
T005,2027-07-25,15,248
T005,2027-07-25,16,282
T005,2027-07-25,17,295
T005,2027-07-25,18,229
T005,2027-07-25,19,245
T005,2027-07-25,20,173
T005,2027-07-25,21,145
T005,2027-07-25,22,0
T005,2027-07-25,23,0
T005,2027-07-26,0,0
T005,2027-07-26,1,0
T005,2027-07-26,2,0
T005,2027-07-26,3,0
T005,2027-07-26,4,0
T005,2027-07-26,5,0
T005,2027-07-26,6,0
T005,2027-07-26,7,2
T005,2027-07-26,8,6
T005,2027-07-26,9,22
T005,2027-07-26,10,47
T005,2027-07-26,11,61
T005,2027-07-26,12,94
T005,2027-07-26,13,163
T005,2027-07-26,14,169
T005,2027-07-26,15,180
T005,2027-07-26,16,190
T005,2027-07-26,17,144
T005,2027-07-26,18,133
T005,2027-07-26,19,182
T005,2027-07-26,20,134
T005,2027-07-26,21,93
T005,2027-07-26,22,0
T005,2027-07-26,23,0
T005,2027-07-27,0,0
T005,2027-07-27,1,0
T005,2027-07-27,2,0
T005,2027-07-27,3,0
T005,2027-07-27,4,0
T005,2027-07-27,5,0
T005,2027-07-27,6,0
T005,2027-07-27,7,2
T005,2027-07-27,8,7
T005,2027-07-27,9,19
T005,2027-07-27,10,46
T005,2027-07-27,11,57
T005,2027-07-27,12,121
T005,2027-07-27,13,156
T005,2027-07-27,14,198
T005,2027-07-27,15,185
T005,2027-07-27,16,206
T005,2027-07-27,17,160
T005,2027-07-27,18,192
T005,2027-07-27,19,150
T005,2027-07-27,20,114
T005,2027-07-27,21,84
T005,2027-07-27,22,0
T005,2027-07-27,23,0
T005,2027-07-28,0,0
T005,2027-07-28,1,0
T005,2027-07-28,2,0
T005,2027-07-28,3,0
T005,2027-07-28,4,0
T005,2027-07-28,5,0
T005,2027-07-28,6,0
T005,2027-07-28,7,2
T005,2027-07-28,8,8
T005,2027-07-28,9,20
T005,2027-07-28,10,45
T005,2027-07-28,11,70
T005,2027-07-28,12,126
T005,2027-07-28,13,158
T005,2027-07-28,14,168
T005,2027-07-28,15,159
T005,2027-07-28,16,175
T005,2027-07-28,17,165
T005,2027-07-28,18,143
T005,2027-07-28,19,159
T005,2027-07-28,20,116
T005,2027-07-28,21,102
T005,2027-07-28,22,0
T005,2027-07-28,23,0
T005,2027-07-29,0,0
T005,2027-07-29,1,0
T005,2027-07-29,2,0
T005,2027-07-29,3,0
T005,2027-07-29,4,0
T005,2027-07-29,5,0
T005,2027-07-29,6,0
T005,2027-07-29,7,1
T005,2027-07-29,8,8
T005,2027-07-29,9,21
T005,2027-07-29,10,46
T005,2027-07-29,11,71
T005,2027-07-29,12,129
T005,2027-07-29,13,138
T005,2027-07-29,14,140
T005,2027-07-29,15,176
T005,2027-07-29,16,174
T005,2027-07-29,17,181
T005,2027-07-29,18,180
T005,2027-07-29,19,194
T005,2027-07-29,20,127
T005,2027-07-29,21,88
T005,2027-07-29,22,0
T005,2027-07-29,23,0
T005,2027-07-30,0,0
T005,2027-07-30,1,0
T005,2027-07-30,2,0
T005,2027-07-30,3,0
T005,2027-07-30,4,0
T005,2027-07-30,5,0
T005,2027-07-30,6,0
T005,2027-07-30,7,4
T005,2027-07-30,8,9
T005,2027-07-30,9,26
T005,2027-07-30,10,51
T005,2027-07-30,11,126
T005,2027-07-30,12,172
T005,2027-07-30,13,204
T005,2027-07-30,14,240
T005,2027-07-30,15,205
T005,2027-07-30,16,299
T005,2027-07-30,17,220
T005,2027-07-30,18,231
T005,2027-07-30,19,215
T005,2027-07-30,20,178
T005,2027-07-30,21,135
T005,2027-07-30,22,0
T005,2027-07-30,23,0
T005,2027-07-31,0,0
T005,2027-07-31,1,0
T005,2027-07-31,2,0
T005,2027-07-31,3,0
T005,2027-07-31,4,0
T005,2027-07-31,5,0
T005,2027-07-31,6,0
T005,2027-07-31,7,4
T005,2027-07-31,8,17
T005,2027-07-31,9,40
T005,2027-07-31,10,81
T005,2027-07-31,11,193
T005,2027-07-31,12,245
T005,2027-07-31,13,366
T005,2027-07-31,14,348
T005,2027-07-31,15,366
T005,2027-07-31,16,344
T005,2027-07-31,17,333
T005,2027-07-31,18,332
T005,2027-07-31,19,271
T005,2027-07-31,20,275
T005,2027-07-31,21,186
T005,2027-07-31,22,0
T005,2027-07-31,23,0
T007,2027-07-25,0,0
T007,2027-07-25,1,0
T007,2027-07-25,2,0
T007,2027-07-25,3,0
T007,2027-07-25,4,0
T007,2027-07-25,5,0
T007,2027-07-25,6,1
T007,2027-07-25,7,6
T007,2027-07-25,8,19
T007,2027-07-25,9,49
T007,2027-07-25,10,88
T007,2027-07-25,11,133
T007,2027-07-25,12,247
T007,2027-07-25,13,338
T007,2027-07-25,14,320
T007,2027-07-25,15,352
T007,2027-07-25,16,350
T007,2027-07-25,17,398
T007,2027-07-25,18,317
T007,2027-07-25,19,378
T007,2027-07-25,20,261
T007,2027-07-25,21,192
T007,2027-07-25,22,134
T007,2027-07-25,23,0
T007,2027-07-26,0,0
T007,2027-07-26,1,0
T007,2027-07-26,2,0
T007,2027-07-26,3,0
T007,2027-07-26,4,0
T007,2027-07-26,5,0
T007,2027-07-26,6,0
T007,2027-07-26,7,3
T007,2027-07-26,8,9
T007,2027-07-26,9,29
T007,2027-07-26,10,61
T007,2027-07-26,11,120
T007,2027-07-26,12,151
T007,2027-07-26,13,242
T007,2027-07-26,14,270
T007,2027-07-26,15,341
T007,2027-07-26,16,323
T007,2027-07-26,17,275
T007,2027-07-26,18,227
T007,2027-07-26,19,249
T007,2027-07-26,20,173
T007,2027-07-26,21,167
T007,2027-07-26,22,96
T007,2027-07-26,23,0
T007,2027-07-27,0,0
T007,2027-07-27,1,0
T007,2027-07-27,2,0
T007,2027-07-27,3,0
T007,2027-07-27,4,0
T007,2027-07-27,5,0
T007,2027-07-27,6,1
T007,2027-07-27,7,3
T007,2027-07-27,8,8
T007,2027-07-27,9,33
T007,2027-07-27,10,64
T007,2027-07-27,11,116
T007,2027-07-27,12,180
T007,2027-07-27,13,233
T007,2027-07-27,14,276
T007,2027-07-27,15,288
T007,2027-07-27,16,285
T007,2027-07-27,17,294
T007,2027-07-27,18,260
T007,2027-07-27,19,286
T007,2027-07-27,20,211
T007,2027-07-27,21,119
T007,2027-07-27,22,132
T007,2027-07-27,23,0
T007,2027-07-28,0,0
T007,2027-07-28,1,0
T007,2027-07-28,2,0
T007,2027-07-28,3,0
T007,2027-07-28,4,0
T007,2027-07-28,5,0
T007,2027-07-28,6,0
T007,2027-07-28,7,3
T007,2027-07-28,8,14
T007,2027-07-28,9,24
T007,2027-07-28,10,57
T007,2027-07-28,11,127
T007,2027-07-28,12,176
T007,2027-07-28,13,233
T007,2027-07-28,14,237
T007,2027-07-28,15,271
T007,2027-07-28,16,287
T007,2027-07-28,17,197
T007,2027-07-28,18,239
T007,2027-07-28,19,222
T007,2027-07-28,20,182
T007,2027-07-28,21,151
T007,2027-07-28,22,109
T007,2027-07-28,23,0
T007,2027-07-29,0,0
T007,2027-07-29,1,0
T007,2027-07-29,2,0
T007,2027-07-29,3,0
T007,2027-07-29,4,0
T007,2027-07-29,5,0
T007,2027-07-29,6,1
T007,2027-07-29,7,4
T007,2027-07-29,8,10
T007,2027-07-29,9,23
T007,2027-07-29,10,67
T007,2027-07-29,11,106
T007,2027-07-29,12,158
T007,2027-07-29,13,238
T007,2027-07-29,14,223
T007,2027-07-29,15,247
T007,2027-07-29,16,267
T007,2027-07-29,17,272
T007,2027-07-29,18,274
T007,2027-07-29,19,196
T007,2027-07-29,20,209
T007,2027-07-29,21,182
T007,2027-07-29,22,99
T007,2027-07-29,23,0
T007,2027-07-30,0,0
T007,2027-07-30,1,0
T007,2027-07-30,2,0
T007,2027-07-30,3,0
T007,2027-07-30,4,0
T007,2027-07-30,5,0
T007,2027-07-30,6,0
T007,2027-07-30,7,6
T007,2027-07-30,8,14
T007,2027-07-30,9,42
T007,2027-07-30,10,88
T007,2027-07-30,11,127
T007,2027-07-30,12,211
T007,2027-07-30,13,257
T007,2027-07-30,14,383
T007,2027-07-30,15,363
T007,2027-07-30,16,290
T007,2027-07-30,17,386
T007,2027-07-30,18,311
T007,2027-07-30,19,355
T007,2027-07-30,20,277
T007,2027-07-30,21,183
T007,2027-07-30,22,117
T007,2027-07-30,23,0
T007,2027-07-31,0,0
T007,2027-07-31,1,0
T007,2027-07-31,2,0
T007,2027-07-31,3,0
T007,2027-07-31,4,0
T007,2027-07-31,5,0
T007,2027-07-31,6,2
T007,2027-07-31,7,7
T007,2027-07-31,8,33
T007,2027-07-31,9,66
T007,2027-07-31,10,111
T007,2027-07-31,11,247
T007,2027-07-31,12,311
T007,2027-07-31,13,497
T007,2027-07-31,14,469
T007,2027-07-31,15,511
T007,2027-07-31,16,651
T007,2027-07-31,17,523
T007,2027-07-31,18,516
T007,2027-07-31,19,430
T007,2027-07-31,20,317
T007,2027-07-31,21,299
T007,2027-07-31,22,204
T007,2027-07-31,23,0
T001,2027-08-01,0,0
T001,2027-08-01,1,0
T001,2027-08-01,2,0
T001,2027-08-01,3,0
T001,2027-08-01,4,0
T001,2027-08-01,5,0
T001,2027-08-01,6,0
T001,2027-08-01,7,0
T001,2027-08-01,8,10
T001,2027-08-01,9,16
T001,2027-08-01,10,51
T001,2027-08-01,11,56
T001,2027-08-01,12,114
T001,2027-08-01,13,176
T001,2027-08-01,14,211
T001,2027-08-01,15,192
T001,2027-08-01,16,194
T001,2027-08-01,17,230
T001,2027-08-01,18,201
T001,2027-08-01,19,221
T001,2027-08-01,20,154
T001,2027-08-01,21,113
T001,2027-08-01,22,0
T001,2027-08-01,23,0
T001,2027-08-02,0,0
T001,2027-08-02,1,0
T001,2027-08-02,2,0
T001,2027-08-02,3,0
T001,2027-08-02,4,0
T001,2027-08-02,5,0
T001,2027-08-02,6,0
T001,2027-08-02,7,0
T001,2027-08-02,8,4
T001,2027-08-02,9,11
T001,2027-08-02,10,25
T001,2027-08-02,11,44
T001,2027-08-02,12,62
T001,2027-08-02,13,78
T001,2027-08-02,14,111
T001,2027-08-02,15,105
T001,2027-08-02,16,95
T001,2027-08-02,17,105
T001,2027-08-02,18,93
T001,2027-08-02,19,72
T001,2027-08-02,20,80
T001,2027-08-02,21,61
T001,2027-08-02,22,0
T001,2027-08-02,23,0
T001,2027-08-03,0,0
T001,2027-08-03,1,0
T001,2027-08-03,2,0
T001,2027-08-03,3,0
T001,2027-08-03,4,0
T001,2027-08-03,5,0
T001,2027-08-03,6,0
T001,2027-08-03,7,0
T001,2027-08-03,8,5
T001,2027-08-03,9,11
T001,2027-08-03,10,26
T001,2027-08-03,11,46
T001,2027-08-03,12,73
T001,2027-08-03,13,94
T001,2027-08-03,14,101
T001,2027-08-03,15,92
T001,2027-08-03,16,98
T001,2027-08-03,17,116
T001,2027-08-03,18,95
T001,2027-08-03,19,97
T001,2027-08-03,20,75
T001,2027-08-03,21,54
T001,2027-08-03,22,0
T001,2027-08-03,23,0
T001,2027-08-04,0,0
T001,2027-08-04,1,0
T001,2027-08-04,2,0
T001,2027-08-04,3,0
T001,2027-08-04,4,0
T001,2027-08-04,5,0
T001,2027-08-04,6,0
T001,2027-08-04,7,0
T001,2027-08-04,8,3
T001,2027-08-04,9,11
T001,2027-08-04,10,26
T001,2027-08-04,11,40
T001,2027-08-04,12,70
T001,2027-08-04,13,92
T001,2027-08-04,14,82
T001,2027-08-04,15,97
T001,2027-08-04,16,87
T001,2027-08-04,17,93
T001,2027-08-04,18,94
T001,2027-08-04,19,99
T001,2027-08-04,20,84
T001,2027-08-04,21,58
T001,2027-08-04,22,0
T001,2027-08-04,23,0
T001,2027-08-05,0,0
T001,2027-08-05,1,0
T001,2027-08-05,2,0
T001,2027-08-05,3,0
T001,2027-08-05,4,0
T001,2027-08-05,5,0
T001,2027-08-05,6,0
T001,2027-08-05,7,0
T001,2027-08-05,8,4
T001,2027-08-05,9,12
T001,2027-08-05,10,23
T001,2027-08-05,11,36
T001,2027-08-05,12,63
T001,2027-08-05,13,94
T001,2027-08-05,14,83
T001,2027-08-05,15,110
T001,2027-08-05,16,87
T001,2027-08-05,17,98
T001,2027-08-05,18,98
T001,2027-08-05,19,106
T001,2027-08-05,20,64
T001,2027-08-05,21,66
T001,2027-08-05,22,0
T001,2027-08-05,23,0
T001,2027-08-06,0,0
T001,2027-08-06,1,0
T001,2027-08-06,2,0
T001,2027-08-06,3,0
T001,2027-08-06,4,0
T001,2027-08-06,5,0
T001,2027-08-06,6,0
T001,2027-08-06,7,0
T001,2027-08-06,8,4
T001,2027-08-06,9,12
T001,2027-08-06,10,26
T001,2027-08-06,11,42
T001,2027-08-06,12,64
T001,2027-08-06,13,83
T001,2027-08-06,14,105
T001,2027-08-06,15,86
T001,2027-08-06,16,95
T001,2027-08-06,17,93
T001,2027-08-06,18,108
T001,2027-08-06,19,102
T001,2027-08-06,20,68
T001,2027-08-06,21,61
T001,2027-08-06,22,0
T001,2027-08-06,23,0
T001,2027-08-07,0,0
T001,2027-08-07,1,0
T001,2027-08-07,2,0
T001,2027-08-07,3,0
T001,2027-08-07,4,0
T001,2027-08-07,5,0
T001,2027-08-07,6,0
T001,2027-08-07,7,0
T001,2027-08-07,8,7
T001,2027-08-07,9,18
T001,2027-08-07,10,40
T001,2027-08-07,11,66
T001,2027-08-07,12,94
T001,2027-08-07,13,144
T001,2027-08-07,14,166
T001,2027-08-07,15,159
T001,2027-08-07,16,159
T001,2027-08-07,17,172
T001,2027-08-07,18,156
T001,2027-08-07,19,137
T001,2027-08-07,20,119
T001,2027-08-07,21,88
T001,2027-08-07,22,0
T001,2027-08-07,23,0
T005,2027-08-01,0,0
T005,2027-08-01,1,0
T005,2027-08-01,2,0
T005,2027-08-01,3,0
T005,2027-08-01,4,0
T005,2027-08-01,5,0
T005,2027-08-01,6,0
T005,2027-08-01,7,6
T005,2027-08-01,8,17
T005,2027-08-01,9,38
T005,2027-08-01,10,93
T005,2027-08-01,11,145
T005,2027-08-01,12,186
T005,2027-08-01,13,339
T005,2027-08-01,14,294
T005,2027-08-01,15,344
T005,2027-08-01,16,370
T005,2027-08-01,17,375
T005,2027-08-01,18,304
T005,2027-08-01,19,328
T005,2027-08-01,20,229
T005,2027-08-01,21,181
T005,2027-08-01,22,0
T005,2027-08-01,23,0
T005,2027-08-02,0,0
T005,2027-08-02,1,0
T005,2027-08-02,2,0
T005,2027-08-02,3,0
T005,2027-08-02,4,0
T005,2027-08-02,5,0
T005,2027-08-02,6,0
T005,2027-08-02,7,2
T005,2027-08-02,8,6
T005,2027-08-02,9,20
T005,2027-08-02,10,40
T005,2027-08-02,11,63
T005,2027-08-02,12,93
T005,2027-08-02,13,153
T005,2027-08-02,14,152
T005,2027-08-02,15,186
T005,2027-08-02,16,177
T005,2027-08-02,17,153
T005,2027-08-02,18,138
T005,2027-08-02,19,179
T005,2027-08-02,20,128
T005,2027-08-02,21,100
T005,2027-08-02,22,0
T005,2027-08-02,23,0
T005,2027-08-03,0,0
T005,2027-08-03,1,0
T005,2027-08-03,2,0
T005,2027-08-03,3,0
T005,2027-08-03,4,0
T005,2027-08-03,5,0
T005,2027-08-03,6,0
T005,2027-08-03,7,1
T005,2027-08-03,8,7
T005,2027-08-03,9,19
T005,2027-08-03,10,45
T005,2027-08-03,11,61
T005,2027-08-03,12,126
T005,2027-08-03,13,168
T005,2027-08-03,14,175
T005,2027-08-03,15,177
T005,2027-08-03,16,194
T005,2027-08-03,17,142
T005,2027-08-03,18,170
T005,2027-08-03,19,136
T005,2027-08-03,20,112
T005,2027-08-03,21,76
T005,2027-08-03,22,0
T005,2027-08-03,23,0
T005,2027-08-04,0,0
T005,2027-08-04,1,0
T005,2027-08-04,2,0
T005,2027-08-04,3,0
T005,2027-08-04,4,0
T005,2027-08-04,5,0
T005,2027-08-04,6,0
T005,2027-08-04,7,3
T005,2027-08-04,8,8
T005,2027-08-04,9,21
T005,2027-08-04,10,41
T005,2027-08-04,11,65
T005,2027-08-04,12,109
T005,2027-08-04,13,137
T005,2027-08-04,14,176
T005,2027-08-04,15,171
T005,2027-08-04,16,174
T005,2027-08-04,17,154
T005,2027-08-04,18,138
T005,2027-08-04,19,152
T005,2027-08-04,20,109
T005,2027-08-04,21,98
T005,2027-08-04,22,0
T005,2027-08-04,23,0
T005,2027-08-05,0,0
T005,2027-08-05,1,0
T005,2027-08-05,2,0
T005,2027-08-05,3,0
T005,2027-08-05,4,0
T005,2027-08-05,5,0
T005,2027-08-05,6,0
T005,2027-08-05,7,1
T005,2027-08-05,8,9
T005,2027-08-05,9,21
T005,2027-08-05,10,39
T005,2027-08-05,11,78
T005,2027-08-05,12,105
T005,2027-08-05,13,132
T005,2027-08-05,14,141
T005,2027-08-05,15,151
T005,2027-08-05,16,171
T005,2027-08-05,17,157
T005,2027-08-05,18,158
T005,2027-08-05,19,152
T005,2027-08-05,20,103
T005,2027-08-05,21,89
T005,2027-08-05,22,0
T005,2027-08-05,23,0
T005,2027-08-06,0,0
T005,2027-08-06,1,0
T005,2027-08-06,2,0
T005,2027-08-06,3,0
T005,2027-08-06,4,0
T005,2027-08-06,5,0
T005,2027-08-06,6,0
T005,2027-08-06,7,2
T005,2027-08-06,8,6
T005,2027-08-06,9,18
T005,2027-08-06,10,38
T005,2027-08-06,11,80
T005,2027-08-06,12,117
T005,2027-08-06,13,135
T005,2027-08-06,14,159
T005,2027-08-06,15,169
T005,2027-08-06,16,197
T005,2027-08-06,17,170
T005,2027-08-06,18,153
T005,2027-08-06,19,145
T005,2027-08-06,20,102
T005,2027-08-06,21,90
T005,2027-08-06,22,0
T005,2027-08-06,23,0
T005,2027-08-07,0,0
T005,2027-08-07,1,0
T005,2027-08-07,2,0
T005,2027-08-07,3,0
T005,2027-08-07,4,0
T005,2027-08-07,5,0
T005,2027-08-07,6,0
T005,2027-08-07,7,2
T005,2027-08-07,8,11
T005,2027-08-07,9,30
T005,2027-08-07,10,57
T005,2027-08-07,11,136
T005,2027-08-07,12,170
T005,2027-08-07,13,243
T005,2027-08-07,14,244
T005,2027-08-07,15,269
T005,2027-08-07,16,227
T005,2027-08-07,17,245
T005,2027-08-07,18,236
T005,2027-08-07,19,190
T005,2027-08-07,20,185
T005,2027-08-07,21,144
T005,2027-08-07,22,0
T005,2027-08-07,23,0
T007,2027-08-01,0,0
T007,2027-08-01,1,0
T007,2027-08-01,2,0
T007,2027-08-01,3,0
T007,2027-08-01,4,0
T007,2027-08-01,5,0
T007,2027-08-01,6,1
T007,2027-08-01,7,7
T007,2027-08-01,8,26
T007,2027-08-01,9,61
T007,2027-08-01,10,124
T007,2027-08-01,11,184
T007,2027-08-01,12,340
T007,2027-08-01,13,452
T007,2027-08-01,14,452
T007,2027-08-01,15,510
T007,2027-08-01,16,477
T007,2027-08-01,17,528
T007,2027-08-01,18,433
T007,2027-08-01,19,465
T007,2027-08-01,20,325
T007,2027-08-01,21,258
T007,2027-08-01,22,179
T007,2027-08-01,23,0
T007,2027-08-02,0,0
T007,2027-08-02,1,0
T007,2027-08-02,2,0
T007,2027-08-02,3,0
T007,2027-08-02,4,0
T007,2027-08-02,5,0
T007,2027-08-02,6,1
T007,2027-08-02,7,4
T007,2027-08-02,8,11
T007,2027-08-02,9,31
T007,2027-08-02,10,60
T007,2027-08-02,11,111
T007,2027-08-02,12,147
T007,2027-08-02,13,228
T007,2027-08-02,14,263
T007,2027-08-02,15,272
T007,2027-08-02,16,288
T007,2027-08-02,17,252
T007,2027-08-02,18,225
T007,2027-08-02,19,214
T007,2027-08-02,20,181
T007,2027-08-02,21,158
T007,2027-08-02,22,100
T007,2027-08-02,23,0
T007,2027-08-03,0,0
T007,2027-08-03,1,0
T007,2027-08-03,2,0
T007,2027-08-03,3,0
T007,2027-08-03,4,0
T007,2027-08-03,5,0
T007,2027-08-03,6,0
T007,2027-08-03,7,4
T007,2027-08-03,8,9
T007,2027-08-03,9,36
T007,2027-08-03,10,62
T007,2027-08-03,11,104
T007,2027-08-03,12,182
T007,2027-08-03,13,223
T007,2027-08-03,14,268
T007,2027-08-03,15,288
T007,2027-08-03,16,265
T007,2027-08-03,17,272
T007,2027-08-03,18,251
T007,2027-08-03,19,265
T007,2027-08-03,20,196
T007,2027-08-03,21,132
T007,2027-08-03,22,129
T007,2027-08-03,23,0
T007,2027-08-04,0,0
T007,2027-08-04,1,0
T007,2027-08-04,2,0
T007,2027-08-04,3,0
T007,2027-08-04,4,0
T007,2027-08-04,5,0
T007,2027-08-04,6,0
T007,2027-08-04,7,4
T007,2027-08-04,8,11
T007,2027-08-04,9,24
T007,2027-08-04,10,68
T007,2027-08-04,11,103
T007,2027-08-04,12,160
T007,2027-08-04,13,242
T007,2027-08-04,14,209
T007,2027-08-04,15,270
T007,2027-08-04,16,287
T007,2027-08-04,17,182
T007,2027-08-04,18,256
T007,2027-08-04,19,207
T007,2027-08-04,20,164
T007,2027-08-04,21,137
T007,2027-08-04,22,102
T007,2027-08-04,23,0
T007,2027-08-05,0,0
T007,2027-08-05,1,0
T007,2027-08-05,2,0
T007,2027-08-05,3,0
T007,2027-08-05,4,0
T007,2027-08-05,5,0
T007,2027-08-05,6,0
T007,2027-08-05,7,3
T007,2027-08-05,8,10
T007,2027-08-05,9,24
T007,2027-08-05,10,69
T007,2027-08-05,11,105
T007,2027-08-05,12,163
T007,2027-08-05,13,247
T007,2027-08-05,14,224
T007,2027-08-05,15,249
T007,2027-08-05,16,233
T007,2027-08-05,17,260
T007,2027-08-05,18,267
T007,2027-08-05,19,166
T007,2027-08-05,20,189
T007,2027-08-05,21,147
T007,2027-08-05,22,90
T007,2027-08-05,23,0
T007,2027-08-06,0,0
T007,2027-08-06,1,0
T007,2027-08-06,2,0
T007,2027-08-06,3,0
T007,2027-08-06,4,0
T007,2027-08-06,5,0
T007,2027-08-06,6,1
T007,2027-08-06,7,4
T007,2027-08-06,8,10
T007,2027-08-06,9,28
T007,2027-08-06,10,58
T007,2027-08-06,11,96
T007,2027-08-06,12,148
T007,2027-08-06,13,194
T007,2027-08-06,14,269
T007,2027-08-06,15,261
T007,2027-08-06,16,209
T007,2027-08-06,17,247
T007,2027-08-06,18,222
T007,2027-08-06,19,247
T007,2027-08-06,20,164
T007,2027-08-06,21,129
T007,2027-08-06,22,77
T007,2027-08-06,23,0
T007,2027-08-07,0,0
T007,2027-08-07,1,0
T007,2027-08-07,2,0
T007,2027-08-07,3,0
T007,2027-08-07,4,0
T007,2027-08-07,5,0
T007,2027-08-07,6,1
T007,2027-08-07,7,5
T007,2027-08-07,8,24
T007,2027-08-07,9,45
T007,2027-08-07,10,72
T007,2027-08-07,11,186
T007,2027-08-07,12,219
T007,2027-08-07,13,349
T007,2027-08-07,14,354
T007,2027-08-07,15,377
T007,2027-08-07,16,417
T007,2027-08-07,17,354
T007,2027-08-07,18,411
T007,2027-08-07,19,336
T007,2027-08-07,20,274
T007,2027-08-07,21,213
T007,2027-08-07,22,158
T007,2027-08-07,23,0
T001,2027-08-08,0,0
T001,2027-08-08,1,0
T001,2027-08-08,2,0
T001,2027-08-08,3,0
T001,2027-08-08,4,0
T001,2027-08-08,5,0
T001,2027-08-08,6,0
T001,2027-08-08,7,0
T001,2027-08-08,8,7
T001,2027-08-08,9,12
T001,2027-08-08,10,38
T001,2027-08-08,11,43
T001,2027-08-08,12,80
T001,2027-08-08,13,130
T001,2027-08-08,14,162
T001,2027-08-08,15,124
T001,2027-08-08,16,128
T001,2027-08-08,17,174
T001,2027-08-08,18,133
T001,2027-08-08,19,148
T001,2027-08-08,20,99
T001,2027-08-08,21,85
T001,2027-08-08,22,0
T001,2027-08-08,23,0
T001,2027-08-09,0,0
T001,2027-08-09,1,0
T001,2027-08-09,2,0
T001,2027-08-09,3,0
T001,2027-08-09,4,0
T001,2027-08-09,5,0
T001,2027-08-09,6,0
T001,2027-08-09,7,0
T001,2027-08-09,8,3
T001,2027-08-09,9,12
T001,2027-08-09,10,24
T001,2027-08-09,11,43
T001,2027-08-09,12,59
T001,2027-08-09,13,74
T001,2027-08-09,14,111
T001,2027-08-09,15,101
T001,2027-08-09,16,84
T001,2027-08-09,17,103
T001,2027-08-09,18,100
T001,2027-08-09,19,73
T001,2027-08-09,20,82
T001,2027-08-09,21,57
T001,2027-08-09,22,0
T001,2027-08-09,23,0
T001,2027-08-10,0,0
T001,2027-08-10,1,0
T001,2027-08-10,2,0
T001,2027-08-10,3,0
T001,2027-08-10,4,0
T001,2027-08-10,5,0
T001,2027-08-10,6,0
T001,2027-08-10,7,0
T001,2027-08-10,8,4
T001,2027-08-10,9,13
T001,2027-08-10,10,26
T001,2027-08-10,11,46
T001,2027-08-10,12,68
T001,2027-08-10,13,84
T001,2027-08-10,14,100
T001,2027-08-10,15,105
T001,2027-08-10,16,97
T001,2027-08-10,17,103
T001,2027-08-10,18,86
T001,2027-08-10,19,90
T001,2027-08-10,20,82
T001,2027-08-10,21,50
T001,2027-08-10,22,0
T001,2027-08-10,23,0
T001,2027-08-11,0,0
T001,2027-08-11,1,0
T001,2027-08-11,2,0
T001,2027-08-11,3,0
T001,2027-08-11,4,0
T001,2027-08-11,5,0
T001,2027-08-11,6,0
T001,2027-08-11,7,0
T001,2027-08-11,8,3
T001,2027-08-11,9,11
T001,2027-08-11,10,25
T001,2027-08-11,11,46
T001,2027-08-11,12,66
T001,2027-08-11,13,89
T001,2027-08-11,14,74
T001,2027-08-11,15,102
T001,2027-08-11,16,81
T001,2027-08-11,17,93
T001,2027-08-11,18,89
T001,2027-08-11,19,95
T001,2027-08-11,20,88
T001,2027-08-11,21,62
T001,2027-08-11,22,0
T001,2027-08-11,23,0
T001,2027-08-12,0,0
T001,2027-08-12,1,0
T001,2027-08-12,2,0
T001,2027-08-12,3,0
T001,2027-08-12,4,0
T001,2027-08-12,5,0
T001,2027-08-12,6,0
T001,2027-08-12,7,0
T001,2027-08-12,8,5
T001,2027-08-12,9,11
T001,2027-08-12,10,23
T001,2027-08-12,11,39
T001,2027-08-12,12,60
T001,2027-08-12,13,90
T001,2027-08-12,14,98
T001,2027-08-12,15,101
T001,2027-08-12,16,85
T001,2027-08-12,17,102
T001,2027-08-12,18,87
T001,2027-08-12,19,108
T001,2027-08-12,20,65
T001,2027-08-12,21,58
T001,2027-08-12,22,0
T001,2027-08-12,23,0
T001,2027-08-13,0,0
T001,2027-08-13,1,0
T001,2027-08-13,2,0
T001,2027-08-13,3,0
T001,2027-08-13,4,0
T001,2027-08-13,5,0
T001,2027-08-13,6,0
T001,2027-08-13,7,0
T001,2027-08-13,8,5
T001,2027-08-13,9,17
T001,2027-08-13,10,39
T001,2027-08-13,11,58
T001,2027-08-13,12,92
T001,2027-08-13,13,109
T001,2027-08-13,14,124
T001,2027-08-13,15,118
T001,2027-08-13,16,120
T001,2027-08-13,17,126
T001,2027-08-13,18,148
T001,2027-08-13,19,157
T001,2027-08-13,20,99
T001,2027-08-13,21,88
T001,2027-08-13,22,0
T001,2027-08-13,23,0
T001,2027-08-14,0,0
T001,2027-08-14,1,0
T001,2027-08-14,2,0
T001,2027-08-14,3,0
T001,2027-08-14,4,0
T001,2027-08-14,5,0
T001,2027-08-14,6,0
T001,2027-08-14,7,0
T001,2027-08-14,8,8
T001,2027-08-14,9,23
T001,2027-08-14,10,53
T001,2027-08-14,11,88
T001,2027-08-14,12,120
T001,2027-08-14,13,199
T001,2027-08-14,14,249
T001,2027-08-14,15,221
T001,2027-08-14,16,223
T001,2027-08-14,17,232
T001,2027-08-14,18,212
T001,2027-08-14,19,188
T001,2027-08-14,20,174
T001,2027-08-14,21,120
T001,2027-08-14,22,0
T001,2027-08-14,23,0
T005,2027-08-08,0,0
T005,2027-08-08,1,0
T005,2027-08-08,2,0
T005,2027-08-08,3,0
T005,2027-08-08,4,0
T005,2027-08-08,5,0
T005,2027-08-08,6,0
T005,2027-08-08,7,3
T005,2027-08-08,8,13
T005,2027-08-08,9,26
T005,2027-08-08,10,63
T005,2027-08-08,11,105
T005,2027-08-08,12,145
T005,2027-08-08,13,276
T005,2027-08-08,14,216
T005,2027-08-08,15,254
T005,2027-08-08,16,255
T005,2027-08-08,17,259
T005,2027-08-08,18,215
T005,2027-08-08,19,218
T005,2027-08-08,20,172
T005,2027-08-08,21,135
T005,2027-08-08,22,0
T005,2027-08-08,23,0
T005,2027-08-09,0,0
T005,2027-08-09,1,0
T005,2027-08-09,2,0
T005,2027-08-09,3,0
T005,2027-08-09,4,0
T005,2027-08-09,5,0
T005,2027-08-09,6,0
T005,2027-08-09,7,1
T005,2027-08-09,8,6
T005,2027-08-09,9,21
T005,2027-08-09,10,42
T005,2027-08-09,11,62
T005,2027-08-09,12,91
T005,2027-08-09,13,154
T005,2027-08-09,14,146
T005,2027-08-09,15,191
T005,2027-08-09,16,184
T005,2027-08-09,17,143
T005,2027-08-09,18,147
T005,2027-08-09,19,170
T005,2027-08-09,20,123
T005,2027-08-09,21,89
T005,2027-08-09,22,0
T005,2027-08-09,23,0
T005,2027-08-10,0,0
T005,2027-08-10,1,0
T005,2027-08-10,2,0
T005,2027-08-10,3,0
T005,2027-08-10,4,0
T005,2027-08-10,5,0
T005,2027-08-10,6,0
T005,2027-08-10,7,1
T005,2027-08-10,8,8
T005,2027-08-10,9,18
T005,2027-08-10,10,43
T005,2027-08-10,11,58
T005,2027-08-10,12,125
T005,2027-08-10,13,151
T005,2027-08-10,14,201
T005,2027-08-10,15,171
T005,2027-08-10,16,177
T005,2027-08-10,17,145
T005,2027-08-10,18,161
T005,2027-08-10,19,142
T005,2027-08-10,20,94
T005,2027-08-10,21,85
T005,2027-08-10,22,0
T005,2027-08-10,23,0
T005,2027-08-11,0,0
T005,2027-08-11,1,0
T005,2027-08-11,2,0
T005,2027-08-11,3,0
T005,2027-08-11,4,0
T005,2027-08-11,5,0
T005,2027-08-11,6,0
T005,2027-08-11,7,3
T005,2027-08-11,8,8
T005,2027-08-11,9,20
T005,2027-08-11,10,43
T005,2027-08-11,11,73
T005,2027-08-11,12,123
T005,2027-08-11,13,143
T005,2027-08-11,14,176
T005,2027-08-11,15,168
T005,2027-08-11,16,172
T005,2027-08-11,17,168
T005,2027-08-11,18,148
T005,2027-08-11,19,164
T005,2027-08-11,20,113
T005,2027-08-11,21,96
T005,2027-08-11,22,0
T005,2027-08-11,23,0
T005,2027-08-12,0,0
T005,2027-08-12,1,0
T005,2027-08-12,2,0
T005,2027-08-12,3,0
T005,2027-08-12,4,0
T005,2027-08-12,5,0
T005,2027-08-12,6,0
T005,2027-08-12,7,2
T005,2027-08-12,8,8
T005,2027-08-12,9,18
T005,2027-08-12,10,40
T005,2027-08-12,11,76
T005,2027-08-12,12,119
T005,2027-08-12,13,124
T005,2027-08-12,14,155
T005,2027-08-12,15,163
T005,2027-08-12,16,156
T005,2027-08-12,17,160
T005,2027-08-12,18,165
T005,2027-08-12,19,170
T005,2027-08-12,20,115
T005,2027-08-12,21,99
T005,2027-08-12,22,0
T005,2027-08-12,23,0
T005,2027-08-13,0,0
T005,2027-08-13,1,0
T005,2027-08-13,2,0
T005,2027-08-13,3,0
T005,2027-08-13,4,0
T005,2027-08-13,5,0
T005,2027-08-13,6,0
T005,2027-08-13,7,4
T005,2027-08-13,8,9
T005,2027-08-13,9,23
T005,2027-08-13,10,53
T005,2027-08-13,11,121
T005,2027-08-13,12,175
T005,2027-08-13,13,187
T005,2027-08-13,14,221
T005,2027-08-13,15,200
T005,2027-08-13,16,266
T005,2027-08-13,17,200
T005,2027-08-13,18,228
T005,2027-08-13,19,206
T005,2027-08-13,20,170
T005,2027-08-13,21,134
T005,2027-08-13,22,0
T005,2027-08-13,23,0
T005,2027-08-14,0,0
T005,2027-08-14,1,0
T005,2027-08-14,2,0
T005,2027-08-14,3,0
T005,2027-08-14,4,0
T005,2027-08-14,5,0
T005,2027-08-14,6,0
T005,2027-08-14,7,5
T005,2027-08-14,8,16
T005,2027-08-14,9,36
T005,2027-08-14,10,86
T005,2027-08-14,11,170
T005,2027-08-14,12,238
T005,2027-08-14,13,354
T005,2027-08-14,14,346
T005,2027-08-14,15,358
T005,2027-08-14,16,310
T005,2027-08-14,17,317
T005,2027-08-14,18,317
T005,2027-08-14,19,247
T005,2027-08-14,20,262
T005,2027-08-14,21,188
T005,2027-08-14,22,0
T005,2027-08-14,23,0
T007,2027-08-08,0,0
T007,2027-08-08,1,0
T007,2027-08-08,2,0
T007,2027-08-08,3,0
T007,2027-08-08,4,0
T007,2027-08-08,5,0
T007,2027-08-08,6,1
T007,2027-08-08,7,5
T007,2027-08-08,8,19
T007,2027-08-08,9,53
T007,2027-08-08,10,85
T007,2027-08-08,11,142
T007,2027-08-08,12,250
T007,2027-08-08,13,366
T007,2027-08-08,14,295
T007,2027-08-08,15,359
T007,2027-08-08,16,346
T007,2027-08-08,17,329
T007,2027-08-08,18,308
T007,2027-08-08,19,358
T007,2027-08-08,20,228
T007,2027-08-08,21,180
T007,2027-08-08,22,132
T007,2027-08-08,23,0
T007,2027-08-09,0,0
T007,2027-08-09,1,0
T007,2027-08-09,2,0
T007,2027-08-09,3,0
T007,2027-08-09,4,0
T007,2027-08-09,5,0
T007,2027-08-09,6,0
T007,2027-08-09,7,4
T007,2027-08-09,8,11
T007,2027-08-09,9,31
T007,2027-08-09,10,63
T007,2027-08-09,11,117
T007,2027-08-09,12,164
T007,2027-08-09,13,252
T007,2027-08-09,14,253
T007,2027-08-09,15,266
T007,2027-08-09,16,273
T007,2027-08-09,17,239
T007,2027-08-09,18,232
T007,2027-08-09,19,226
T007,2027-08-09,20,183
T007,2027-08-09,21,145
T007,2027-08-09,22,88
T007,2027-08-09,23,0
T007,2027-08-10,0,0
T007,2027-08-10,1,0
T007,2027-08-10,2,0
T007,2027-08-10,3,0
T007,2027-08-10,4,0
T007,2027-08-10,5,0
T007,2027-08-10,6,0
T007,2027-08-10,7,3
T007,2027-08-10,8,8
T007,2027-08-10,9,38
T007,2027-08-10,10,61
T007,2027-08-10,11,107
T007,2027-08-10,12,172
T007,2027-08-10,13,220
T007,2027-08-10,14,261
T007,2027-08-10,15,281
T007,2027-08-10,16,260
T007,2027-08-10,17,289
T007,2027-08-10,18,234
T007,2027-08-10,19,264
T007,2027-08-10,20,212
T007,2027-08-10,21,105
T007,2027-08-10,22,122
T007,2027-08-10,23,0
T007,2027-08-11,0,0
T007,2027-08-11,1,0
T007,2027-08-11,2,0
T007,2027-08-11,3,0
T007,2027-08-11,4,0
T007,2027-08-11,5,0
T007,2027-08-11,6,0
T007,2027-08-11,7,3
T007,2027-08-11,8,12
T007,2027-08-11,9,23
T007,2027-08-11,10,61
T007,2027-08-11,11,110
T007,2027-08-11,12,167
T007,2027-08-11,13,217
T007,2027-08-11,14,238
T007,2027-08-11,15,251
T007,2027-08-11,16,301
T007,2027-08-11,17,172
T007,2027-08-11,18,254
T007,2027-08-11,19,199
T007,2027-08-11,20,165
T007,2027-08-11,21,142
T007,2027-08-11,22,102
T007,2027-08-11,23,0
T007,2027-08-12,0,0
T007,2027-08-12,1,0
T007,2027-08-12,2,0
T007,2027-08-12,3,0
T007,2027-08-12,4,0
T007,2027-08-12,5,0
T007,2027-08-12,6,0
T007,2027-08-12,7,3
T007,2027-08-12,8,10
T007,2027-08-12,9,24
T007,2027-08-12,10,71
T007,2027-08-12,11,101
T007,2027-08-12,12,169
T007,2027-08-12,13,221
T007,2027-08-12,14,203
T007,2027-08-12,15,267
T007,2027-08-12,16,229
T007,2027-08-12,17,248
T007,2027-08-12,18,276
T007,2027-08-12,19,181
T007,2027-08-12,20,180
T007,2027-08-12,21,155
T007,2027-08-12,22,88
T007,2027-08-12,23,0
T007,2027-08-13,0,0
T007,2027-08-13,1,0
T007,2027-08-13,2,0
T007,2027-08-13,3,0
T007,2027-08-13,4,0
T007,2027-08-13,5,0
T007,2027-08-13,6,0
T007,2027-08-13,7,6
T007,2027-08-13,8,14
T007,2027-08-13,9,39
T007,2027-08-13,10,85
T007,2027-08-13,11,128
T007,2027-08-13,12,221
T007,2027-08-13,13,244
T007,2027-08-13,14,341
T007,2027-08-13,15,363
T007,2027-08-13,16,289
T007,2027-08-13,17,341
T007,2027-08-13,18,308
T007,2027-08-13,19,285
T007,2027-08-13,20,241
T007,2027-08-13,21,175
T007,2027-08-13,22,114
T007,2027-08-13,23,0
T007,2027-08-14,0,0
T007,2027-08-14,1,0
T007,2027-08-14,2,0
T007,2027-08-14,3,0
T007,2027-08-14,4,0
T007,2027-08-14,5,0
T007,2027-08-14,6,2
T007,2027-08-14,7,7
T007,2027-08-14,8,33
T007,2027-08-14,9,56
T007,2027-08-14,10,118
T007,2027-08-14,11,255
T007,2027-08-14,12,288
T007,2027-08-14,13,470
T007,2027-08-14,14,477
T007,2027-08-14,15,526
T007,2027-08-14,16,617
T007,2027-08-14,17,570
T007,2027-08-14,18,539
T007,2027-08-14,19,451
T007,2027-08-14,20,336
T007,2027-08-14,21,306
T007,2027-08-14,22,206
T007,2027-08-14,23,0
T001,2027-08-15,0,0
T001,2027-08-15,1,0
T001,2027-08-15,2,0
T001,2027-08-15,3,0
T001,2027-08-15,4,0
T001,2027-08-15,5,0
T001,2027-08-15,6,0
T001,2027-08-15,7,0
T001,2027-08-15,8,9
T001,2027-08-15,9,17
T001,2027-08-15,10,50
T001,2027-08-15,11,53
T001,2027-08-15,12,109
T001,2027-08-15,13,165
T001,2027-08-15,14,212
T001,2027-08-15,15,177
T001,2027-08-15,16,191
T001,2027-08-15,17,245
T001,2027-08-15,18,178
T001,2027-08-15,19,218
T001,2027-08-15,20,150
T001,2027-08-15,21,123
T001,2027-08-15,22,0
T001,2027-08-15,23,0
T001,2027-08-16,0,0
T001,2027-08-16,1,0
T001,2027-08-16,2,0
T001,2027-08-16,3,0
T001,2027-08-16,4,0
T001,2027-08-16,5,0
T001,2027-08-16,6,0
T001,2027-08-16,7,0
T001,2027-08-16,8,4
T001,2027-08-16,9,12
T001,2027-08-16,10,25
T001,2027-08-16,11,47
T001,2027-08-16,12,63
T001,2027-08-16,13,80
T001,2027-08-16,14,110
T001,2027-08-16,15,103
T001,2027-08-16,16,93
T001,2027-08-16,17,101
T001,2027-08-16,18,97
T001,2027-08-16,19,78
T001,2027-08-16,20,82
T001,2027-08-16,21,61
T001,2027-08-16,22,0
T001,2027-08-16,23,0
T001,2027-08-17,0,0
T001,2027-08-17,1,0
T001,2027-08-17,2,0
T001,2027-08-17,3,0
T001,2027-08-17,4,0
T001,2027-08-17,5,0
T001,2027-08-17,6,0
T001,2027-08-17,7,0
T001,2027-08-17,8,5
T001,2027-08-17,9,12
T001,2027-08-17,10,26
T001,2027-08-17,11,44
T001,2027-08-17,12,66
T001,2027-08-17,13,93
T001,2027-08-17,14,95
T001,2027-08-17,15,96
T001,2027-08-17,16,107
T001,2027-08-17,17,112
T001,2027-08-17,18,102
T001,2027-08-17,19,90
T001,2027-08-17,20,84
T001,2027-08-17,21,56
T001,2027-08-17,22,0
T001,2027-08-17,23,0
T001,2027-08-18,0,0
T001,2027-08-18,1,0
T001,2027-08-18,2,0
T001,2027-08-18,3,0
T001,2027-08-18,4,0
T001,2027-08-18,5,0
T001,2027-08-18,6,0
T001,2027-08-18,7,0
T001,2027-08-18,8,4
T001,2027-08-18,9,12
T001,2027-08-18,10,25
T001,2027-08-18,11,46
T001,2027-08-18,12,71
T001,2027-08-18,13,90
T001,2027-08-18,14,77
T001,2027-08-18,15,99
T001,2027-08-18,16,73
T001,2027-08-18,17,97
T001,2027-08-18,18,89
T001,2027-08-18,19,99
T001,2027-08-18,20,80
T001,2027-08-18,21,56
T001,2027-08-18,22,0
T001,2027-08-18,23,0
T001,2027-08-19,0,0
T001,2027-08-19,1,0
T001,2027-08-19,2,0
T001,2027-08-19,3,0
T001,2027-08-19,4,0
T001,2027-08-19,5,0
T001,2027-08-19,6,0
T001,2027-08-19,7,0
T001,2027-08-19,8,5
T001,2027-08-19,9,12
T001,2027-08-19,10,25
T001,2027-08-19,11,39
T001,2027-08-19,12,64
T001,2027-08-19,13,89
T001,2027-08-19,14,94
T001,2027-08-19,15,108
T001,2027-08-19,16,94
T001,2027-08-19,17,102
T001,2027-08-19,18,104
T001,2027-08-19,19,115
T001,2027-08-19,20,63
T001,2027-08-19,21,64
T001,2027-08-19,22,0
T001,2027-08-19,23,0
T001,2027-08-20,0,0
T001,2027-08-20,1,0
T001,2027-08-20,2,0
T001,2027-08-20,3,0
T001,2027-08-20,4,0
T001,2027-08-20,5,0
T001,2027-08-20,6,0
T001,2027-08-20,7,0
T001,2027-08-20,8,3
T001,2027-08-20,9,14
T001,2027-08-20,10,30
T001,2027-08-20,11,46
T001,2027-08-20,12,82
T001,2027-08-20,13,90
T001,2027-08-20,14,108
T001,2027-08-20,15,95
T001,2027-08-20,16,113
T001,2027-08-20,17,110
T001,2027-08-20,18,129
T001,2027-08-20,19,132
T001,2027-08-20,20,80
T001,2027-08-20,21,76
T001,2027-08-20,22,0
T001,2027-08-20,23,0
T001,2027-08-21,0,0
T001,2027-08-21,1,0
T001,2027-08-21,2,0
T001,2027-08-21,3,0
T001,2027-08-21,4,0
T001,2027-08-21,5,0
T001,2027-08-21,6,0
T001,2027-08-21,7,0
T001,2027-08-21,8,8
T001,2027-08-21,9,20
T001,2027-08-21,10,49
T001,2027-08-21,11,67
T001,2027-08-21,12,115
T001,2027-08-21,13,169
T001,2027-08-21,14,202
T001,2027-08-21,15,195
T001,2027-08-21,16,197
T001,2027-08-21,17,195
T001,2027-08-21,18,189
T001,2027-08-21,19,166
T001,2027-08-21,20,151
T001,2027-08-21,21,110
T001,2027-08-21,22,0
T001,2027-08-21,23,0
T005,2027-08-15,0,0
T005,2027-08-15,1,0
T005,2027-08-15,2,0
T005,2027-08-15,3,0
T005,2027-08-15,4,0
T005,2027-08-15,5,0
T005,2027-08-15,6,0
T005,2027-08-15,7,6
T005,2027-08-15,8,16
T005,2027-08-15,9,37
T005,2027-08-15,10,95
T005,2027-08-15,11,153
T005,2027-08-15,12,181
T005,2027-08-15,13,313
T005,2027-08-15,14,292
T005,2027-08-15,15,380
T005,2027-08-15,16,341
T005,2027-08-15,17,347
T005,2027-08-15,18,311
T005,2027-08-15,19,322
T005,2027-08-15,20,215
T005,2027-08-15,21,188
T005,2027-08-15,22,0
T005,2027-08-15,23,0
T005,2027-08-16,0,0
T005,2027-08-16,1,0
T005,2027-08-16,2,0
T005,2027-08-16,3,0
T005,2027-08-16,4,0
T005,2027-08-16,5,0
T005,2027-08-16,6,0
T005,2027-08-16,7,1
T005,2027-08-16,8,7
T005,2027-08-16,9,22
T005,2027-08-16,10,42
T005,2027-08-16,11,58
T005,2027-08-16,12,94
T005,2027-08-16,13,149
T005,2027-08-16,14,156
T005,2027-08-16,15,184
T005,2027-08-16,16,184
T005,2027-08-16,17,144
T005,2027-08-16,18,139
T005,2027-08-16,19,175
T005,2027-08-16,20,124
T005,2027-08-16,21,97
T005,2027-08-16,22,0
T005,2027-08-16,23,0
T005,2027-08-17,0,0
T005,2027-08-17,1,0
T005,2027-08-17,2,0
T005,2027-08-17,3,0
T005,2027-08-17,4,0
T005,2027-08-17,5,0
T005,2027-08-17,6,0
T005,2027-08-17,7,1
T005,2027-08-17,8,8
T005,2027-08-17,9,18
T005,2027-08-17,10,41
T005,2027-08-17,11,56
T005,2027-08-17,12,121
T005,2027-08-17,13,160
T005,2027-08-17,14,176
T005,2027-08-17,15,180
T005,2027-08-17,16,180
T005,2027-08-17,17,153
T005,2027-08-17,18,169
T005,2027-08-17,19,135
T005,2027-08-17,20,113
T005,2027-08-17,21,78
T005,2027-08-17,22,0
T005,2027-08-17,23,0
T005,2027-08-18,0,0
T005,2027-08-18,1,0
T005,2027-08-18,2,0
T005,2027-08-18,3,0
T005,2027-08-18,4,0
T005,2027-08-18,5,0
T005,2027-08-18,6,0
T005,2027-08-18,7,3
T005,2027-08-18,8,8
T005,2027-08-18,9,18
T005,2027-08-18,10,47
T005,2027-08-18,11,68
T005,2027-08-18,12,110
T005,2027-08-18,13,141
T005,2027-08-18,14,176
T005,2027-08-18,15,172
T005,2027-08-18,16,172
T005,2027-08-18,17,166
T005,2027-08-18,18,136
T005,2027-08-18,19,165
T005,2027-08-18,20,113
T005,2027-08-18,21,96
T005,2027-08-18,22,0
T005,2027-08-18,23,0
T005,2027-08-19,0,0
T005,2027-08-19,1,0
T005,2027-08-19,2,0
T005,2027-08-19,3,0
T005,2027-08-19,4,0
T005,2027-08-19,5,0
T005,2027-08-19,6,0
T005,2027-08-19,7,2
T005,2027-08-19,8,9
T005,2027-08-19,9,18
T005,2027-08-19,10,38
T005,2027-08-19,11,72
T005,2027-08-19,12,125
T005,2027-08-19,13,123
T005,2027-08-19,14,162
T005,2027-08-19,15,143
T005,2027-08-19,16,176
T005,2027-08-19,17,152
T005,2027-08-19,18,167
T005,2027-08-19,19,160
T005,2027-08-19,20,111
T005,2027-08-19,21,87
T005,2027-08-19,22,0
T005,2027-08-19,23,0
T005,2027-08-20,0,0
T005,2027-08-20,1,0
T005,2027-08-20,2,0
T005,2027-08-20,3,0
T005,2027-08-20,4,0
T005,2027-08-20,5,0
T005,2027-08-20,6,0
T005,2027-08-20,7,2
T005,2027-08-20,8,8
T005,2027-08-20,9,21
T005,2027-08-20,10,43
T005,2027-08-20,11,95
T005,2027-08-20,12,136
T005,2027-08-20,13,175
T005,2027-08-20,14,190
T005,2027-08-20,15,198
T005,2027-08-20,16,229
T005,2027-08-20,17,183
T005,2027-08-20,18,172
T005,2027-08-20,19,176
T005,2027-08-20,20,137
T005,2027-08-20,21,102
T005,2027-08-20,22,0
T005,2027-08-20,23,0
T005,2027-08-21,0,0
T005,2027-08-21,1,0
T005,2027-08-21,2,0
T005,2027-08-21,3,0
T005,2027-08-21,4,0
T005,2027-08-21,5,0
T005,2027-08-21,6,0
T005,2027-08-21,7,3
T005,2027-08-21,8,12
T005,2027-08-21,9,33
T005,2027-08-21,10,70
T005,2027-08-21,11,151
T005,2027-08-21,12,189
T005,2027-08-21,13,282
T005,2027-08-21,14,299
T005,2027-08-21,15,304
T005,2027-08-21,16,289
T005,2027-08-21,17,298
T005,2027-08-21,18,278
T005,2027-08-21,19,191
T005,2027-08-21,20,209
T005,2027-08-21,21,139
T005,2027-08-21,22,0
T005,2027-08-21,23,0
T007,2027-08-15,0,0
T007,2027-08-15,1,0
T007,2027-08-15,2,0
T007,2027-08-15,3,0
T007,2027-08-15,4,0
T007,2027-08-15,5,0
T007,2027-08-15,6,1
T007,2027-08-15,7,7
T007,2027-08-15,8,25
T007,2027-08-15,9,69
T007,2027-08-15,10,129
T007,2027-08-15,11,188
T007,2027-08-15,12,332
T007,2027-08-15,13,468
T007,2027-08-15,14,404
T007,2027-08-15,15,517
T007,2027-08-15,16,485
T007,2027-08-15,17,510
T007,2027-08-15,18,470
T007,2027-08-15,19,457
T007,2027-08-15,20,313
T007,2027-08-15,21,234
T007,2027-08-15,22,174
T007,2027-08-15,23,0
T007,2027-08-16,0,0
T007,2027-08-16,1,0
T007,2027-08-16,2,0
T007,2027-08-16,3,0
T007,2027-08-16,4,0
T007,2027-08-16,5,0
T007,2027-08-16,6,1
T007,2027-08-16,7,4
T007,2027-08-16,8,10
T007,2027-08-16,9,31
T007,2027-08-16,10,59
T007,2027-08-16,11,120
T007,2027-08-16,12,166
T007,2027-08-16,13,244
T007,2027-08-16,14,246
T007,2027-08-16,15,315
T007,2027-08-16,16,283
T007,2027-08-16,17,258
T007,2027-08-16,18,227
T007,2027-08-16,19,231
T007,2027-08-16,20,179
T007,2027-08-16,21,163
T007,2027-08-16,22,99
T007,2027-08-16,23,0
T007,2027-08-17,0,0
T007,2027-08-17,1,0
T007,2027-08-17,2,0
T007,2027-08-17,3,0
T007,2027-08-17,4,0
T007,2027-08-17,5,0
T007,2027-08-17,6,0
T007,2027-08-17,7,3
T007,2027-08-17,8,9
T007,2027-08-17,9,33
T007,2027-08-17,10,64
T007,2027-08-17,11,102
T007,2027-08-17,12,166
T007,2027-08-17,13,235
T007,2027-08-17,14,244
T007,2027-08-17,15,257
T007,2027-08-17,16,255
T007,2027-08-17,17,282
T007,2027-08-17,18,246
T007,2027-08-17,19,268
T007,2027-08-17,20,197
T007,2027-08-17,21,112
T007,2027-08-17,22,117
T007,2027-08-17,23,0
T007,2027-08-18,0,0
T007,2027-08-18,1,0
T007,2027-08-18,2,0
T007,2027-08-18,3,0
T007,2027-08-18,4,0
T007,2027-08-18,5,0
T007,2027-08-18,6,0
T007,2027-08-18,7,4
T007,2027-08-18,8,13
T007,2027-08-18,9,22
T007,2027-08-18,10,57
T007,2027-08-18,11,113
T007,2027-08-18,12,169
T007,2027-08-18,13,239
T007,2027-08-18,14,232
T007,2027-08-18,15,245
T007,2027-08-18,16,276
T007,2027-08-18,17,197
T007,2027-08-18,18,253
T007,2027-08-18,19,217
T007,2027-08-18,20,170
T007,2027-08-18,21,160
T007,2027-08-18,22,98
T007,2027-08-18,23,0
T007,2027-08-19,0,0
T007,2027-08-19,1,0
T007,2027-08-19,2,0
T007,2027-08-19,3,0
T007,2027-08-19,4,0
T007,2027-08-19,5,0
T007,2027-08-19,6,1
T007,2027-08-19,7,4
T007,2027-08-19,8,9
T007,2027-08-19,9,23
T007,2027-08-19,10,62
T007,2027-08-19,11,107
T007,2027-08-19,12,171
T007,2027-08-19,13,245
T007,2027-08-19,14,202
T007,2027-08-19,15,256
T007,2027-08-19,16,240
T007,2027-08-19,17,239
T007,2027-08-19,18,276
T007,2027-08-19,19,187
T007,2027-08-19,20,201
T007,2027-08-19,21,149
T007,2027-08-19,22,92
T007,2027-08-19,23,0
T007,2027-08-20,0,0
T007,2027-08-20,1,0
T007,2027-08-20,2,0
T007,2027-08-20,3,0
T007,2027-08-20,4,0
T007,2027-08-20,5,0
T007,2027-08-20,6,1
T007,2027-08-20,7,3
T007,2027-08-20,8,12
T007,2027-08-20,9,30
T007,2027-08-20,10,70
T007,2027-08-20,11,101
T007,2027-08-20,12,182
T007,2027-08-20,13,217
T007,2027-08-20,14,298
T007,2027-08-20,15,296
T007,2027-08-20,16,262
T007,2027-08-20,17,288
T007,2027-08-20,18,276
T007,2027-08-20,19,256
T007,2027-08-20,20,195
T007,2027-08-20,21,137
T007,2027-08-20,22,103
T007,2027-08-20,23,0
T007,2027-08-21,0,0
T007,2027-08-21,1,0
T007,2027-08-21,2,0
T007,2027-08-21,3,0
T007,2027-08-21,4,0
T007,2027-08-21,5,0
T007,2027-08-21,6,1
T007,2027-08-21,7,6
T007,2027-08-21,8,25
T007,2027-08-21,9,56
T007,2027-08-21,10,91
T007,2027-08-21,11,191
T007,2027-08-21,12,235
T007,2027-08-21,13,420
T007,2027-08-21,14,412
T007,2027-08-21,15,402
T007,2027-08-21,16,531
T007,2027-08-21,17,399
T007,2027-08-21,18,417
T007,2027-08-21,19,393
T007,2027-08-21,20,317
T007,2027-08-21,21,259
T007,2027-08-21,22,181
T007,2027-08-21,23,0
T001,2027-08-22,0,0
T001,2027-08-22,1,0
T001,2027-08-22,2,0
T001,2027-08-22,3,0
T001,2027-08-22,4,0
T001,2027-08-22,5,0
T001,2027-08-22,6,0
T001,2027-08-22,7,0
T001,2027-08-22,8,9
T001,2027-08-22,9,16
T001,2027-08-22,10,52
T001,2027-08-22,11,60
T001,2027-08-22,12,109
T001,2027-08-22,13,179
T001,2027-08-22,14,213
T001,2027-08-22,15,199
T001,2027-08-22,16,178
T001,2027-08-22,17,228
T001,2027-08-22,18,187
T001,2027-08-22,19,233
T001,2027-08-22,20,151
T001,2027-08-22,21,128
T001,2027-08-22,22,0
T001,2027-08-22,23,0
T001,2027-08-23,0,0
T001,2027-08-23,1,0
T001,2027-08-23,2,0
T001,2027-08-23,3,0
T001,2027-08-23,4,0
T001,2027-08-23,5,0
T001,2027-08-23,6,0
T001,2027-08-23,7,0
T001,2027-08-23,8,5
T001,2027-08-23,9,13
T001,2027-08-23,10,29
T001,2027-08-23,11,54
T001,2027-08-23,12,65
T001,2027-08-23,13,97
T001,2027-08-23,14,139
T001,2027-08-23,15,122
T001,2027-08-23,16,118
T001,2027-08-23,17,124
T001,2027-08-23,18,111
T001,2027-08-23,19,93
T001,2027-08-23,20,88
T001,2027-08-23,21,72
T001,2027-08-23,22,0
T001,2027-08-23,23,0
T001,2027-08-24,0,0
T001,2027-08-24,1,0
T001,2027-08-24,2,0
T001,2027-08-24,3,0
T001,2027-08-24,4,0
T001,2027-08-24,5,0
T001,2027-08-24,6,0
T001,2027-08-24,7,0
T001,2027-08-24,8,6
T001,2027-08-24,9,17
T001,2027-08-24,10,34
T001,2027-08-24,11,52
T001,2027-08-24,12,85
T001,2027-08-24,13,124
T001,2027-08-24,14,120
T001,2027-08-24,15,112
T001,2027-08-24,16,109
T001,2027-08-24,17,125
T001,2027-08-24,18,108
T001,2027-08-24,19,101
T001,2027-08-24,20,95
T001,2027-08-24,21,69
T001,2027-08-24,22,0
T001,2027-08-24,23,0
T001,2027-08-25,0,0
T001,2027-08-25,1,0
T001,2027-08-25,2,0
T001,2027-08-25,3,0
T001,2027-08-25,4,0
T001,2027-08-25,5,0
T001,2027-08-25,6,0
T001,2027-08-25,7,0
T001,2027-08-25,8,4
T001,2027-08-25,9,13
T001,2027-08-25,10,28
T001,2027-08-25,11,58
T001,2027-08-25,12,90
T001,2027-08-25,13,114
T001,2027-08-25,14,98
T001,2027-08-25,15,115
T001,2027-08-25,16,101
T001,2027-08-25,17,108
T001,2027-08-25,18,121
T001,2027-08-25,19,114
T001,2027-08-25,20,97
T001,2027-08-25,21,72
T001,2027-08-25,22,0
T001,2027-08-25,23,0
T001,2027-08-26,0,0
T001,2027-08-26,1,0
T001,2027-08-26,2,0
T001,2027-08-26,3,0
T001,2027-08-26,4,0
T001,2027-08-26,5,0
T001,2027-08-26,6,0
T001,2027-08-26,7,0
T001,2027-08-26,8,5
T001,2027-08-26,9,13
T001,2027-08-26,10,27
T001,2027-08-26,11,48
T001,2027-08-26,12,75
T001,2027-08-26,13,107
T001,2027-08-26,14,113
T001,2027-08-26,15,119
T001,2027-08-26,16,111
T001,2027-08-26,17,111
T001,2027-08-26,18,116
T001,2027-08-26,19,134
T001,2027-08-26,20,71
T001,2027-08-26,21,79
T001,2027-08-26,22,0
T001,2027-08-26,23,0
T001,2027-08-27,0,0
T001,2027-08-27,1,0
T001,2027-08-27,2,0
T001,2027-08-27,3,0
T001,2027-08-27,4,0
T001,2027-08-27,5,0
T001,2027-08-27,6,0
T001,2027-08-27,7,0
T001,2027-08-27,8,5
T001,2027-08-27,9,16
T001,2027-08-27,10,38
T001,2027-08-27,11,61
T001,2027-08-27,12,89
T001,2027-08-27,13,110
T001,2027-08-27,14,140
T001,2027-08-27,15,125
T001,2027-08-27,16,128
T001,2027-08-27,17,147
T001,2027-08-27,18,156
T001,2027-08-27,19,161
T001,2027-08-27,20,93
T001,2027-08-27,21,91
T001,2027-08-27,22,0
T001,2027-08-27,23,0
T001,2027-08-28,0,0
T001,2027-08-28,1,0
T001,2027-08-28,2,0
T001,2027-08-28,3,0
T001,2027-08-28,4,0
T001,2027-08-28,5,0
T001,2027-08-28,6,0
T001,2027-08-28,7,0
T001,2027-08-28,8,8
T001,2027-08-28,9,23
T001,2027-08-28,10,55
T001,2027-08-28,11,92
T001,2027-08-28,12,136
T001,2027-08-28,13,205
T001,2027-08-28,14,247
T001,2027-08-28,15,218
T001,2027-08-28,16,230
T001,2027-08-28,17,230
T001,2027-08-28,18,218
T001,2027-08-28,19,185
T001,2027-08-28,20,178
T001,2027-08-28,21,113
T001,2027-08-28,22,0
T001,2027-08-28,23,0
T005,2027-08-22,0,0
T005,2027-08-22,1,0
T005,2027-08-22,2,0
T005,2027-08-22,3,0
T005,2027-08-22,4,0
T005,2027-08-22,5,0
T005,2027-08-22,6,0
T005,2027-08-22,7,5
T005,2027-08-22,8,17
T005,2027-08-22,9,38
T005,2027-08-22,10,91
T005,2027-08-22,11,178
T005,2027-08-22,12,192
T005,2027-08-22,13,362
T005,2027-08-22,14,304
T005,2027-08-22,15,385
T005,2027-08-22,16,381
T005,2027-08-22,17,383
T005,2027-08-22,18,306
T005,2027-08-22,19,308
T005,2027-08-22,20,213
T005,2027-08-22,21,195
T005,2027-08-22,22,0
T005,2027-08-22,23,0
T005,2027-08-23,0,0
T005,2027-08-23,1,0
T005,2027-08-23,2,0
T005,2027-08-23,3,0
T005,2027-08-23,4,0
T005,2027-08-23,5,0
T005,2027-08-23,6,0
T005,2027-08-23,7,3
T005,2027-08-23,8,8
T005,2027-08-23,9,25
T005,2027-08-23,10,53
T005,2027-08-23,11,68
T005,2027-08-23,12,101
T005,2027-08-23,13,185
T005,2027-08-23,14,175
T005,2027-08-23,15,228
T005,2027-08-23,16,223
T005,2027-08-23,17,170
T005,2027-08-23,18,156
T005,2027-08-23,19,223
T005,2027-08-23,20,147
T005,2027-08-23,21,110
T005,2027-08-23,22,0
T005,2027-08-23,23,0
T005,2027-08-24,0,0
T005,2027-08-24,1,0
T005,2027-08-24,2,0
T005,2027-08-24,3,0
T005,2027-08-24,4,0
T005,2027-08-24,5,0
T005,2027-08-24,6,0
T005,2027-08-24,7,2
T005,2027-08-24,8,8
T005,2027-08-24,9,21
T005,2027-08-24,10,53
T005,2027-08-24,11,70
T005,2027-08-24,12,147
T005,2027-08-24,13,190
T005,2027-08-24,14,235
T005,2027-08-24,15,198
T005,2027-08-24,16,219
T005,2027-08-24,17,196
T005,2027-08-24,18,197
T005,2027-08-24,19,153
T005,2027-08-24,20,121
T005,2027-08-24,21,101
T005,2027-08-24,22,0
T005,2027-08-24,23,0
T005,2027-08-25,0,0
T005,2027-08-25,1,0
T005,2027-08-25,2,0
T005,2027-08-25,3,0
T005,2027-08-25,4,0
T005,2027-08-25,5,0
T005,2027-08-25,6,0
T005,2027-08-25,7,3
T005,2027-08-25,8,10
T005,2027-08-25,9,24
T005,2027-08-25,10,54
T005,2027-08-25,11,84
T005,2027-08-25,12,129
T005,2027-08-25,13,160
T005,2027-08-25,14,201
T005,2027-08-25,15,205
T005,2027-08-25,16,200
T005,2027-08-25,17,188
T005,2027-08-25,18,172
T005,2027-08-25,19,202
T005,2027-08-25,20,132
T005,2027-08-25,21,113
T005,2027-08-25,22,0
T005,2027-08-25,23,0
T005,2027-08-26,0,0
T005,2027-08-26,1,0
T005,2027-08-26,2,0
T005,2027-08-26,3,0
T005,2027-08-26,4,0
T005,2027-08-26,5,0
T005,2027-08-26,6,0
T005,2027-08-26,7,2
T005,2027-08-26,8,11
T005,2027-08-26,9,23
T005,2027-08-26,10,49
T005,2027-08-26,11,87
T005,2027-08-26,12,137
T005,2027-08-26,13,147
T005,2027-08-26,14,177
T005,2027-08-26,15,175
T005,2027-08-26,16,211
T005,2027-08-26,17,207
T005,2027-08-26,18,204
T005,2027-08-26,19,194
T005,2027-08-26,20,125
T005,2027-08-26,21,98
T005,2027-08-26,22,0
T005,2027-08-26,23,0
T005,2027-08-27,0,0
T005,2027-08-27,1,0
T005,2027-08-27,2,0
T005,2027-08-27,3,0
T005,2027-08-27,4,0
T005,2027-08-27,5,0
T005,2027-08-27,6,0
T005,2027-08-27,7,5
T005,2027-08-27,8,10
T005,2027-08-27,9,25
T005,2027-08-27,10,53
T005,2027-08-27,11,115
T005,2027-08-27,12,159
T005,2027-08-27,13,198
T005,2027-08-27,14,233
T005,2027-08-27,15,217
T005,2027-08-27,16,243
T005,2027-08-27,17,212
T005,2027-08-27,18,237
T005,2027-08-27,19,231
T005,2027-08-27,20,176
T005,2027-08-27,21,132
T005,2027-08-27,22,0
T005,2027-08-27,23,0
T005,2027-08-28,0,0
T005,2027-08-28,1,0
T005,2027-08-28,2,0
T005,2027-08-28,3,0
T005,2027-08-28,4,0
T005,2027-08-28,5,0
T005,2027-08-28,6,0
T005,2027-08-28,7,3
T005,2027-08-28,8,15
T005,2027-08-28,9,41
T005,2027-08-28,10,72
T005,2027-08-28,11,177
T005,2027-08-28,12,228
T005,2027-08-28,13,366
T005,2027-08-28,14,353
T005,2027-08-28,15,350
T005,2027-08-28,16,321
T005,2027-08-28,17,369
T005,2027-08-28,18,345
T005,2027-08-28,19,269
T005,2027-08-28,20,254
T005,2027-08-28,21,193
T005,2027-08-28,22,0
T005,2027-08-28,23,0
T007,2027-08-22,0,0
T007,2027-08-22,1,0
T007,2027-08-22,2,0
T007,2027-08-22,3,0
T007,2027-08-22,4,0
T007,2027-08-22,5,0
T007,2027-08-22,6,2
T007,2027-08-22,7,7
T007,2027-08-22,8,26
T007,2027-08-22,9,67
T007,2027-08-22,10,125
T007,2027-08-22,11,198
T007,2027-08-22,12,354
T007,2027-08-22,13,476
T007,2027-08-22,14,437
T007,2027-08-22,15,506
T007,2027-08-22,16,480
T007,2027-08-22,17,516
T007,2027-08-22,18,463
T007,2027-08-22,19,480
T007,2027-08-22,20,329
T007,2027-08-22,21,253
T007,2027-08-22,22,190
T007,2027-08-22,23,0
T007,2027-08-23,0,0
T007,2027-08-23,1,0
T007,2027-08-23,2,0
T007,2027-08-23,3,0
T007,2027-08-23,4,0
T007,2027-08-23,5,0
T007,2027-08-23,6,1
T007,2027-08-23,7,4
T007,2027-08-23,8,13
T007,2027-08-23,9,36
T007,2027-08-23,10,75
T007,2027-08-23,11,140
T007,2027-08-23,12,187
T007,2027-08-23,13,241
T007,2027-08-23,14,278
T007,2027-08-23,15,355
T007,2027-08-23,16,363
T007,2027-08-23,17,272
T007,2027-08-23,18,292
T007,2027-08-23,19,284
T007,2027-08-23,20,225
T007,2027-08-23,21,202
T007,2027-08-23,22,115
T007,2027-08-23,23,0
T007,2027-08-24,0,0
T007,2027-08-24,1,0
T007,2027-08-24,2,0
T007,2027-08-24,3,0
T007,2027-08-24,4,0
T007,2027-08-24,5,0
T007,2027-08-24,6,0
T007,2027-08-24,7,4
T007,2027-08-24,8,10
T007,2027-08-24,9,44
T007,2027-08-24,10,72
T007,2027-08-24,11,135
T007,2027-08-24,12,222
T007,2027-08-24,13,297
T007,2027-08-24,14,293
T007,2027-08-24,15,336
T007,2027-08-24,16,314
T007,2027-08-24,17,342
T007,2027-08-24,18,285
T007,2027-08-24,19,322
T007,2027-08-24,20,241
T007,2027-08-24,21,142
T007,2027-08-24,22,137
T007,2027-08-24,23,0
T007,2027-08-25,0,0
T007,2027-08-25,1,0
T007,2027-08-25,2,0
T007,2027-08-25,3,0
T007,2027-08-25,4,0
T007,2027-08-25,5,0
T007,2027-08-25,6,0
T007,2027-08-25,7,5
T007,2027-08-25,8,18
T007,2027-08-25,9,27
T007,2027-08-25,10,72
T007,2027-08-25,11,130
T007,2027-08-25,12,199
T007,2027-08-25,13,274
T007,2027-08-25,14,281
T007,2027-08-25,15,304
T007,2027-08-25,16,324
T007,2027-08-25,17,205
T007,2027-08-25,18,284
T007,2027-08-25,19,249
T007,2027-08-25,20,191
T007,2027-08-25,21,167
T007,2027-08-25,22,127
T007,2027-08-25,23,0
T007,2027-08-26,0,0
T007,2027-08-26,1,0
T007,2027-08-26,2,0
T007,2027-08-26,3,0
T007,2027-08-26,4,0
T007,2027-08-26,5,0
T007,2027-08-26,6,1
T007,2027-08-26,7,5
T007,2027-08-26,8,12
T007,2027-08-26,9,29
T007,2027-08-26,10,74
T007,2027-08-26,11,133
T007,2027-08-26,12,201
T007,2027-08-26,13,282
T007,2027-08-26,14,258
T007,2027-08-26,15,307
T007,2027-08-26,16,283
T007,2027-08-26,17,299
T007,2027-08-26,18,304
T007,2027-08-26,19,232
T007,2027-08-26,20,233
T007,2027-08-26,21,186
T007,2027-08-26,22,111
T007,2027-08-26,23,0
T007,2027-08-27,0,0
T007,2027-08-27,1,0
T007,2027-08-27,2,0
T007,2027-08-27,3,0
T007,2027-08-27,4,0
T007,2027-08-27,5,0
T007,2027-08-27,6,1
T007,2027-08-27,7,6
T007,2027-08-27,8,13
T007,2027-08-27,9,43
T007,2027-08-27,10,87
T007,2027-08-27,11,137
T007,2027-08-27,12,220
T007,2027-08-27,13,213
T007,2027-08-27,14,355
T007,2027-08-27,15,355
T007,2027-08-27,16,275
T007,2027-08-27,17,347
T007,2027-08-27,18,345
T007,2027-08-27,19,301
T007,2027-08-27,20,245
T007,2027-08-27,21,187
T007,2027-08-27,22,124
T007,2027-08-27,23,0
T007,2027-08-28,0,0
T007,2027-08-28,1,0
T007,2027-08-28,2,0
T007,2027-08-28,3,0
T007,2027-08-28,4,0
T007,2027-08-28,5,0
T007,2027-08-28,6,1
T007,2027-08-28,7,8
T007,2027-08-28,8,36
T007,2027-08-28,9,67
T007,2027-08-28,10,118
T007,2027-08-28,11,218
T007,2027-08-28,12,312
T007,2027-08-28,13,486
T007,2027-08-28,14,503
T007,2027-08-28,15,468
T007,2027-08-28,16,573
T007,2027-08-28,17,543
T007,2027-08-28,18,553
T007,2027-08-28,19,496
T007,2027-08-28,20,346
T007,2027-08-28,21,294
T007,2027-08-28,22,212
T007,2027-08-28,23,0
T001,2027-08-29,0,0
T001,2027-08-29,1,0
T001,2027-08-29,2,0
T001,2027-08-29,3,0
T001,2027-08-29,4,0
T001,2027-08-29,5,0
T001,2027-08-29,6,0
T001,2027-08-29,7,0
T001,2027-08-29,8,10
T001,2027-08-29,9,14
T001,2027-08-29,10,51
T001,2027-08-29,11,60
T001,2027-08-29,12,110
T001,2027-08-29,13,210
T001,2027-08-29,14,210
T001,2027-08-29,15,198
T001,2027-08-29,16,185
T001,2027-08-29,17,251
T001,2027-08-29,18,177
T001,2027-08-29,19,213
T001,2027-08-29,20,152
T001,2027-08-29,21,126
T001,2027-08-29,22,0
T001,2027-08-29,23,0
T001,2027-08-30,0,0
T001,2027-08-30,1,0
T001,2027-08-30,2,0
T001,2027-08-30,3,0
T001,2027-08-30,4,0
T001,2027-08-30,5,0
T001,2027-08-30,6,0
T001,2027-08-30,7,0
T001,2027-08-30,8,5
T001,2027-08-30,9,13
T001,2027-08-30,10,29
T001,2027-08-30,11,59
T001,2027-08-30,12,75
T001,2027-08-30,13,95
T001,2027-08-30,14,137
T001,2027-08-30,15,117
T001,2027-08-30,16,116
T001,2027-08-30,17,117
T001,2027-08-30,18,122
T001,2027-08-30,19,88
T001,2027-08-30,20,93
T001,2027-08-30,21,78
T001,2027-08-30,22,0
T001,2027-08-30,23,0
T001,2027-08-31,0,0
T001,2027-08-31,1,0
T001,2027-08-31,2,0
T001,2027-08-31,3,0
T001,2027-08-31,4,0
T001,2027-08-31,5,0
T001,2027-08-31,6,0
T001,2027-08-31,7,0
T001,2027-08-31,8,6
T001,2027-08-31,9,19
T001,2027-08-31,10,45
T001,2027-08-31,11,63
T001,2027-08-31,12,101
T001,2027-08-31,13,141
T001,2027-08-31,14,157
T001,2027-08-31,15,147
T001,2027-08-31,16,140
T001,2027-08-31,17,163
T001,2027-08-31,18,146
T001,2027-08-31,19,146
T001,2027-08-31,20,128
T001,2027-08-31,21,84
T001,2027-08-31,22,0
T001,2027-08-31,23,0
T001,2027-09-01,0,0
T001,2027-09-01,1,0
T001,2027-09-01,2,0
T001,2027-09-01,3,0
T001,2027-09-01,4,0
T001,2027-09-01,5,0
T001,2027-09-01,6,0
T001,2027-09-01,7,0
T001,2027-09-01,8,4
T001,2027-09-01,9,12
T001,2027-09-01,10,22
T001,2027-09-01,11,46
T001,2027-09-01,12,67
T001,2027-09-01,13,90
T001,2027-09-01,14,80
T001,2027-09-01,15,100
T001,2027-09-01,16,81
T001,2027-09-01,17,101
T001,2027-09-01,18,98
T001,2027-09-01,19,96
T001,2027-09-01,20,85
T001,2027-09-01,21,59
T001,2027-09-01,22,0
T001,2027-09-01,23,0
T001,2027-09-02,0,0
T001,2027-09-02,1,0
T001,2027-09-02,2,0
T001,2027-09-02,3,0
T001,2027-09-02,4,0
T001,2027-09-02,5,0
T001,2027-09-02,6,0
T001,2027-09-02,7,0
T001,2027-09-02,8,5
T001,2027-09-02,9,12
T001,2027-09-02,10,22
T001,2027-09-02,11,43
T001,2027-09-02,12,63
T001,2027-09-02,13,96
T001,2027-09-02,14,93
T001,2027-09-02,15,94
T001,2027-09-02,16,88
T001,2027-09-02,17,91
T001,2027-09-02,18,101
T001,2027-09-02,19,114
T001,2027-09-02,20,63
T001,2027-09-02,21,64
T001,2027-09-02,22,0
T001,2027-09-02,23,0
T001,2027-09-03,0,0
T001,2027-09-03,1,0
T001,2027-09-03,2,0
T001,2027-09-03,3,0
T001,2027-09-03,4,0
T001,2027-09-03,5,0
T001,2027-09-03,6,0
T001,2027-09-03,7,0
T001,2027-09-03,8,3
T001,2027-09-03,9,11
T001,2027-09-03,10,28
T001,2027-09-03,11,47
T001,2027-09-03,12,65
T001,2027-09-03,13,82
T001,2027-09-03,14,102
T001,2027-09-03,15,87
T001,2027-09-03,16,89
T001,2027-09-03,17,88
T001,2027-09-03,18,103
T001,2027-09-03,19,100
T001,2027-09-03,20,71
T001,2027-09-03,21,62
T001,2027-09-03,22,0
T001,2027-09-03,23,0
T001,2027-09-04,0,0
T001,2027-09-04,1,0
T001,2027-09-04,2,0
T001,2027-09-04,3,0
T001,2027-09-04,4,0
T001,2027-09-04,5,0
T001,2027-09-04,6,0
T001,2027-09-04,7,0
T001,2027-09-04,8,7
T001,2027-09-04,9,19
T001,2027-09-04,10,38
T001,2027-09-04,11,69
T001,2027-09-04,12,95
T001,2027-09-04,13,138
T001,2027-09-04,14,171
T001,2027-09-04,15,153
T001,2027-09-04,16,169
T001,2027-09-04,17,173
T001,2027-09-04,18,160
T001,2027-09-04,19,136
T001,2027-09-04,20,114
T001,2027-09-04,21,88
T001,2027-09-04,22,0
T001,2027-09-04,23,0
T005,2027-08-29,0,0
T005,2027-08-29,1,0
T005,2027-08-29,2,0
T005,2027-08-29,3,0
T005,2027-08-29,4,0
T005,2027-08-29,5,0
T005,2027-08-29,6,0
T005,2027-08-29,7,6
T005,2027-08-29,8,17
T005,2027-08-29,9,34
T005,2027-08-29,10,87
T005,2027-08-29,11,164
T005,2027-08-29,12,200
T005,2027-08-29,13,353
T005,2027-08-29,14,324
T005,2027-08-29,15,378
T005,2027-08-29,16,381
T005,2027-08-29,17,340
T005,2027-08-29,18,299
T005,2027-08-29,19,334
T005,2027-08-29,20,230
T005,2027-08-29,21,207
T005,2027-08-29,22,0
T005,2027-08-29,23,0
T005,2027-08-30,0,0
T005,2027-08-30,1,0
T005,2027-08-30,2,0
T005,2027-08-30,3,0
T005,2027-08-30,4,0
T005,2027-08-30,5,0
T005,2027-08-30,6,0
T005,2027-08-30,7,3
T005,2027-08-30,8,9
T005,2027-08-30,9,27
T005,2027-08-30,10,49
T005,2027-08-30,11,73
T005,2027-08-30,12,107
T005,2027-08-30,13,178
T005,2027-08-30,14,184
T005,2027-08-30,15,216
T005,2027-08-30,16,224
T005,2027-08-30,17,167
T005,2027-08-30,18,156
T005,2027-08-30,19,195
T005,2027-08-30,20,160
T005,2027-08-30,21,104
T005,2027-08-30,22,0
T005,2027-08-30,23,0
T005,2027-08-31,0,0
T005,2027-08-31,1,0
T005,2027-08-31,2,0
T005,2027-08-31,3,0
T005,2027-08-31,4,0
T005,2027-08-31,5,0
T005,2027-08-31,6,0
T005,2027-08-31,7,2
T005,2027-08-31,8,11
T005,2027-08-31,9,28
T005,2027-08-31,10,65
T005,2027-08-31,11,92
T005,2027-08-31,12,203
T005,2027-08-31,13,248
T005,2027-08-31,14,291
T005,2027-08-31,15,259
T005,2027-08-31,16,313
T005,2027-08-31,17,222
T005,2027-08-31,18,271
T005,2027-08-31,19,217
T005,2027-08-31,20,167
T005,2027-08-31,21,136
T005,2027-08-31,22,0
T005,2027-08-31,23,0
T005,2027-09-01,0,0
T005,2027-09-01,1,0
T005,2027-09-01,2,0
T005,2027-09-01,3,0
T005,2027-09-01,4,0
T005,2027-09-01,5,0
T005,2027-09-01,6,0
T005,2027-09-01,7,3
T005,2027-09-01,8,8
T005,2027-09-01,9,20
T005,2027-09-01,10,47
T005,2027-09-01,11,65
T005,2027-09-01,12,115
T005,2027-09-01,13,136
T005,2027-09-01,14,161
T005,2027-09-01,15,171
T005,2027-09-01,16,162
T005,2027-09-01,17,171
T005,2027-09-01,18,144
T005,2027-09-01,19,167
T005,2027-09-01,20,111
T005,2027-09-01,21,93
T005,2027-09-01,22,0
T005,2027-09-01,23,0
T005,2027-09-02,0,0
T005,2027-09-02,1,0
T005,2027-09-02,2,0
T005,2027-09-02,3,0
T005,2027-09-02,4,0
T005,2027-09-02,5,0
T005,2027-09-02,6,0
T005,2027-09-02,7,1
T005,2027-09-02,8,8
T005,2027-09-02,9,18
T005,2027-09-02,10,41
T005,2027-09-02,11,75
T005,2027-09-02,12,120
T005,2027-09-02,13,138
T005,2027-09-02,14,164
T005,2027-09-02,15,153
T005,2027-09-02,16,177
T005,2027-09-02,17,152
T005,2027-09-02,18,167
T005,2027-09-02,19,164
T005,2027-09-02,20,118
T005,2027-09-02,21,95
T005,2027-09-02,22,0
T005,2027-09-02,23,0
T005,2027-09-03,0,0
T005,2027-09-03,1,0
T005,2027-09-03,2,0
T005,2027-09-03,3,0
T005,2027-09-03,4,0
T005,2027-09-03,5,0
T005,2027-09-03,6,0
T005,2027-09-03,7,3
T005,2027-09-03,8,7
T005,2027-09-03,9,19
T005,2027-09-03,10,37
T005,2027-09-03,11,85
T005,2027-09-03,12,121
T005,2027-09-03,13,147
T005,2027-09-03,14,177
T005,2027-09-03,15,158
T005,2027-09-03,16,197
T005,2027-09-03,17,174
T005,2027-09-03,18,148
T005,2027-09-03,19,164
T005,2027-09-03,20,124
T005,2027-09-03,21,97
T005,2027-09-03,22,0
T005,2027-09-03,23,0
T005,2027-09-04,0,0
T005,2027-09-04,1,0
T005,2027-09-04,2,0
T005,2027-09-04,3,0
T005,2027-09-04,4,0
T005,2027-09-04,5,0
T005,2027-09-04,6,0
T005,2027-09-04,7,3
T005,2027-09-04,8,13
T005,2027-09-04,9,31
T005,2027-09-04,10,56
T005,2027-09-04,11,127
T005,2027-09-04,12,170
T005,2027-09-04,13,242
T005,2027-09-04,14,271
T005,2027-09-04,15,268
T005,2027-09-04,16,230
T005,2027-09-04,17,263
T005,2027-09-04,18,238
T005,2027-09-04,19,193
T005,2027-09-04,20,171
T005,2027-09-04,21,138
T005,2027-09-04,22,0
T005,2027-09-04,23,0
T007,2027-08-29,0,0
T007,2027-08-29,1,0
T007,2027-08-29,2,0
T007,2027-08-29,3,0
T007,2027-08-29,4,0
T007,2027-08-29,5,0
T007,2027-08-29,6,1
T007,2027-08-29,7,8
T007,2027-08-29,8,26
T007,2027-08-29,9,70
T007,2027-08-29,10,118
T007,2027-08-29,11,201
T007,2027-08-29,12,296
T007,2027-08-29,13,445
T007,2027-08-29,14,423
T007,2027-08-29,15,516
T007,2027-08-29,16,490
T007,2027-08-29,17,455
T007,2027-08-29,18,459
T007,2027-08-29,19,465
T007,2027-08-29,20,315
T007,2027-08-29,21,261
T007,2027-08-29,22,179
T007,2027-08-29,23,0
T007,2027-08-30,0,0
T007,2027-08-30,1,0
T007,2027-08-30,2,0
T007,2027-08-30,3,0
T007,2027-08-30,4,0
T007,2027-08-30,5,0
T007,2027-08-30,6,1
T007,2027-08-30,7,4
T007,2027-08-30,8,13
T007,2027-08-30,9,37
T007,2027-08-30,10,81
T007,2027-08-30,11,138
T007,2027-08-30,12,169
T007,2027-08-30,13,274
T007,2027-08-30,14,250
T007,2027-08-30,15,346
T007,2027-08-30,16,347
T007,2027-08-30,17,315
T007,2027-08-30,18,259
T007,2027-08-30,19,282
T007,2027-08-30,20,218
T007,2027-08-30,21,195
T007,2027-08-30,22,113
T007,2027-08-30,23,0
T007,2027-08-31,0,0
T007,2027-08-31,1,0
T007,2027-08-31,2,0
T007,2027-08-31,3,0
T007,2027-08-31,4,0
T007,2027-08-31,5,0
T007,2027-08-31,6,1
T007,2027-08-31,7,7
T007,2027-08-31,8,14
T007,2027-08-31,9,52
T007,2027-08-31,10,89
T007,2027-08-31,11,170
T007,2027-08-31,12,259
T007,2027-08-31,13,363
T007,2027-08-31,14,389
T007,2027-08-31,15,412
T007,2027-08-31,16,409
T007,2027-08-31,17,419
T007,2027-08-31,18,373
T007,2027-08-31,19,379
T007,2027-08-31,20,313
T007,2027-08-31,21,181
T007,2027-08-31,22,173
T007,2027-08-31,23,0
T007,2027-09-01,0,0
T007,2027-09-01,1,0
T007,2027-09-01,2,0
T007,2027-09-01,3,0
T007,2027-09-01,4,0
T007,2027-09-01,5,0
T007,2027-09-01,6,0
T007,2027-09-01,7,4
T007,2027-09-01,8,12
T007,2027-09-01,9,23
T007,2027-09-01,10,56
T007,2027-09-01,11,122
T007,2027-09-01,12,167
T007,2027-09-01,13,226
T007,2027-09-01,14,241
T007,2027-09-01,15,257
T007,2027-09-01,16,298
T007,2027-09-01,17,185
T007,2027-09-01,18,243
T007,2027-09-01,19,209
T007,2027-09-01,20,167
T007,2027-09-01,21,140
T007,2027-09-01,22,99
T007,2027-09-01,23,0
T007,2027-09-02,0,0
T007,2027-09-02,1,0
T007,2027-09-02,2,0
T007,2027-09-02,3,0
T007,2027-09-02,4,0
T007,2027-09-02,5,0
T007,2027-09-02,6,0
T007,2027-09-02,7,3
T007,2027-09-02,8,9
T007,2027-09-02,9,25
T007,2027-09-02,10,70
T007,2027-09-02,11,103
T007,2027-09-02,12,155
T007,2027-09-02,13,232
T007,2027-09-02,14,214
T007,2027-09-02,15,255
T007,2027-09-02,16,243
T007,2027-09-02,17,250
T007,2027-09-02,18,274
T007,2027-09-02,19,214
T007,2027-09-02,20,205
T007,2027-09-02,21,152
T007,2027-09-02,22,85
T007,2027-09-02,23,0
T007,2027-09-03,0,0
T007,2027-09-03,1,0
T007,2027-09-03,2,0
T007,2027-09-03,3,0
T007,2027-09-03,4,0
T007,2027-09-03,5,0
T007,2027-09-03,6,0
T007,2027-09-03,7,4
T007,2027-09-03,8,10
T007,2027-09-03,9,31
T007,2027-09-03,10,58
T007,2027-09-03,11,96
T007,2027-09-03,12,149
T007,2027-09-03,13,174
T007,2027-09-03,14,238
T007,2027-09-03,15,258
T007,2027-09-03,16,229
T007,2027-09-03,17,263
T007,2027-09-03,18,239
T007,2027-09-03,19,227
T007,2027-09-03,20,166
T007,2027-09-03,21,139
T007,2027-09-03,22,84
T007,2027-09-03,23,0
T007,2027-09-04,0,0
T007,2027-09-04,1,0
T007,2027-09-04,2,0
T007,2027-09-04,3,0
T007,2027-09-04,4,0
T007,2027-09-04,5,0
T007,2027-09-04,6,0
T007,2027-09-04,7,5
T007,2027-09-04,8,25
T007,2027-09-04,9,45
T007,2027-09-04,10,78
T007,2027-09-04,11,183
T007,2027-09-04,12,213
T007,2027-09-04,13,336
T007,2027-09-04,14,333
T007,2027-09-04,15,333
T007,2027-09-04,16,436
T007,2027-09-04,17,407
T007,2027-09-04,18,418
T007,2027-09-04,19,344
T007,2027-09-04,20,276
T007,2027-09-04,21,225
T007,2027-09-04,22,146
T007,2027-09-04,23,0
T001,2027-09-05,0,0
T001,2027-09-05,1,0
T001,2027-09-05,2,0
T001,2027-09-05,3,0
T001,2027-09-05,4,0
T001,2027-09-05,5,0
T001,2027-09-05,6,0
T001,2027-09-05,7,0
T001,2027-09-05,8,6
T001,2027-09-05,9,11
T001,2027-09-05,10,37
T001,2027-09-05,11,39
T001,2027-09-05,12,87
T001,2027-09-05,13,141
T001,2027-09-05,14,157
T001,2027-09-05,15,140
T001,2027-09-05,16,152
T001,2027-09-05,17,164
T001,2027-09-05,18,134
T001,2027-09-05,19,163
T001,2027-09-05,20,110
T001,2027-09-05,21,81
T001,2027-09-05,22,0
T001,2027-09-05,23,0
T001,2027-09-06,0,0
T001,2027-09-06,1,0
T001,2027-09-06,2,0
T001,2027-09-06,3,0
T001,2027-09-06,4,0
T001,2027-09-06,5,0
T001,2027-09-06,6,0
T001,2027-09-06,7,0
T001,2027-09-06,8,4
T001,2027-09-06,9,13
T001,2027-09-06,10,23
T001,2027-09-06,11,43
T001,2027-09-06,12,57
T001,2027-09-06,13,73
T001,2027-09-06,14,113
T001,2027-09-06,15,97
T001,2027-09-06,16,93
T001,2027-09-06,17,100
T001,2027-09-06,18,102
T001,2027-09-06,19,79
T001,2027-09-06,20,76
T001,2027-09-06,21,59
T001,2027-09-06,22,0
T001,2027-09-06,23,0
T001,2027-09-07,0,0
T001,2027-09-07,1,0
T001,2027-09-07,2,0
T001,2027-09-07,3,0
T001,2027-09-07,4,0
T001,2027-09-07,5,0
T001,2027-09-07,6,0
T001,2027-09-07,7,0
T001,2027-09-07,8,5
T001,2027-09-07,9,11
T001,2027-09-07,10,27
T001,2027-09-07,11,42
T001,2027-09-07,12,64
T001,2027-09-07,13,92
T001,2027-09-07,14,97
T001,2027-09-07,15,95
T001,2027-09-07,16,97
T001,2027-09-07,17,104
T001,2027-09-07,18,94
T001,2027-09-07,19,94
T001,2027-09-07,20,78
T001,2027-09-07,21,56
T001,2027-09-07,22,0
T001,2027-09-07,23,0
T001,2027-09-08,0,0
T001,2027-09-08,1,0
T001,2027-09-08,2,0
T001,2027-09-08,3,0
T001,2027-09-08,4,0
T001,2027-09-08,5,0
T001,2027-09-08,6,0
T001,2027-09-08,7,0
T001,2027-09-08,8,3
T001,2027-09-08,9,11
T001,2027-09-08,10,27
T001,2027-09-08,11,43
T001,2027-09-08,12,69
T001,2027-09-08,13,94
T001,2027-09-08,14,85
T001,2027-09-08,15,105
T001,2027-09-08,16,72
T001,2027-09-08,17,90
T001,2027-09-08,18,102
T001,2027-09-08,19,103
T001,2027-09-08,20,85
T001,2027-09-08,21,56
T001,2027-09-08,22,0
T001,2027-09-08,23,0
T001,2027-09-09,0,0
T001,2027-09-09,1,0
T001,2027-09-09,2,0
T001,2027-09-09,3,0
T001,2027-09-09,4,0
T001,2027-09-09,5,0
T001,2027-09-09,6,0
T001,2027-09-09,7,0
T001,2027-09-09,8,5
T001,2027-09-09,9,12
T001,2027-09-09,10,22
T001,2027-09-09,11,39
T001,2027-09-09,12,65
T001,2027-09-09,13,97
T001,2027-09-09,14,91
T001,2027-09-09,15,113
T001,2027-09-09,16,87
T001,2027-09-09,17,96
T001,2027-09-09,18,99
T001,2027-09-09,19,116
T001,2027-09-09,20,64
T001,2027-09-09,21,60
T001,2027-09-09,22,0
T001,2027-09-09,23,0
T001,2027-09-10,0,0
T001,2027-09-10,1,0
T001,2027-09-10,2,0
T001,2027-09-10,3,0
T001,2027-09-10,4,0
T001,2027-09-10,5,0
T001,2027-09-10,6,0
T001,2027-09-10,7,0
T001,2027-09-10,8,4
T001,2027-09-10,9,12
T001,2027-09-10,10,27
T001,2027-09-10,11,41
T001,2027-09-10,12,67
T001,2027-09-10,13,77
T001,2027-09-10,14,98
T001,2027-09-10,15,83
T001,2027-09-10,16,102
T001,2027-09-10,17,105
T001,2027-09-10,18,117
T001,2027-09-10,19,109
T001,2027-09-10,20,62
T001,2027-09-10,21,64
T001,2027-09-10,22,0
T001,2027-09-10,23,0
T001,2027-09-11,0,0
T001,2027-09-11,1,0
T001,2027-09-11,2,0
T001,2027-09-11,3,0
T001,2027-09-11,4,0
T001,2027-09-11,5,0
T001,2027-09-11,6,0
T001,2027-09-11,7,0
T001,2027-09-11,8,6
T001,2027-09-11,9,18
T001,2027-09-11,10,39
T001,2027-09-11,11,70
T001,2027-09-11,12,86
T001,2027-09-11,13,147
T001,2027-09-11,14,170
T001,2027-09-11,15,167
T001,2027-09-11,16,171
T001,2027-09-11,17,160
T001,2027-09-11,18,166
T001,2027-09-11,19,125
T001,2027-09-11,20,120
T001,2027-09-11,21,87
T001,2027-09-11,22,0
T001,2027-09-11,23,0
T005,2027-09-05,0,0
T005,2027-09-05,1,0
T005,2027-09-05,2,0
T005,2027-09-05,3,0
T005,2027-09-05,4,0
T005,2027-09-05,5,0
T005,2027-09-05,6,0
T005,2027-09-05,7,3
T005,2027-09-05,8,14
T005,2027-09-05,9,28
T005,2027-09-05,10,66
T005,2027-09-05,11,111
T005,2027-09-05,12,147
T005,2027-09-05,13,258
T005,2027-09-05,14,210
T005,2027-09-05,15,291
T005,2027-09-05,16,265
T005,2027-09-05,17,247
T005,2027-09-05,18,232
T005,2027-09-05,19,250
T005,2027-09-05,20,163
T005,2027-09-05,21,144
T005,2027-09-05,22,0
T005,2027-09-05,23,0
T005,2027-09-06,0,0
T005,2027-09-06,1,0
T005,2027-09-06,2,0
T005,2027-09-06,3,0
T005,2027-09-06,4,0
T005,2027-09-06,5,0
T005,2027-09-06,6,0
T005,2027-09-06,7,1
T005,2027-09-06,8,7
T005,2027-09-06,9,21
T005,2027-09-06,10,46
T005,2027-09-06,11,66
T005,2027-09-06,12,86
T005,2027-09-06,13,156
T005,2027-09-06,14,143
T005,2027-09-06,15,194
T005,2027-09-06,16,179
T005,2027-09-06,17,145
T005,2027-09-06,18,135
T005,2027-09-06,19,181
T005,2027-09-06,20,134
T005,2027-09-06,21,88
T005,2027-09-06,22,0
T005,2027-09-06,23,0
T005,2027-09-07,0,0
T005,2027-09-07,1,0
T005,2027-09-07,2,0
T005,2027-09-07,3,0
T005,2027-09-07,4,0
T005,2027-09-07,5,0
T005,2027-09-07,6,0
T005,2027-09-07,7,1
T005,2027-09-07,8,8
T005,2027-09-07,9,19
T005,2027-09-07,10,46
T005,2027-09-07,11,60
T005,2027-09-07,12,124
T005,2027-09-07,13,156
T005,2027-09-07,14,178
T005,2027-09-07,15,174
T005,2027-09-07,16,182
T005,2027-09-07,17,141
T005,2027-09-07,18,164
T005,2027-09-07,19,136
T005,2027-09-07,20,105
T005,2027-09-07,21,84
T005,2027-09-07,22,0
T005,2027-09-07,23,0
T005,2027-09-08,0,0
T005,2027-09-08,1,0
T005,2027-09-08,2,0
T005,2027-09-08,3,0
T005,2027-09-08,4,0
T005,2027-09-08,5,0
T005,2027-09-08,6,0
T005,2027-09-08,7,2
T005,2027-09-08,8,8
T005,2027-09-08,9,18
T005,2027-09-08,10,46
T005,2027-09-08,11,68
T005,2027-09-08,12,113
T005,2027-09-08,13,141
T005,2027-09-08,14,150
T005,2027-09-08,15,163
T005,2027-09-08,16,179
T005,2027-09-08,17,153
T005,2027-09-08,18,133
T005,2027-09-08,19,158
T005,2027-09-08,20,117
T005,2027-09-08,21,93
T005,2027-09-08,22,0
T005,2027-09-08,23,0
T005,2027-09-09,0,0
T005,2027-09-09,1,0
T005,2027-09-09,2,0
T005,2027-09-09,3,0
T005,2027-09-09,4,0
T005,2027-09-09,5,0
T005,2027-09-09,6,0
T005,2027-09-09,7,2
T005,2027-09-09,8,8
T005,2027-09-09,9,20
T005,2027-09-09,10,45
T005,2027-09-09,11,75
T005,2027-09-09,12,127
T005,2027-09-09,13,120
T005,2027-09-09,14,148
T005,2027-09-09,15,156
T005,2027-09-09,16,174
T005,2027-09-09,17,164
T005,2027-09-09,18,176
T005,2027-09-09,19,166
T005,2027-09-09,20,119
T005,2027-09-09,21,88
T005,2027-09-09,22,0
T005,2027-09-09,23,0
T005,2027-09-10,0,0
T005,2027-09-10,1,0
T005,2027-09-10,2,0
T005,2027-09-10,3,0
T005,2027-09-10,4,0
T005,2027-09-10,5,0
T005,2027-09-10,6,0
T005,2027-09-10,7,2
T005,2027-09-10,8,7
T005,2027-09-10,9,15
T005,2027-09-10,10,37
T005,2027-09-10,11,95
T005,2027-09-10,12,118
T005,2027-09-10,13,138
T005,2027-09-10,14,162
T005,2027-09-10,15,158
T005,2027-09-10,16,176
T005,2027-09-10,17,145
T005,2027-09-10,18,167
T005,2027-09-10,19,150
T005,2027-09-10,20,127
T005,2027-09-10,21,90
T005,2027-09-10,22,0
T005,2027-09-10,23,0
T005,2027-09-11,0,0
T005,2027-09-11,1,0
T005,2027-09-11,2,0
T005,2027-09-11,3,0
T005,2027-09-11,4,0
T005,2027-09-11,5,0
T005,2027-09-11,6,0
T005,2027-09-11,7,3
T005,2027-09-11,8,11
T005,2027-09-11,9,28
T005,2027-09-11,10,56
T005,2027-09-11,11,124
T005,2027-09-11,12,162
T005,2027-09-11,13,247
T005,2027-09-11,14,256
T005,2027-09-11,15,265
T005,2027-09-11,16,238
T005,2027-09-11,17,245
T005,2027-09-11,18,274
T005,2027-09-11,19,201
T005,2027-09-11,20,169
T005,2027-09-11,21,140
T005,2027-09-11,22,0
T005,2027-09-11,23,0
T007,2027-09-05,0,0
T007,2027-09-05,1,0
T007,2027-09-05,2,0
T007,2027-09-05,3,0
T007,2027-09-05,4,0
T007,2027-09-05,5,0
T007,2027-09-05,6,1
T007,2027-09-05,7,6
T007,2027-09-05,8,19
T007,2027-09-05,9,47
T007,2027-09-05,10,92
T007,2027-09-05,11,149
T007,2027-09-05,12,259
T007,2027-09-05,13,360
T007,2027-09-05,14,309
T007,2027-09-05,15,338
T007,2027-09-05,16,334
T007,2027-09-05,17,365
T007,2027-09-05,18,323
T007,2027-09-05,19,324
T007,2027-09-05,20,236
T007,2027-09-05,21,185
T007,2027-09-05,22,127
T007,2027-09-05,23,0
T007,2027-09-06,0,0
T007,2027-09-06,1,0
T007,2027-09-06,2,0
T007,2027-09-06,3,0
T007,2027-09-06,4,0
T007,2027-09-06,5,0
T007,2027-09-06,6,0
T007,2027-09-06,7,3
T007,2027-09-06,8,10
T007,2027-09-06,9,29
T007,2027-09-06,10,59
T007,2027-09-06,11,118
T007,2027-09-06,12,145
T007,2027-09-06,13,231
T007,2027-09-06,14,241
T007,2027-09-06,15,291
T007,2027-09-06,16,287
T007,2027-09-06,17,262
T007,2027-09-06,18,220
T007,2027-09-06,19,226
T007,2027-09-06,20,182
T007,2027-09-06,21,165
T007,2027-09-06,22,88
T007,2027-09-06,23,0
T007,2027-09-07,0,0
T007,2027-09-07,1,0
T007,2027-09-07,2,0
T007,2027-09-07,3,0
T007,2027-09-07,4,0
T007,2027-09-07,5,0
T007,2027-09-07,6,0
T007,2027-09-07,7,3
T007,2027-09-07,8,7
T007,2027-09-07,9,34
T007,2027-09-07,10,60
T007,2027-09-07,11,103
T007,2027-09-07,12,163
T007,2027-09-07,13,215
T007,2027-09-07,14,230
T007,2027-09-07,15,268
T007,2027-09-07,16,262
T007,2027-09-07,17,279
T007,2027-09-07,18,244
T007,2027-09-07,19,266
T007,2027-09-07,20,215
T007,2027-09-07,21,109
T007,2027-09-07,22,117
T007,2027-09-07,23,0
T007,2027-09-08,0,0
T007,2027-09-08,1,0
T007,2027-09-08,2,0
T007,2027-09-08,3,0
T007,2027-09-08,4,0
T007,2027-09-08,5,0
T007,2027-09-08,6,0
T007,2027-09-08,7,4
T007,2027-09-08,8,13
T007,2027-09-08,9,22
T007,2027-09-08,10,66
T007,2027-09-08,11,117
T007,2027-09-08,12,158
T007,2027-09-08,13,244
T007,2027-09-08,14,233
T007,2027-09-08,15,245
T007,2027-09-08,16,266
T007,2027-09-08,17,171
T007,2027-09-08,18,255
T007,2027-09-08,19,213
T007,2027-09-08,20,173
T007,2027-09-08,21,160
T007,2027-09-08,22,101
T007,2027-09-08,23,0
T007,2027-09-09,0,0
T007,2027-09-09,1,0
T007,2027-09-09,2,0
T007,2027-09-09,3,0
T007,2027-09-09,4,0
T007,2027-09-09,5,0
T007,2027-09-09,6,0
T007,2027-09-09,7,4
T007,2027-09-09,8,10
T007,2027-09-09,9,26
T007,2027-09-09,10,63
T007,2027-09-09,11,101
T007,2027-09-09,12,163
T007,2027-09-09,13,234
T007,2027-09-09,14,209
T007,2027-09-09,15,228
T007,2027-09-09,16,242
T007,2027-09-09,17,249
T007,2027-09-09,18,247
T007,2027-09-09,19,194
T007,2027-09-09,20,209
T007,2027-09-09,21,153
T007,2027-09-09,22,96
T007,2027-09-09,23,0
T007,2027-09-10,0,0
T007,2027-09-10,1,0
T007,2027-09-10,2,0
T007,2027-09-10,3,0
T007,2027-09-10,4,0
T007,2027-09-10,5,0
T007,2027-09-10,6,1
T007,2027-09-10,7,3
T007,2027-09-10,8,10
T007,2027-09-10,9,29
T007,2027-09-10,10,62
T007,2027-09-10,11,97
T007,2027-09-10,12,165
T007,2027-09-10,13,190
T007,2027-09-10,14,276
T007,2027-09-10,15,254
T007,2027-09-10,16,210
T007,2027-09-10,17,266
T007,2027-09-10,18,238
T007,2027-09-10,19,249
T007,2027-09-10,20,171
T007,2027-09-10,21,135
T007,2027-09-10,22,85
T007,2027-09-10,23,0
T007,2027-09-11,0,0
T007,2027-09-11,1,0
T007,2027-09-11,2,0
T007,2027-09-11,3,0
T007,2027-09-11,4,0
T007,2027-09-11,5,0
T007,2027-09-11,6,1
T007,2027-09-11,7,6
T007,2027-09-11,8,24
T007,2027-09-11,9,47
T007,2027-09-11,10,72
T007,2027-09-11,11,186
T007,2027-09-11,12,215
T007,2027-09-11,13,345
T007,2027-09-11,14,336
T007,2027-09-11,15,357
T007,2027-09-11,16,404
T007,2027-09-11,17,415
T007,2027-09-11,18,371
T007,2027-09-11,19,353
T007,2027-09-11,20,257
T007,2027-09-11,21,204
T007,2027-09-11,22,140
T007,2027-09-11,23,0
T001,2027-09-12,0,0
T001,2027-09-12,1,0
T001,2027-09-12,2,0
T001,2027-09-12,3,0
T001,2027-09-12,4,0
T001,2027-09-12,5,0
T001,2027-09-12,6,0
T001,2027-09-12,7,0
T001,2027-09-12,8,6
T001,2027-09-12,9,13
T001,2027-09-12,10,38
T001,2027-09-12,11,38
T001,2027-09-12,12,79
T001,2027-09-12,13,147
T001,2027-09-12,14,152
T001,2027-09-12,15,144
T001,2027-09-12,16,141
T001,2027-09-12,17,166
T001,2027-09-12,18,144
T001,2027-09-12,19,175
T001,2027-09-12,20,118
T001,2027-09-12,21,91
T001,2027-09-12,22,0
T001,2027-09-12,23,0
T001,2027-09-13,0,0
T001,2027-09-13,1,0
T001,2027-09-13,2,0
T001,2027-09-13,3,0
T001,2027-09-13,4,0
T001,2027-09-13,5,0
T001,2027-09-13,6,0
T001,2027-09-13,7,0
T001,2027-09-13,8,3
T001,2027-09-13,9,11
T001,2027-09-13,10,22
T001,2027-09-13,11,45
T001,2027-09-13,12,55
T001,2027-09-13,13,88
T001,2027-09-13,14,107
T001,2027-09-13,15,95
T001,2027-09-13,16,88
T001,2027-09-13,17,92
T001,2027-09-13,18,98
T001,2027-09-13,19,73
T001,2027-09-13,20,75
T001,2027-09-13,21,61
T001,2027-09-13,22,0
T001,2027-09-13,23,0
T001,2027-09-14,0,0
T001,2027-09-14,1,0
T001,2027-09-14,2,0
T001,2027-09-14,3,0
T001,2027-09-14,4,0
T001,2027-09-14,5,0
T001,2027-09-14,6,0
T001,2027-09-14,7,0
T001,2027-09-14,8,5
T001,2027-09-14,9,12
T001,2027-09-14,10,27
T001,2027-09-14,11,41
T001,2027-09-14,12,63
T001,2027-09-14,13,90
T001,2027-09-14,14,106
T001,2027-09-14,15,88
T001,2027-09-14,16,97
T001,2027-09-14,17,106
T001,2027-09-14,18,95
T001,2027-09-14,19,89
T001,2027-09-14,20,80
T001,2027-09-14,21,53
T001,2027-09-14,22,0
T001,2027-09-14,23,0
T001,2027-09-15,0,0
T001,2027-09-15,1,0
T001,2027-09-15,2,0
T001,2027-09-15,3,0
T001,2027-09-15,4,0
T001,2027-09-15,5,0
T001,2027-09-15,6,0
T001,2027-09-15,7,0
T001,2027-09-15,8,6
T001,2027-09-15,9,21
T001,2027-09-15,10,44
T001,2027-09-15,11,73
T001,2027-09-15,12,122
T001,2027-09-15,13,166
T001,2027-09-15,14,135
T001,2027-09-15,15,159
T001,2027-09-15,16,136
T001,2027-09-15,17,187
T001,2027-09-15,18,166
T001,2027-09-15,19,150
T001,2027-09-15,20,139
T001,2027-09-15,21,112
T001,2027-09-15,22,0
T001,2027-09-15,23,0
T001,2027-09-16,0,0
T001,2027-09-16,1,0
T001,2027-09-16,2,0
T001,2027-09-16,3,0
T001,2027-09-16,4,0
T001,2027-09-16,5,0
T001,2027-09-16,6,0
T001,2027-09-16,7,0
T001,2027-09-16,8,4
T001,2027-09-16,9,12
T001,2027-09-16,10,22
T001,2027-09-16,11,41
T001,2027-09-16,12,58
T001,2027-09-16,13,89
T001,2027-09-16,14,91
T001,2027-09-16,15,116
T001,2027-09-16,16,85
T001,2027-09-16,17,90
T001,2027-09-16,18,100
T001,2027-09-16,19,118
T001,2027-09-16,20,64
T001,2027-09-16,21,66
T001,2027-09-16,22,0
T001,2027-09-16,23,0
T001,2027-09-17,0,0
T001,2027-09-17,1,0
T001,2027-09-17,2,0
T001,2027-09-17,3,0
T001,2027-09-17,4,0
T001,2027-09-17,5,0
T001,2027-09-17,6,0
T001,2027-09-17,7,0
T001,2027-09-17,8,3
T001,2027-09-17,9,12
T001,2027-09-17,10,27
T001,2027-09-17,11,40
T001,2027-09-17,12,65
T001,2027-09-17,13,67
T001,2027-09-17,14,105
T001,2027-09-17,15,89
T001,2027-09-17,16,97
T001,2027-09-17,17,97
T001,2027-09-17,18,113
T001,2027-09-17,19,113
T001,2027-09-17,20,71
T001,2027-09-17,21,61
T001,2027-09-17,22,0
T001,2027-09-17,23,0
T001,2027-09-18,0,0
T001,2027-09-18,1,0
T001,2027-09-18,2,0
T001,2027-09-18,3,0
T001,2027-09-18,4,0
T001,2027-09-18,5,0
T001,2027-09-18,6,0
T001,2027-09-18,7,0
T001,2027-09-18,8,7
T001,2027-09-18,9,18
T001,2027-09-18,10,38
T001,2027-09-18,11,64
T001,2027-09-18,12,89
T001,2027-09-18,13,140
T001,2027-09-18,14,175
T001,2027-09-18,15,155
T001,2027-09-18,16,173
T001,2027-09-18,17,173
T001,2027-09-18,18,166
T001,2027-09-18,19,134
T001,2027-09-18,20,120
T001,2027-09-18,21,90
T001,2027-09-18,22,0
T001,2027-09-18,23,0
T005,2027-09-12,0,0
T005,2027-09-12,1,0
T005,2027-09-12,2,0
T005,2027-09-12,3,0
T005,2027-09-12,4,0
T005,2027-09-12,5,0
T005,2027-09-12,6,0
T005,2027-09-12,7,4
T005,2027-09-12,8,15
T005,2027-09-12,9,28
T005,2027-09-12,10,66
T005,2027-09-12,11,115
T005,2027-09-12,12,137
T005,2027-09-12,13,264
T005,2027-09-12,14,203
T005,2027-09-12,15,262
T005,2027-09-12,16,251
T005,2027-09-12,17,238
T005,2027-09-12,18,217
T005,2027-09-12,19,237
T005,2027-09-12,20,154
T005,2027-09-12,21,151
T005,2027-09-12,22,0
T005,2027-09-12,23,0
T005,2027-09-13,0,0
T005,2027-09-13,1,0
T005,2027-09-13,2,0
T005,2027-09-13,3,0
T005,2027-09-13,4,0
T005,2027-09-13,5,0
T005,2027-09-13,6,0
T005,2027-09-13,7,2
T005,2027-09-13,8,7
T005,2027-09-13,9,21
T005,2027-09-13,10,43
T005,2027-09-13,11,60
T005,2027-09-13,12,93
T005,2027-09-13,13,131
T005,2027-09-13,14,154
T005,2027-09-13,15,202
T005,2027-09-13,16,176
T005,2027-09-13,17,156
T005,2027-09-13,18,140
T005,2027-09-13,19,166
T005,2027-09-13,20,133
T005,2027-09-13,21,86
T005,2027-09-13,22,0
T005,2027-09-13,23,0
T005,2027-09-14,0,0
T005,2027-09-14,1,0
T005,2027-09-14,2,0
T005,2027-09-14,3,0
T005,2027-09-14,4,0
T005,2027-09-14,5,0
T005,2027-09-14,6,0
T005,2027-09-14,7,2
T005,2027-09-14,8,8
T005,2027-09-14,9,17
T005,2027-09-14,10,42
T005,2027-09-14,11,60
T005,2027-09-14,12,134
T005,2027-09-14,13,148
T005,2027-09-14,14,188
T005,2027-09-14,15,181
T005,2027-09-14,16,194
T005,2027-09-14,17,141
T005,2027-09-14,18,175
T005,2027-09-14,19,139
T005,2027-09-14,20,103
T005,2027-09-14,21,91
T005,2027-09-14,22,0
T005,2027-09-14,23,0
T005,2027-09-15,0,0
T005,2027-09-15,1,0
T005,2027-09-15,2,0
T005,2027-09-15,3,0
T005,2027-09-15,4,0
T005,2027-09-15,5,0
T005,2027-09-15,6,0
T005,2027-09-15,7,4
T005,2027-09-15,8,14
T005,2027-09-15,9,34
T005,2027-09-15,10,82
T005,2027-09-15,11,120
T005,2027-09-15,12,177
T005,2027-09-15,13,234
T005,2027-09-15,14,282
T005,2027-09-15,15,266
T005,2027-09-15,16,255
T005,2027-09-15,17,280
T005,2027-09-15,18,265
T005,2027-09-15,19,247
T005,2027-09-15,20,186
T005,2027-09-15,21,162
T005,2027-09-15,22,0
T005,2027-09-15,23,0
T005,2027-09-16,0,0
T005,2027-09-16,1,0
T005,2027-09-16,2,0
T005,2027-09-16,3,0
T005,2027-09-16,4,0
T005,2027-09-16,5,0
T005,2027-09-16,6,0
T005,2027-09-16,7,1
T005,2027-09-16,8,8
T005,2027-09-16,9,20
T005,2027-09-16,10,42
T005,2027-09-16,11,72
T005,2027-09-16,12,112
T005,2027-09-16,13,138
T005,2027-09-16,14,156
T005,2027-09-16,15,168
T005,2027-09-16,16,166
T005,2027-09-16,17,157
T005,2027-09-16,18,170
T005,2027-09-16,19,156
T005,2027-09-16,20,124
T005,2027-09-16,21,88
T005,2027-09-16,22,0
T005,2027-09-16,23,0
T005,2027-09-17,0,0
T005,2027-09-17,1,0
T005,2027-09-17,2,0
T005,2027-09-17,3,0
T005,2027-09-17,4,0
T005,2027-09-17,5,0
T005,2027-09-17,6,0
T005,2027-09-17,7,3
T005,2027-09-17,8,6
T005,2027-09-17,9,17
T005,2027-09-17,10,36
T005,2027-09-17,11,90
T005,2027-09-17,12,119
T005,2027-09-17,13,147
T005,2027-09-17,14,166
T005,2027-09-17,15,158
T005,2027-09-17,16,174
T005,2027-09-17,17,167
T005,2027-09-17,18,157
T005,2027-09-17,19,155
T005,2027-09-17,20,118
T005,2027-09-17,21,100
T005,2027-09-17,22,0
T005,2027-09-17,23,0
T005,2027-09-18,0,0
T005,2027-09-18,1,0
T005,2027-09-18,2,0
T005,2027-09-18,3,0
T005,2027-09-18,4,0
T005,2027-09-18,5,0
T005,2027-09-18,6,0
T005,2027-09-18,7,2
T005,2027-09-18,8,12
T005,2027-09-18,9,29
T005,2027-09-18,10,59
T005,2027-09-18,11,138
T005,2027-09-18,12,154
T005,2027-09-18,13,238
T005,2027-09-18,14,261
T005,2027-09-18,15,284
T005,2027-09-18,16,243
T005,2027-09-18,17,243
T005,2027-09-18,18,254
T005,2027-09-18,19,192
T005,2027-09-18,20,162
T005,2027-09-18,21,124
T005,2027-09-18,22,0
T005,2027-09-18,23,0
T007,2027-09-12,0,0
T007,2027-09-12,1,0
T007,2027-09-12,2,0
T007,2027-09-12,3,0
T007,2027-09-12,4,0
T007,2027-09-12,5,0
T007,2027-09-12,6,1
T007,2027-09-12,7,6
T007,2027-09-12,8,19
T007,2027-09-12,9,49
T007,2027-09-12,10,86
T007,2027-09-12,11,140
T007,2027-09-12,12,245
T007,2027-09-12,13,319
T007,2027-09-12,14,337
T007,2027-09-12,15,338
T007,2027-09-12,16,343
T007,2027-09-12,17,352
T007,2027-09-12,18,332
T007,2027-09-12,19,326
T007,2027-09-12,20,223
T007,2027-09-12,21,175
T007,2027-09-12,22,129
T007,2027-09-12,23,0
T007,2027-09-13,0,0
T007,2027-09-13,1,0
T007,2027-09-13,2,0
T007,2027-09-13,3,0
T007,2027-09-13,4,0
T007,2027-09-13,5,0
T007,2027-09-13,6,0
T007,2027-09-13,7,3
T007,2027-09-13,8,9
T007,2027-09-13,9,29
T007,2027-09-13,10,63
T007,2027-09-13,11,125
T007,2027-09-13,12,151
T007,2027-09-13,13,237
T007,2027-09-13,14,238
T007,2027-09-13,15,283
T007,2027-09-13,16,300
T007,2027-09-13,17,240
T007,2027-09-13,18,220
T007,2027-09-13,19,233
T007,2027-09-13,20,184
T007,2027-09-13,21,152
T007,2027-09-13,22,98
T007,2027-09-13,23,0
T007,2027-09-14,0,0
T007,2027-09-14,1,0
T007,2027-09-14,2,0
T007,2027-09-14,3,0
T007,2027-09-14,4,0
T007,2027-09-14,5,0
T007,2027-09-14,6,0
T007,2027-09-14,7,4
T007,2027-09-14,8,8
T007,2027-09-14,9,31
T007,2027-09-14,10,57
T007,2027-09-14,11,105
T007,2027-09-14,12,163
T007,2027-09-14,13,224
T007,2027-09-14,14,261
T007,2027-09-14,15,283
T007,2027-09-14,16,272
T007,2027-09-14,17,278
T007,2027-09-14,18,239
T007,2027-09-14,19,245
T007,2027-09-14,20,212
T007,2027-09-14,21,118
T007,2027-09-14,22,114
T007,2027-09-14,23,0
T007,2027-09-15,0,0
T007,2027-09-15,1,0
T007,2027-09-15,2,0
T007,2027-09-15,3,0
T007,2027-09-15,4,0
T007,2027-09-15,5,0
T007,2027-09-15,6,3
T007,2027-09-15,7,6
T007,2027-09-15,8,22
T007,2027-09-15,9,38
T007,2027-09-15,10,114
T007,2027-09-15,11,203
T007,2027-09-15,12,294
T007,2027-09-15,13,376
T007,2027-09-15,14,389
T007,2027-09-15,15,456
T007,2027-09-15,16,504
T007,2027-09-15,17,361
T007,2027-09-15,18,454
T007,2027-09-15,19,363
T007,2027-09-15,20,268
T007,2027-09-15,21,247
T007,2027-09-15,22,190
T007,2027-09-15,23,0
T007,2027-09-16,0,0
T007,2027-09-16,1,0
T007,2027-09-16,2,0
T007,2027-09-16,3,0
T007,2027-09-16,4,0
T007,2027-09-16,5,0
T007,2027-09-16,6,0
T007,2027-09-16,7,4
T007,2027-09-16,8,11
T007,2027-09-16,9,22
T007,2027-09-16,10,59
T007,2027-09-16,11,96
T007,2027-09-16,12,162
T007,2027-09-16,13,244
T007,2027-09-16,14,209
T007,2027-09-16,15,239
T007,2027-09-16,16,250
T007,2027-09-16,17,285
T007,2027-09-16,18,273
T007,2027-09-16,19,199
T007,2027-09-16,20,194
T007,2027-09-16,21,152
T007,2027-09-16,22,84
T007,2027-09-16,23,0
T007,2027-09-17,0,0
T007,2027-09-17,1,0
T007,2027-09-17,2,0
T007,2027-09-17,3,0
T007,2027-09-17,4,0
T007,2027-09-17,5,0
T007,2027-09-17,6,0
T007,2027-09-17,7,3
T007,2027-09-17,8,10
T007,2027-09-17,9,27
T007,2027-09-17,10,61
T007,2027-09-17,11,95
T007,2027-09-17,12,135
T007,2027-09-17,13,178
T007,2027-09-17,14,284
T007,2027-09-17,15,251
T007,2027-09-17,16,196
T007,2027-09-17,17,234
T007,2027-09-17,18,231
T007,2027-09-17,19,222
T007,2027-09-17,20,188
T007,2027-09-17,21,122
T007,2027-09-17,22,87
T007,2027-09-17,23,0
T007,2027-09-18,0,0
T007,2027-09-18,1,0
T007,2027-09-18,2,0
T007,2027-09-18,3,0
T007,2027-09-18,4,0
T007,2027-09-18,5,0
T007,2027-09-18,6,1
T007,2027-09-18,7,5
T007,2027-09-18,8,24
T007,2027-09-18,9,46
T007,2027-09-18,10,74
T007,2027-09-18,11,176
T007,2027-09-18,12,215
T007,2027-09-18,13,347
T007,2027-09-18,14,359
T007,2027-09-18,15,356
T007,2027-09-18,16,429
T007,2027-09-18,17,392
T007,2027-09-18,18,394
T007,2027-09-18,19,339
T007,2027-09-18,20,262
T007,2027-09-18,21,206
T007,2027-09-18,22,154
T007,2027-09-18,23,0
T001,2027-09-19,0,0
T001,2027-09-19,1,0
T001,2027-09-19,2,0
T001,2027-09-19,3,0
T001,2027-09-19,4,0
T001,2027-09-19,5,0
T001,2027-09-19,6,0
T001,2027-09-19,7,0
T001,2027-09-19,8,6
T001,2027-09-19,9,11
T001,2027-09-19,10,36
T001,2027-09-19,11,43
T001,2027-09-19,12,82
T001,2027-09-19,13,140
T001,2027-09-19,14,142
T001,2027-09-19,15,139
T001,2027-09-19,16,141
T001,2027-09-19,17,170
T001,2027-09-19,18,141
T001,2027-09-19,19,166
T001,2027-09-19,20,113
T001,2027-09-19,21,90
T001,2027-09-19,22,0
T001,2027-09-19,23,0
T001,2027-09-20,0,0
T001,2027-09-20,1,0
T001,2027-09-20,2,0
T001,2027-09-20,3,0
T001,2027-09-20,4,0
T001,2027-09-20,5,0
T001,2027-09-20,6,0
T001,2027-09-20,7,0
T001,2027-09-20,8,3
T001,2027-09-20,9,11
T001,2027-09-20,10,25
T001,2027-09-20,11,46
T001,2027-09-20,12,58
T001,2027-09-20,13,71
T001,2027-09-20,14,111
T001,2027-09-20,15,98
T001,2027-09-20,16,88
T001,2027-09-20,17,102
T001,2027-09-20,18,109
T001,2027-09-20,19,78
T001,2027-09-20,20,81
T001,2027-09-20,21,66
T001,2027-09-20,22,0
T001,2027-09-20,23,0
T001,2027-09-21,0,0
T001,2027-09-21,1,0
T001,2027-09-21,2,0
T001,2027-09-21,3,0
T001,2027-09-21,4,0
T001,2027-09-21,5,0
T001,2027-09-21,6,0
T001,2027-09-21,7,0
T001,2027-09-21,8,5
T001,2027-09-21,9,11
T001,2027-09-21,10,25
T001,2027-09-21,11,44
T001,2027-09-21,12,65
T001,2027-09-21,13,96
T001,2027-09-21,14,99
T001,2027-09-21,15,96
T001,2027-09-21,16,100
T001,2027-09-21,17,106
T001,2027-09-21,18,95
T001,2027-09-21,19,93
T001,2027-09-21,20,82
T001,2027-09-21,21,58
T001,2027-09-21,22,0
T001,2027-09-21,23,0
T001,2027-09-22,0,0
T001,2027-09-22,1,0
T001,2027-09-22,2,0
T001,2027-09-22,3,0
T001,2027-09-22,4,0
T001,2027-09-22,5,0
T001,2027-09-22,6,0
T001,2027-09-22,7,0
T001,2027-09-22,8,3
T001,2027-09-22,9,10
T001,2027-09-22,10,24
T001,2027-09-22,11,49
T001,2027-09-22,12,68
T001,2027-09-22,13,91
T001,2027-09-22,14,76
T001,2027-09-22,15,102
T001,2027-09-22,16,91
T001,2027-09-22,17,90
T001,2027-09-22,18,92
T001,2027-09-22,19,100
T001,2027-09-22,20,84
T001,2027-09-22,21,59
T001,2027-09-22,22,0
T001,2027-09-22,23,0
T001,2027-09-23,0,0
T001,2027-09-23,1,0
T001,2027-09-23,2,0
T001,2027-09-23,3,0
T001,2027-09-23,4,0
T001,2027-09-23,5,0
T001,2027-09-23,6,0
T001,2027-09-23,7,0
T001,2027-09-23,8,5
T001,2027-09-23,9,11
T001,2027-09-23,10,23
T001,2027-09-23,11,38
T001,2027-09-23,12,68
T001,2027-09-23,13,85
T001,2027-09-23,14,93
T001,2027-09-23,15,106
T001,2027-09-23,16,86
T001,2027-09-23,17,101
T001,2027-09-23,18,90
T001,2027-09-23,19,104
T001,2027-09-23,20,61
T001,2027-09-23,21,66
T001,2027-09-23,22,0
T001,2027-09-23,23,0
T001,2027-09-24,0,0
T001,2027-09-24,1,0
T001,2027-09-24,2,0
T001,2027-09-24,3,0
T001,2027-09-24,4,0
T001,2027-09-24,5,0
T001,2027-09-24,6,0
T001,2027-09-24,7,0
T001,2027-09-24,8,4
T001,2027-09-24,9,11
T001,2027-09-24,10,27
T001,2027-09-24,11,44
T001,2027-09-24,12,65
T001,2027-09-24,13,75
T001,2027-09-24,14,93
T001,2027-09-24,15,98
T001,2027-09-24,16,98
T001,2027-09-24,17,111
T001,2027-09-24,18,104
T001,2027-09-24,19,113
T001,2027-09-24,20,69
T001,2027-09-24,21,64
T001,2027-09-24,22,0
T001,2027-09-24,23,0
T001,2027-09-25,0,0
T001,2027-09-25,1,0
T001,2027-09-25,2,0
T001,2027-09-25,3,0
T001,2027-09-25,4,0
T001,2027-09-25,5,0
T001,2027-09-25,6,0
T001,2027-09-25,7,0
T001,2027-09-25,8,7
T001,2027-09-25,9,17
T001,2027-09-25,10,41
T001,2027-09-25,11,65
T001,2027-09-25,12,89
T001,2027-09-25,13,155
T001,2027-09-25,14,179
T001,2027-09-25,15,163
T001,2027-09-25,16,159
T001,2027-09-25,17,167
T001,2027-09-25,18,162
T001,2027-09-25,19,144
T001,2027-09-25,20,125
T001,2027-09-25,21,90
T001,2027-09-25,22,0
T001,2027-09-25,23,0
T005,2027-09-19,0,0
T005,2027-09-19,1,0
T005,2027-09-19,2,0
T005,2027-09-19,3,0
T005,2027-09-19,4,0
T005,2027-09-19,5,0
T005,2027-09-19,6,0
T005,2027-09-19,7,3
T005,2027-09-19,8,14
T005,2027-09-19,9,29
T005,2027-09-19,10,67
T005,2027-09-19,11,120
T005,2027-09-19,12,140
T005,2027-09-19,13,272
T005,2027-09-19,14,194
T005,2027-09-19,15,288
T005,2027-09-19,16,281
T005,2027-09-19,17,264
T005,2027-09-19,18,255
T005,2027-09-19,19,256
T005,2027-09-19,20,151
T005,2027-09-19,21,139
T005,2027-09-19,22,0
T005,2027-09-19,23,0
T005,2027-09-20,0,0
T005,2027-09-20,1,0
T005,2027-09-20,2,0
T005,2027-09-20,3,0
T005,2027-09-20,4,0
T005,2027-09-20,5,0
T005,2027-09-20,6,0
T005,2027-09-20,7,1
T005,2027-09-20,8,6
T005,2027-09-20,9,19
T005,2027-09-20,10,46
T005,2027-09-20,11,56
T005,2027-09-20,12,92
T005,2027-09-20,13,171
T005,2027-09-20,14,162
T005,2027-09-20,15,172
T005,2027-09-20,16,179
T005,2027-09-20,17,159
T005,2027-09-20,18,139
T005,2027-09-20,19,165
T005,2027-09-20,20,125
T005,2027-09-20,21,94
T005,2027-09-20,22,0
T005,2027-09-20,23,0
T005,2027-09-21,0,0
T005,2027-09-21,1,0
T005,2027-09-21,2,0
T005,2027-09-21,3,0
T005,2027-09-21,4,0
T005,2027-09-21,5,0
T005,2027-09-21,6,0
T005,2027-09-21,7,1
T005,2027-09-21,8,8
T005,2027-09-21,9,18
T005,2027-09-21,10,47
T005,2027-09-21,11,65
T005,2027-09-21,12,116
T005,2027-09-21,13,167
T005,2027-09-21,14,184
T005,2027-09-21,15,177
T005,2027-09-21,16,187
T005,2027-09-21,17,128
T005,2027-09-21,18,165
T005,2027-09-21,19,138
T005,2027-09-21,20,99
T005,2027-09-21,21,83
T005,2027-09-21,22,0
T005,2027-09-21,23,0
T005,2027-09-22,0,0
T005,2027-09-22,1,0
T005,2027-09-22,2,0
T005,2027-09-22,3,0
T005,2027-09-22,4,0
T005,2027-09-22,5,0
T005,2027-09-22,6,0
T005,2027-09-22,7,2
T005,2027-09-22,8,8
T005,2027-09-22,9,20
T005,2027-09-22,10,46
T005,2027-09-22,11,67
T005,2027-09-22,12,114
T005,2027-09-22,13,145
T005,2027-09-22,14,154
T005,2027-09-22,15,179
T005,2027-09-22,16,168
T005,2027-09-22,17,160
T005,2027-09-22,18,141
T005,2027-09-22,19,149
T005,2027-09-22,20,109
T005,2027-09-22,21,106
T005,2027-09-22,22,0
T005,2027-09-22,23,0
T005,2027-09-23,0,0
T005,2027-09-23,1,0
T005,2027-09-23,2,0
T005,2027-09-23,3,0
T005,2027-09-23,4,0
T005,2027-09-23,5,0
T005,2027-09-23,6,0
T005,2027-09-23,7,2
T005,2027-09-23,8,8
T005,2027-09-23,9,20
T005,2027-09-23,10,43
T005,2027-09-23,11,75
T005,2027-09-23,12,132
T005,2027-09-23,13,140
T005,2027-09-23,14,139
T005,2027-09-23,15,169
T005,2027-09-23,16,170
T005,2027-09-23,17,161
T005,2027-09-23,18,176
T005,2027-09-23,19,165
T005,2027-09-23,20,115
T005,2027-09-23,21,84
T005,2027-09-23,22,0
T005,2027-09-23,23,0
T005,2027-09-24,0,0
T005,2027-09-24,1,0
T005,2027-09-24,2,0
T005,2027-09-24,3,0
T005,2027-09-24,4,0
T005,2027-09-24,5,0
T005,2027-09-24,6,0
T005,2027-09-24,7,2
T005,2027-09-24,8,7
T005,2027-09-24,9,18
T005,2027-09-24,10,38
T005,2027-09-24,11,77
T005,2027-09-24,12,117
T005,2027-09-24,13,132
T005,2027-09-24,14,168
T005,2027-09-24,15,148
T005,2027-09-24,16,178
T005,2027-09-24,17,170
T005,2027-09-24,18,146
T005,2027-09-24,19,174
T005,2027-09-24,20,128
T005,2027-09-24,21,90
T005,2027-09-24,22,0
T005,2027-09-24,23,0
T005,2027-09-25,0,0
T005,2027-09-25,1,0
T005,2027-09-25,2,0
T005,2027-09-25,3,0
T005,2027-09-25,4,0
T005,2027-09-25,5,0
T005,2027-09-25,6,0
T005,2027-09-25,7,2
T005,2027-09-25,8,11
T005,2027-09-25,9,27
T005,2027-09-25,10,60
T005,2027-09-25,11,125
T005,2027-09-25,12,177
T005,2027-09-25,13,241
T005,2027-09-25,14,249
T005,2027-09-25,15,243
T005,2027-09-25,16,230
T005,2027-09-25,17,255
T005,2027-09-25,18,233
T005,2027-09-25,19,179
T005,2027-09-25,20,180
T005,2027-09-25,21,155
T005,2027-09-25,22,0
T005,2027-09-25,23,0
T007,2027-09-19,0,0
T007,2027-09-19,1,0
T007,2027-09-19,2,0
T007,2027-09-19,3,0
T007,2027-09-19,4,0
T007,2027-09-19,5,0
T007,2027-09-19,6,0
T007,2027-09-19,7,5
T007,2027-09-19,8,19
T007,2027-09-19,9,50
T007,2027-09-19,10,84
T007,2027-09-19,11,143
T007,2027-09-19,12,251
T007,2027-09-19,13,329
T007,2027-09-19,14,330
T007,2027-09-19,15,353
T007,2027-09-19,16,375
T007,2027-09-19,17,359
T007,2027-09-19,18,344
T007,2027-09-19,19,350
T007,2027-09-19,20,220
T007,2027-09-19,21,166
T007,2027-09-19,22,140
T007,2027-09-19,23,0
T007,2027-09-20,0,0
T007,2027-09-20,1,0
T007,2027-09-20,2,0
T007,2027-09-20,3,0
T007,2027-09-20,4,0
T007,2027-09-20,5,0
T007,2027-09-20,6,0
T007,2027-09-20,7,4
T007,2027-09-20,8,10
T007,2027-09-20,9,31
T007,2027-09-20,10,60
T007,2027-09-20,11,123
T007,2027-09-20,12,146
T007,2027-09-20,13,246
T007,2027-09-20,14,236
T007,2027-09-20,15,290
T007,2027-09-20,16,262
T007,2027-09-20,17,267
T007,2027-09-20,18,234
T007,2027-09-20,19,216
T007,2027-09-20,20,181
T007,2027-09-20,21,147
T007,2027-09-20,22,91
T007,2027-09-20,23,0
T007,2027-09-21,0,0
T007,2027-09-21,1,0
T007,2027-09-21,2,0
T007,2027-09-21,3,0
T007,2027-09-21,4,0
T007,2027-09-21,5,0
T007,2027-09-21,6,0
T007,2027-09-21,7,3
T007,2027-09-21,8,9
T007,2027-09-21,9,34
T007,2027-09-21,10,56
T007,2027-09-21,11,111
T007,2027-09-21,12,175
T007,2027-09-21,13,216
T007,2027-09-21,14,241
T007,2027-09-21,15,270
T007,2027-09-21,16,286
T007,2027-09-21,17,291
T007,2027-09-21,18,246
T007,2027-09-21,19,260
T007,2027-09-21,20,178
T007,2027-09-21,21,116
T007,2027-09-21,22,121
T007,2027-09-21,23,0
T007,2027-09-22,0,0
T007,2027-09-22,1,0
T007,2027-09-22,2,0
T007,2027-09-22,3,0
T007,2027-09-22,4,0
T007,2027-09-22,5,0
T007,2027-09-22,6,0
T007,2027-09-22,7,4
T007,2027-09-22,8,12
T007,2027-09-22,9,23
T007,2027-09-22,10,64
T007,2027-09-22,11,119
T007,2027-09-22,12,151
T007,2027-09-22,13,211
T007,2027-09-22,14,223
T007,2027-09-22,15,260
T007,2027-09-22,16,292
T007,2027-09-22,17,186
T007,2027-09-22,18,255
T007,2027-09-22,19,213
T007,2027-09-22,20,174
T007,2027-09-22,21,144
T007,2027-09-22,22,107
T007,2027-09-22,23,0
T007,2027-09-23,0,0
T007,2027-09-23,1,0
T007,2027-09-23,2,0
T007,2027-09-23,3,0
T007,2027-09-23,4,0
T007,2027-09-23,5,0
T007,2027-09-23,6,1
T007,2027-09-23,7,3
T007,2027-09-23,8,11
T007,2027-09-23,9,24
T007,2027-09-23,10,66
T007,2027-09-23,11,99
T007,2027-09-23,12,167
T007,2027-09-23,13,230
T007,2027-09-23,14,214
T007,2027-09-23,15,285
T007,2027-09-23,16,224
T007,2027-09-23,17,260
T007,2027-09-23,18,258
T007,2027-09-23,19,189
T007,2027-09-23,20,194
T007,2027-09-23,21,154
T007,2027-09-23,22,88
T007,2027-09-23,23,0
T007,2027-09-24,0,0
T007,2027-09-24,1,0
T007,2027-09-24,2,0
T007,2027-09-24,3,0
T007,2027-09-24,4,0
T007,2027-09-24,5,0
T007,2027-09-24,6,0
T007,2027-09-24,7,4
T007,2027-09-24,8,10
T007,2027-09-24,9,29
T007,2027-09-24,10,60
T007,2027-09-24,11,99
T007,2027-09-24,12,151
T007,2027-09-24,13,194
T007,2027-09-24,14,249
T007,2027-09-24,15,264
T007,2027-09-24,16,201
T007,2027-09-24,17,247
T007,2027-09-24,18,250
T007,2027-09-24,19,195
T007,2027-09-24,20,192
T007,2027-09-24,21,122
T007,2027-09-24,22,89
T007,2027-09-24,23,0
T007,2027-09-25,0,0
T007,2027-09-25,1,0
T007,2027-09-25,2,0
T007,2027-09-25,3,0
T007,2027-09-25,4,0
T007,2027-09-25,5,0
T007,2027-09-25,6,0
T007,2027-09-25,7,6
T007,2027-09-25,8,24
T007,2027-09-25,9,45
T007,2027-09-25,10,73
T007,2027-09-25,11,171
T007,2027-09-25,12,222
T007,2027-09-25,13,354
T007,2027-09-25,14,390
T007,2027-09-25,15,390
T007,2027-09-25,16,438
T007,2027-09-25,17,389
T007,2027-09-25,18,372
T007,2027-09-25,19,345
T007,2027-09-25,20,251
T007,2027-09-25,21,229
T007,2027-09-25,22,159
T007,2027-09-25,23,0
T001,2027-09-26,0,0
T001,2027-09-26,1,0
T001,2027-09-26,2,0
T001,2027-09-26,3,0
T001,2027-09-26,4,0
T001,2027-09-26,5,0
T001,2027-09-26,6,0
T001,2027-09-26,7,0
T001,2027-09-26,8,7
T001,2027-09-26,9,13
T001,2027-09-26,10,37
T001,2027-09-26,11,42
T001,2027-09-26,12,87
T001,2027-09-26,13,130
T001,2027-09-26,14,152
T001,2027-09-26,15,136
T001,2027-09-26,16,148
T001,2027-09-26,17,148
T001,2027-09-26,18,136
T001,2027-09-26,19,167
T001,2027-09-26,20,115
T001,2027-09-26,21,89
T001,2027-09-26,22,0
T001,2027-09-26,23,0
T001,2027-09-27,0,0
T001,2027-09-27,1,0
T001,2027-09-27,2,0
T001,2027-09-27,3,0
T001,2027-09-27,4,0
T001,2027-09-27,5,0
T001,2027-09-27,6,0
T001,2027-09-27,7,0
T001,2027-09-27,8,4
T001,2027-09-27,9,12
T001,2027-09-27,10,25
T001,2027-09-27,11,45
T001,2027-09-27,12,64
T001,2027-09-27,13,85
T001,2027-09-27,14,111
T001,2027-09-27,15,97
T001,2027-09-27,16,85
T001,2027-09-27,17,98
T001,2027-09-27,18,99
T001,2027-09-27,19,78
T001,2027-09-27,20,76
T001,2027-09-27,21,59
T001,2027-09-27,22,0
T001,2027-09-27,23,0
T001,2027-09-28,0,0
T001,2027-09-28,1,0
T001,2027-09-28,2,0
T001,2027-09-28,3,0
T001,2027-09-28,4,0
T001,2027-09-28,5,0
T001,2027-09-28,6,0
T001,2027-09-28,7,0
T001,2027-09-28,8,4
T001,2027-09-28,9,11
T001,2027-09-28,10,29
T001,2027-09-28,11,43
T001,2027-09-28,12,67
T001,2027-09-28,13,86
T001,2027-09-28,14,99
T001,2027-09-28,15,90
T001,2027-09-28,16,102
T001,2027-09-28,17,106
T001,2027-09-28,18,93
T001,2027-09-28,19,84
T001,2027-09-28,20,90
T001,2027-09-28,21,55
T001,2027-09-28,22,0
T001,2027-09-28,23,0
T001,2027-09-29,0,0
T001,2027-09-29,1,0
T001,2027-09-29,2,0
T001,2027-09-29,3,0
T001,2027-09-29,4,0
T001,2027-09-29,5,0
T001,2027-09-29,6,0
T001,2027-09-29,7,0
T001,2027-09-29,8,3
T001,2027-09-29,9,12
T001,2027-09-29,10,25
T001,2027-09-29,11,45
T001,2027-09-29,12,65
T001,2027-09-29,13,96
T001,2027-09-29,14,76
T001,2027-09-29,15,99
T001,2027-09-29,16,77
T001,2027-09-29,17,94
T001,2027-09-29,18,100
T001,2027-09-29,19,100
T001,2027-09-29,20,80
T001,2027-09-29,21,60
T001,2027-09-29,22,0
T001,2027-09-29,23,0
T001,2027-09-30,0,0
T001,2027-09-30,1,0
T001,2027-09-30,2,0
T001,2027-09-30,3,0
T001,2027-09-30,4,0
T001,2027-09-30,5,0
T001,2027-09-30,6,0
T001,2027-09-30,7,0
T001,2027-09-30,8,7
T001,2027-09-30,9,16
T001,2027-09-30,10,31
T001,2027-09-30,11,51
T001,2027-09-30,12,86
T001,2027-09-30,13,125
T001,2027-09-30,14,121
T001,2027-09-30,15,155
T001,2027-09-30,16,122
T001,2027-09-30,17,141
T001,2027-09-30,18,129
T001,2027-09-30,19,142
T001,2027-09-30,20,88
T001,2027-09-30,21,83
T001,2027-09-30,22,0
T001,2027-09-30,23,0
T001,2027-10-01,0,0
T001,2027-10-01,1,0
T001,2027-10-01,2,0
T001,2027-10-01,3,0
T001,2027-10-01,4,0
T001,2027-10-01,5,0
T001,2027-10-01,6,0
T001,2027-10-01,7,0
T001,2027-10-01,8,3
T001,2027-10-01,9,12
T001,2027-10-01,10,26
T001,2027-10-01,11,44
T001,2027-10-01,12,63
T001,2027-10-01,13,76
T001,2027-10-01,14,103
T001,2027-10-01,15,84
T001,2027-10-01,16,107
T001,2027-10-01,17,104
T001,2027-10-01,18,105
T001,2027-10-01,19,105
T001,2027-10-01,20,72
T001,2027-10-01,21,67
T001,2027-10-01,22,0
T001,2027-10-01,23,0
T001,2027-10-02,0,0
T001,2027-10-02,1,0
T001,2027-10-02,2,0
T001,2027-10-02,3,0
T001,2027-10-02,4,0
T001,2027-10-02,5,0
T001,2027-10-02,6,0
T001,2027-10-02,7,0
T001,2027-10-02,8,7
T001,2027-10-02,9,18
T001,2027-10-02,10,39
T001,2027-10-02,11,70
T001,2027-10-02,12,101
T001,2027-10-02,13,143
T001,2027-10-02,14,167
T001,2027-10-02,15,164
T001,2027-10-02,16,164
T001,2027-10-02,17,156
T001,2027-10-02,18,148
T001,2027-10-02,19,135
T001,2027-10-02,20,120
T001,2027-10-02,21,92
T001,2027-10-02,22,0
T001,2027-10-02,23,0
T005,2027-09-26,0,0
T005,2027-09-26,1,0
T005,2027-09-26,2,0
T005,2027-09-26,3,0
T005,2027-09-26,4,0
T005,2027-09-26,5,0
T005,2027-09-26,6,0
T005,2027-09-26,7,3
T005,2027-09-26,8,13
T005,2027-09-26,9,26
T005,2027-09-26,10,66
T005,2027-09-26,11,119
T005,2027-09-26,12,138
T005,2027-09-26,13,258
T005,2027-09-26,14,217
T005,2027-09-26,15,278
T005,2027-09-26,16,255
T005,2027-09-26,17,245
T005,2027-09-26,18,235
T005,2027-09-26,19,233
T005,2027-09-26,20,164
T005,2027-09-26,21,144
T005,2027-09-26,22,0
T005,2027-09-26,23,0
T005,2027-09-27,0,0
T005,2027-09-27,1,0
T005,2027-09-27,2,0
T005,2027-09-27,3,0
T005,2027-09-27,4,0
T005,2027-09-27,5,0
T005,2027-09-27,6,0
T005,2027-09-27,7,2
T005,2027-09-27,8,6
T005,2027-09-27,9,21
T005,2027-09-27,10,42
T005,2027-09-27,11,61
T005,2027-09-27,12,95
T005,2027-09-27,13,158
T005,2027-09-27,14,146
T005,2027-09-27,15,169
T005,2027-09-27,16,185
T005,2027-09-27,17,147
T005,2027-09-27,18,132
T005,2027-09-27,19,180
T005,2027-09-27,20,123
T005,2027-09-27,21,87
T005,2027-09-27,22,0
T005,2027-09-27,23,0
T005,2027-09-28,0,0
T005,2027-09-28,1,0
T005,2027-09-28,2,0
T005,2027-09-28,3,0
T005,2027-09-28,4,0
T005,2027-09-28,5,0
T005,2027-09-28,6,0
T005,2027-09-28,7,1
T005,2027-09-28,8,8
T005,2027-09-28,9,18
T005,2027-09-28,10,45
T005,2027-09-28,11,61
T005,2027-09-28,12,123
T005,2027-09-28,13,157
T005,2027-09-28,14,200
T005,2027-09-28,15,169
T005,2027-09-28,16,189
T005,2027-09-28,17,151
T005,2027-09-28,18,172
T005,2027-09-28,19,149
T005,2027-09-28,20,103
T005,2027-09-28,21,93
T005,2027-09-28,22,0
T005,2027-09-28,23,0
T005,2027-09-29,0,0
T005,2027-09-29,1,0
T005,2027-09-29,2,0
T005,2027-09-29,3,0
T005,2027-09-29,4,0
T005,2027-09-29,5,0
T005,2027-09-29,6,0
T005,2027-09-29,7,2
T005,2027-09-29,8,7
T005,2027-09-29,9,20
T005,2027-09-29,10,45
T005,2027-09-29,11,63
T005,2027-09-29,12,114
T005,2027-09-29,13,135
T005,2027-09-29,14,160
T005,2027-09-29,15,169
T005,2027-09-29,16,179
T005,2027-09-29,17,169
T005,2027-09-29,18,160
T005,2027-09-29,19,164
T005,2027-09-29,20,102
T005,2027-09-29,21,89
T005,2027-09-29,22,0
T005,2027-09-29,23,0
T005,2027-09-30,0,0
T005,2027-09-30,1,0
T005,2027-09-30,2,0
T005,2027-09-30,3,0
T005,2027-09-30,4,0
T005,2027-09-30,5,0
T005,2027-09-30,6,0
T005,2027-09-30,7,3
T005,2027-09-30,8,12
T005,2027-09-30,9,26
T005,2027-09-30,10,62
T005,2027-09-30,11,97
T005,2027-09-30,12,152
T005,2027-09-30,13,183
T005,2027-09-30,14,200
T005,2027-09-30,15,233
T005,2027-09-30,16,231
T005,2027-09-30,17,208
T005,2027-09-30,18,232
T005,2027-09-30,19,227
T005,2027-09-30,20,144
T005,2027-09-30,21,131
T005,2027-09-30,22,0
T005,2027-09-30,23,0
T005,2027-10-01,0,0
T005,2027-10-01,1,0
T005,2027-10-01,2,0
T005,2027-10-01,3,0
T005,2027-10-01,4,0
T005,2027-10-01,5,0
T005,2027-10-01,6,0
T005,2027-10-01,7,3
T005,2027-10-01,8,7
T005,2027-10-01,9,18
T005,2027-10-01,10,42
T005,2027-10-01,11,81
T005,2027-10-01,12,124
T005,2027-10-01,13,133
T005,2027-10-01,14,167
T005,2027-10-01,15,165
T005,2027-10-01,16,190
T005,2027-10-01,17,154
T005,2027-10-01,18,164
T005,2027-10-01,19,150
T005,2027-10-01,20,124
T005,2027-10-01,21,96
T005,2027-10-01,22,0
T005,2027-10-01,23,0
T005,2027-10-02,0,0
T005,2027-10-02,1,0
T005,2027-10-02,2,0
T005,2027-10-02,3,0
T005,2027-10-02,4,0
T005,2027-10-02,5,0
T005,2027-10-02,6,0
T005,2027-10-02,7,2
T005,2027-10-02,8,11
T005,2027-10-02,9,31
T005,2027-10-02,10,59
T005,2027-10-02,11,122
T005,2027-10-02,12,176
T005,2027-10-02,13,260
T005,2027-10-02,14,258
T005,2027-10-02,15,263
T005,2027-10-02,16,234
T005,2027-10-02,17,226
T005,2027-10-02,18,213
T005,2027-10-02,19,190
T005,2027-10-02,20,160
T005,2027-10-02,21,137
T005,2027-10-02,22,0
T005,2027-10-02,23,0
T007,2027-09-26,0,0
T007,2027-09-26,1,0
T007,2027-09-26,2,0
T007,2027-09-26,3,0
T007,2027-09-26,4,0
T007,2027-09-26,5,0
T007,2027-09-26,6,0
T007,2027-09-26,7,6
T007,2027-09-26,8,18
T007,2027-09-26,9,46
T007,2027-09-26,10,89
T007,2027-09-26,11,143
T007,2027-09-26,12,258
T007,2027-09-26,13,336
T007,2027-09-26,14,290
T007,2027-09-26,15,350
T007,2027-09-26,16,383
T007,2027-09-26,17,369
T007,2027-09-26,18,328
T007,2027-09-26,19,335
T007,2027-09-26,20,236
T007,2027-09-26,21,195
T007,2027-09-26,22,140
T007,2027-09-26,23,0
T007,2027-09-27,0,0
T007,2027-09-27,1,0
T007,2027-09-27,2,0
T007,2027-09-27,3,0
T007,2027-09-27,4,0
T007,2027-09-27,5,0
T007,2027-09-27,6,0
T007,2027-09-27,7,4
T007,2027-09-27,8,10
T007,2027-09-27,9,29
T007,2027-09-27,10,59
T007,2027-09-27,11,122
T007,2027-09-27,12,149
T007,2027-09-27,13,209
T007,2027-09-27,14,254
T007,2027-09-27,15,272
T007,2027-09-27,16,274
T007,2027-09-27,17,260
T007,2027-09-27,18,237
T007,2027-09-27,19,196
T007,2027-09-27,20,179
T007,2027-09-27,21,160
T007,2027-09-27,22,87
T007,2027-09-27,23,0
T007,2027-09-28,0,0
T007,2027-09-28,1,0
T007,2027-09-28,2,0
T007,2027-09-28,3,0
T007,2027-09-28,4,0
T007,2027-09-28,5,0
T007,2027-09-28,6,0
T007,2027-09-28,7,4
T007,2027-09-28,8,9
T007,2027-09-28,9,32
T007,2027-09-28,10,60
T007,2027-09-28,11,107
T007,2027-09-28,12,164
T007,2027-09-28,13,205
T007,2027-09-28,14,268
T007,2027-09-28,15,251
T007,2027-09-28,16,284
T007,2027-09-28,17,300
T007,2027-09-28,18,231
T007,2027-09-28,19,262
T007,2027-09-28,20,189
T007,2027-09-28,21,113
T007,2027-09-28,22,116
T007,2027-09-28,23,0
T007,2027-09-29,0,0
T007,2027-09-29,1,0
T007,2027-09-29,2,0
T007,2027-09-29,3,0
T007,2027-09-29,4,0
T007,2027-09-29,5,0
T007,2027-09-29,6,1
T007,2027-09-29,7,4
T007,2027-09-29,8,12
T007,2027-09-29,9,24
T007,2027-09-29,10,65
T007,2027-09-29,11,113
T007,2027-09-29,12,151
T007,2027-09-29,13,223
T007,2027-09-29,14,215
T007,2027-09-29,15,252
T007,2027-09-29,16,300
T007,2027-09-29,17,181
T007,2027-09-29,18,228
T007,2027-09-29,19,200
T007,2027-09-29,20,159
T007,2027-09-29,21,140
T007,2027-09-29,22,103
T007,2027-09-29,23,0
T007,2027-09-30,0,0
T007,2027-09-30,1,0
T007,2027-09-30,2,0
T007,2027-09-30,3,0
T007,2027-09-30,4,0
T007,2027-09-30,5,0
T007,2027-09-30,6,1
T007,2027-09-30,7,4
T007,2027-09-30,8,13
T007,2027-09-30,9,30
T007,2027-09-30,10,98
T007,2027-09-30,11,146
T007,2027-09-30,12,251
T007,2027-09-30,13,329
T007,2027-09-30,14,277
T007,2027-09-30,15,330
T007,2027-09-30,16,334
T007,2027-09-30,17,317
T007,2027-09-30,18,365
T007,2027-09-30,19,235
T007,2027-09-30,20,280
T007,2027-09-30,21,191
T007,2027-09-30,22,118
T007,2027-09-30,23,0
T007,2027-10-01,0,0
T007,2027-10-01,1,0
T007,2027-10-01,2,0
T007,2027-10-01,3,0
T007,2027-10-01,4,0
T007,2027-10-01,5,0
T007,2027-10-01,6,1
T007,2027-10-01,7,4
T007,2027-10-01,8,10
T007,2027-10-01,9,30
T007,2027-10-01,10,57
T007,2027-10-01,11,102
T007,2027-10-01,12,151
T007,2027-10-01,13,157
T007,2027-10-01,14,251
T007,2027-10-01,15,245
T007,2027-10-01,16,205
T007,2027-10-01,17,246
T007,2027-10-01,18,222
T007,2027-10-01,19,215
T007,2027-10-01,20,180
T007,2027-10-01,21,131
T007,2027-10-01,22,80
T007,2027-10-01,23,0
T007,2027-10-02,0,0
T007,2027-10-02,1,0
T007,2027-10-02,2,0
T007,2027-10-02,3,0
T007,2027-10-02,4,0
T007,2027-10-02,5,0
T007,2027-10-02,6,1
T007,2027-10-02,7,5
T007,2027-10-02,8,25
T007,2027-10-02,9,45
T007,2027-10-02,10,78
T007,2027-10-02,11,172
T007,2027-10-02,12,229
T007,2027-10-02,13,384
T007,2027-10-02,14,360
T007,2027-10-02,15,366
T007,2027-10-02,16,450
T007,2027-10-02,17,364
T007,2027-10-02,18,379
T007,2027-10-02,19,352
T007,2027-10-02,20,253
T007,2027-10-02,21,227
T007,2027-10-02,22,148
T007,2027-10-02,23,0
