tienda_id,fecha,hora,tickets,monto_mxn
T001,2027-06-27,0,0,0.0
T001,2027-06-27,1,0,0.0
T001,2027-06-27,2,0,0.0
T001,2027-06-27,3,0,0.0
T001,2027-06-27,4,0,0.0
T001,2027-06-27,5,0,0.0
T001,2027-06-27,6,0,0.0
T001,2027-06-27,7,0,0.0
T001,2027-06-27,8,5,602.81
T001,2027-06-27,9,8,995.43
T001,2027-06-27,10,28,3693.01
T001,2027-06-27,11,32,3700.58
T001,2027-06-27,12,62,8018.11
T001,2027-06-27,13,95,12167.55
T001,2027-06-27,14,107,13141.18
T001,2027-06-27,15,97,11390.05
T001,2027-06-27,16,104,13211.27
T001,2027-06-27,17,120,14786.87
T001,2027-06-27,18,98,12548.65
T001,2027-06-27,19,126,15965.87
T001,2027-06-27,20,79,10800.26
T001,2027-06-27,21,67,8379.03
T001,2027-06-27,22,0,0.0
T001,2027-06-27,23,0,0.0
T001,2027-06-28,0,0,0.0
T001,2027-06-28,1,0,0.0
T001,2027-06-28,2,0,0.0
T001,2027-06-28,3,0,0.0
T001,2027-06-28,4,0,0.0
T001,2027-06-28,5,0,0.0
T001,2027-06-28,6,0,0.0
T001,2027-06-28,7,0,0.0
T001,2027-06-28,8,2,248.22
T001,2027-06-28,9,8,942.9
T001,2027-06-28,10,18,2350.7
T001,2027-06-28,11,35,4380.9
T001,2027-06-28,12,41,4807.93
T001,2027-06-28,13,62,7449.15
T001,2027-06-28,14,83,10670.4
T001,2027-06-28,15,72,9495.31
T001,2027-06-28,16,63,8770.34
T001,2027-06-28,17,73,10586.17
T001,2027-06-28,18,70,9043.83
T001,2027-06-28,19,54,6496.87
T001,2027-06-28,20,47,5314.84
T001,2027-06-28,21,45,5772.12
T001,2027-06-28,22,0,0.0
T001,2027-06-28,23,0,0.0
T001,2027-06-29,0,0,0.0
T001,2027-06-29,1,0,0.0
T001,2027-06-29,2,0,0.0
T001,2027-06-29,3,0,0.0
T001,2027-06-29,4,0,0.0
T001,2027-06-29,5,0,0.0
T001,2027-06-29,6,0,0.0
T001,2027-06-29,7,0,0.0
T001,2027-06-29,8,3,378.7
T001,2027-06-29,9,8,1102.11
T001,2027-06-29,10,18,2293.19
T001,2027-06-29,11,32,4249.42
T001,2027-06-29,12,48,5923.92
T001,2027-06-29,13,71,8454.38
T001,2027-06-29,14,70,8432.69
T001,2027-06-29,15,66,8051.02
T001,2027-06-29,16,69,9663.14
T001,2027-06-29,17,75,9103.24
T001,2027-06-29,18,72,9495.47
T001,2027-06-29,19,66,7976.8
T001,2027-06-29,20,55,7285.88
T001,2027-06-29,21,40,5160.45
T001,2027-06-29,22,0,0.0
T001,2027-06-29,23,0,0.0
T001,2027-06-30,0,0,0.0
T001,2027-06-30,1,0,0.0
T001,2027-06-30,2,0,0.0
T001,2027-06-30,3,0,0.0
T001,2027-06-30,4,0,0.0
T001,2027-06-30,5,0,0.0
T001,2027-06-30,6,0,0.0
T001,2027-06-30,7,0,0.0
T001,2027-06-30,8,4,503.3
T001,2027-06-30,9,11,1412.22
T001,2027-06-30,10,24,3236.17
T001,2027-06-30,11,45,5758.35
T001,2027-06-30,12,70,8678.2
T001,2027-06-30,13,93,12422.6
T001,2027-06-30,14,75,9696.63
T001,2027-06-30,15,100,13629.44
T001,2027-06-30,16,78,9963.3
T001,2027-06-30,17,97,11526.08
T001,2027-06-30,18,90,10612.46
T001,2027-06-30,19,86,11784.0
T001,2027-06-30,20,77,10586.24
T001,2027-06-30,21,59,7400.89
T001,2027-06-30,22,0,0.0
T001,2027-06-30,23,0,0.0
T001,2027-07-01,0,0,0.0
T001,2027-07-01,1,0,0.0
T001,2027-07-01,2,0,0.0
T001,2027-07-01,3,0,0.0
T001,2027-07-01,4,0,0.0
T001,2027-07-01,5,0,0.0
T001,2027-07-01,6,0,0.0
T001,2027-07-01,7,0,0.0
T001,2027-07-01,8,2,267.02
T001,2027-07-01,9,8,1097.46
T001,2027-07-01,10,17,1908.48
T001,2027-07-01,11,28,3579.66
T001,2027-07-01,12,46,5601.21
T001,2027-07-01,13,74,8736.32
T001,2027-07-01,14,63,7624.09
T001,2027-07-01,15,82,10193.31
T001,2027-07-01,16,68,9034.35
T001,2027-07-01,17,76,8934.45
T001,2027-07-01,18,74,9317.51
T001,2027-07-01,19,84,10374.9
T001,2027-07-01,20,50,6274.86
T001,2027-07-01,21,52,6978.36
T001,2027-07-01,22,0,0.0
T001,2027-07-01,23,0,0.0
T001,2027-07-02,0,0,0.0
T001,2027-07-02,1,0,0.0
T001,2027-07-02,2,0,0.0
T001,2027-07-02,3,0,0.0
T001,2027-07-02,4,0,0.0
T001,2027-07-02,5,0,0.0
T001,2027-07-02,6,0,0.0
T001,2027-07-02,7,0,0.0
T001,2027-07-02,8,2,299.26
T001,2027-07-02,9,8,1163.0
T001,2027-07-02,10,20,2417.44
T001,2027-07-02,11,32,3929.82
T001,2027-07-02,12,45,5296.69
T001,2027-07-02,13,61,7480.75
T001,2027-07-02,14,79,10125.07
T001,2027-07-02,15,69,9300.51
T001,2027-07-02,16,70,8579.94
T001,2027-07-02,17,82,10027.43
T001,2027-07-02,18,82,9253.49
T001,2027-07-02,19,82,10282.18
T001,2027-07-02,20,54,6418.03
T001,2027-07-02,21,47,5822.34
T001,2027-07-02,22,0,0.0
T001,2027-07-02,23,0,0.0
T001,2027-07-03,0,0,0.0
T001,2027-07-03,1,0,0.0
T001,2027-07-03,2,0,0.0
T001,2027-07-03,3,0,0.0
T001,2027-07-03,4,0,0.0
T001,2027-07-03,5,0,0.0
T001,2027-07-03,6,0,0.0
T001,2027-07-03,7,0,0.0
T001,2027-07-03,8,5,652.28
T001,2027-07-03,9,14,1757.26
T001,2027-07-03,10,28,3898.57
T001,2027-07-03,11,52,6317.29
T001,2027-07-03,12,68,8532.79
T001,2027-07-03,13,119,15601.82
T001,2027-07-03,14,134,17381.48
T001,2027-07-03,15,122,15126.87
T001,2027-07-03,16,142,17821.94
T001,2027-07-03,17,119,13985.7
T001,2027-07-03,18,112,14051.34
T001,2027-07-03,19,106,13244.48
T001,2027-07-03,20,91,11696.84
T001,2027-07-03,21,67,8269.66
T001,2027-07-03,22,0,0.0
T001,2027-07-03,23,0,0.0
T005,2027-06-27,0,0,0.0
T005,2027-06-27,1,0,0.0
T005,2027-06-27,2,0,0.0
T005,2027-06-27,3,0,0.0
T005,2027-06-27,4,0,0.0
T005,2027-06-27,5,0,0.0
T005,2027-06-27,6,0,0.0
T005,2027-06-27,7,3,449.8
T005,2027-06-27,8,12,1769.49
T005,2027-06-27,9,20,2748.77
T005,2027-06-27,10,50,7331.87
T005,2027-06-27,11,87,12739.2
T005,2027-06-27,12,118,18906.78
T005,2027-06-27,13,219,33635.5
T005,2027-06-27,14,164,24124.04
T005,2027-06-27,15,194,28875.43
T005,2027-06-27,16,225,33151.2
T005,2027-06-27,17,199,28958.9
T005,2027-06-27,18,165,22944.42
T005,2027-06-27,19,191,27867.54
T005,2027-06-27,20,131,18540.34
T005,2027-06-27,21,111,15298.35
T005,2027-06-27,22,0,0.0
T005,2027-06-27,23,0,0.0
T005,2027-06-28,0,0,0.0
T005,2027-06-28,1,0,0.0
T005,2027-06-28,2,0,0.0
T005,2027-06-28,3,0,0.0
T005,2027-06-28,4,0,0.0
T005,2027-06-28,5,0,0.0
T005,2027-06-28,6,0,0.0
T005,2027-06-28,7,0,0.0
T005,2027-06-28,8,4,598.19
T005,2027-06-28,9,16,2396.83
T005,2027-06-28,10,29,4537.82
T005,2027-06-28,11,50,7754.96
T005,2027-06-28,12,77,11245.21
T005,2027-06-28,13,120,16544.15
T005,2027-06-28,14,132,19096.18
T005,2027-06-28,15,137,20359.63
T005,2027-06-28,16,145,21101.59
T005,2027-06-28,17,109,15561.47
T005,2027-06-28,18,109,16227.11
T005,2027-06-28,19,140,20063.29
T005,2027-06-28,20,93,13242.92
T005,2027-06-28,21,74,11048.43
T005,2027-06-28,22,0,0.0
T005,2027-06-28,23,0,0.0
T005,2027-06-29,0,0,0.0
T005,2027-06-29,1,0,0.0
T005,2027-06-29,2,0,0.0
T005,2027-06-29,3,0,0.0
T005,2027-06-29,4,0,0.0
T005,2027-06-29,5,0,0.0
T005,2027-06-29,6,0,0.0
T005,2027-06-29,7,0,0.0
T005,2027-06-29,8,6,883.45
T005,2027-06-29,9,13,1899.94
T005,2027-06-29,10,33,5145.98
T005,2027-06-29,11,41,5222.03
T005,2027-06-29,12,91,13643.09
T005,2027-06-29,13,128,20286.89
T005,2027-06-29,14,158,21918.35
T005,2027-06-29,15,137,19758.39
T005,2027-06-29,16,157,22212.27
T005,2027-06-29,17,114,16010.12
T005,2027-06-29,18,131,18944.62
T005,2027-06-29,19,113,17798.25
T005,2027-06-29,20,87,13965.22
T005,2027-06-29,21,68,9829.01
T005,2027-06-29,22,0,0.0
T005,2027-06-29,23,0,0.0
T005,2027-06-30,0,0,0.0
T005,2027-06-30,1,0,0.0
T005,2027-06-30,2,0,0.0
T005,2027-06-30,3,0,0.0
T005,2027-06-30,4,0,0.0
T005,2027-06-30,5,0,0.0
T005,2027-06-30,6,0,0.0
T005,2027-06-30,7,2,308.27
T005,2027-06-30,8,8,1154.83
T005,2027-06-30,9,21,3011.69
T005,2027-06-30,10,53,8145.7
T005,2027-06-30,11,77,11337.65
T005,2027-06-30,12,136,20272.35
T005,2027-06-30,13,151,22214.59
T005,2027-06-30,14,190,28402.68
T005,2027-06-30,15,173,25973.78
T005,2027-06-30,16,193,25625.7
T005,2027-06-30,17,177,26888.68
T005,2027-06-30,18,150,20969.27
T005,2027-06-30,19,165,22507.95
T005,2027-06-30,20,126,18469.62
T005,2027-06-30,21,103,15205.99
T005,2027-06-30,22,0,0.0
T005,2027-06-30,23,0,0.0
T005,2027-07-01,0,0,0.0
T005,2027-07-01,1,0,0.0
T005,2027-07-01,2,0,0.0
T005,2027-07-01,3,0,0.0
T005,2027-07-01,4,0,0.0
T005,2027-07-01,5,0,0.0
T005,2027-07-01,6,0,0.0
T005,2027-07-01,7,1,154.85
T005,2027-07-01,8,6,838.57
T005,2027-07-01,9,16,2088.71
T005,2027-07-01,10,36,5245.16
T005,2027-07-01,11,57,8243.58
T005,2027-07-01,12,103,15049.48
T005,2027-07-01,13,111,16339.73
T005,2027-07-01,14,134,19981.48
T005,2027-07-01,15,139,21341.56
T005,2027-07-01,16,145,20118.83
T005,2027-07-01,17,134,18600.81
T005,2027-07-01,18,148,20575.55
T005,2027-07-01,19,138,20513.85
T005,2027-07-01,20,94,14757.58
T005,2027-07-01,21,76,10874.54
T005,2027-07-01,22,0,0.0
T005,2027-07-01,23,0,0.0
T005,2027-07-02,0,0,0.0
T005,2027-07-02,1,0,0.0
T005,2027-07-02,2,0,0.0
T005,2027-07-02,3,0,0.0
T005,2027-07-02,4,0,0.0
T005,2027-07-02,5,0,0.0
T005,2027-07-02,6,0,0.0
T005,2027-07-02,7,1,147.71
T005,2027-07-02,8,4,632.24
T005,2027-07-02,9,13,1710.15
T005,2027-07-02,10,30,4563.79
T005,2027-07-02,11,67,9929.98
T005,2027-07-02,12,91,13330.7
T005,2027-07-02,13,121,19161.65
T005,2027-07-02,14,124,17648.32
T005,2027-07-02,15,143,23156.21
T005,2027-07-02,16,159,23046.29
T005,2027-07-02,17,135,18641.54
T005,2027-07-02,18,112,16574.73
T005,2027-07-02,19,130,18111.15
T005,2027-07-02,20,98,13816.28
T005,2027-07-02,21,81,12122.01
T005,2027-07-02,22,0,0.0
T005,2027-07-02,23,0,0.0
T005,2027-07-03,0,0,0.0
T005,2027-07-03,1,0,0.0
T005,2027-07-03,2,0,0.0
T005,2027-07-03,3,0,0.0
T005,2027-07-03,4,0,0.0
T005,2027-07-03,5,0,0.0
T005,2027-07-03,6,0,0.0
T005,2027-07-03,7,1,147.67
T005,2027-07-03,8,9,1397.56
T005,2027-07-03,9,25,3598.9
T005,2027-07-03,10,52,7654.1
T005,2027-07-03,11,113,18240.27
T005,2027-07-03,12,149,21733.73
T005,2027-07-03,13,178,26784.88
T005,2027-07-03,14,219,31887.47
T005,2027-07-03,15,226,33313.98
T005,2027-07-03,16,203,29801.29
T005,2027-07-03,17,205,30775.8
T005,2027-07-03,18,187,29077.81
T005,2027-07-03,19,153,24393.58
T005,2027-07-03,20,139,20691.54
T005,2027-07-03,21,125,18910.84
T005,2027-07-03,22,0,0.0
T005,2027-07-03,23,0,0.0
T007,2027-06-27,0,0,0.0
T007,2027-06-27,1,0,0.0
T007,2027-06-27,2,0,0.0
T007,2027-06-27,3,0,0.0
T007,2027-06-27,4,0,0.0
T007,2027-06-27,5,0,0.0
T007,2027-06-27,6,0,0.0
T007,2027-06-27,7,3,686.12
T007,2027-06-27,8,14,3257.4
T007,2027-06-27,9,35,8134.15
T007,2027-06-27,10,69,16878.22
T007,2027-06-27,11,105,23867.41
T007,2027-06-27,12,200,47112.95
T007,2027-06-27,13,272,59852.86
T007,2027-06-27,14,249,58938.88
T007,2027-06-27,15,255,59039.16
T007,2027-06-27,16,239,53251.93
T007,2027-06-27,17,286,65425.51
T007,2027-06-27,18,255,58486.39
T007,2027-06-27,19,266,60744.62
T007,2027-06-27,20,186,46870.61
T007,2027-06-27,21,130,29945.59
T007,2027-06-27,22,97,22180.72
T007,2027-06-27,23,0,0.0
T007,2027-06-28,0,0,0.0
T007,2027-06-28,1,0,0.0
T007,2027-06-28,2,0,0.0
T007,2027-06-28,3,0,0.0
T007,2027-06-28,4,0,0.0
T007,2027-06-28,5,0,0.0
T007,2027-06-28,6,0,0.0
T007,2027-06-28,7,3,695.76
T007,2027-06-28,8,8,1843.7
T007,2027-06-28,9,24,5556.82
T007,2027-06-28,10,46,11563.68
T007,2027-06-28,11,96,19645.61
T007,2027-06-28,12,108,22498.91
T007,2027-06-28,13,172,38734.95
T007,2027-06-28,14,195,45173.37
T007,2027-06-28,15,212,50769.29
T007,2027-06-28,16,232,54976.09
T007,2027-06-28,17,195,44273.32
T007,2027-06-28,18,177,43061.46
T007,2027-06-28,19,158,38459.44
T007,2027-06-28,20,133,31071.53
T007,2027-06-28,21,123,29843.79
T007,2027-06-28,22,71,16659.86
T007,2027-06-28,23,0,0.0
T007,2027-06-29,0,0,0.0
T007,2027-06-29,1,0,0.0
T007,2027-06-29,2,0,0.0
T007,2027-06-29,3,0,0.0
T007,2027-06-29,4,0,0.0
T007,2027-06-29,5,0,0.0
T007,2027-06-29,6,0,0.0
T007,2027-06-29,7,2,454.57
T007,2027-06-29,8,6,1371.26
T007,2027-06-29,9,27,5779.18
T007,2027-06-29,10,48,10564.2
T007,2027-06-29,11,83,18386.69
T007,2027-06-29,12,139,36130.77
T007,2027-06-29,13,164,41384.49
T007,2027-06-29,14,201,45571.59
T007,2027-06-29,15,202,45910.93
T007,2027-06-29,16,186,40583.09
T007,2027-06-29,17,236,49419.46
T007,2027-06-29,18,189,43495.95
T007,2027-06-29,19,193,42448.52
T007,2027-06-29,20,163,37572.81
T007,2027-06-29,21,91,19380.14
T007,2027-06-29,22,86,19149.68
T007,2027-06-29,23,0,0.0
T007,2027-06-30,0,0,0.0
T007,2027-06-30,1,0,0.0
T007,2027-06-30,2,0,0.0
T007,2027-06-30,3,0,0.0
T007,2027-06-30,4,0,0.0
T007,2027-06-30,5,0,0.0
T007,2027-06-30,6,1,231.37
T007,2027-06-30,7,3,646.68
T007,2027-06-30,8,13,2961.79
T007,2027-06-30,9,22,5185.82
T007,2027-06-30,10,61,14553.68
T007,2027-06-30,11,112,25744.13
T007,2027-06-30,12,176,43862.67
T007,2027-06-30,13,239,58113.23
T007,2027-06-30,14,247,56444.32
T007,2027-06-30,15,249,59802.94
T007,2027-06-30,16,311,78954.46
T007,2027-06-30,17,197,50073.81
T007,2027-06-30,18,261,56709.21
T007,2027-06-30,19,237,52321.54
T007,2027-06-30,20,164,40783.09
T007,2027-06-30,21,146,32009.2
T007,2027-06-30,22,105,22699.15
T007,2027-06-30,23,0,0.0
T007,2027-07-01,0,0,0.0
T007,2027-07-01,1,0,0.0
T007,2027-07-01,2,0,0.0
T007,2027-07-01,3,0,0.0
T007,2027-07-01,4,0,0.0
T007,2027-07-01,5,0,0.0
T007,2027-07-01,6,0,0.0
T007,2027-07-01,7,2,493.36
T007,2027-07-01,8,7,1776.89
T007,2027-07-01,9,19,4268.18
T007,2027-07-01,10,55,12521.85
T007,2027-07-01,11,74,16407.49
T007,2027-07-01,12,140,28041.43
T007,2027-07-01,13,191,41189.77
T007,2027-07-01,14,164,34485.33
T007,2027-07-01,15,201,41203.0
T007,2027-07-01,16,193,42050.84
T007,2027-07-01,17,208,51315.1
T007,2027-07-01,18,204,47049.78
T007,2027-07-01,19,147,36224.88
T007,2027-07-01,20,148,34976.38
T007,2027-07-01,21,122,29298.73
T007,2027-07-01,22,72,16016.0
T007,2027-07-01,23,0,0.0
T007,2027-07-02,0,0,0.0
T007,2027-07-02,1,0,0.0
T007,2027-07-02,2,0,0.0
T007,2027-07-02,3,0,0.0
T007,2027-07-02,4,0,0.0
T007,2027-07-02,5,0,0.0
T007,2027-07-02,6,0,0.0
T007,2027-07-02,7,3,732.34
T007,2027-07-02,8,7,1729.28
T007,2027-07-02,9,20,4435.22
T007,2027-07-02,10,50,11682.62
T007,2027-07-02,11,78,18499.89
T007,2027-07-02,12,125,29818.74
T007,2027-07-02,13,133,33264.47
T007,2027-07-02,14,216,53268.33
T007,2027-07-02,15,200,43870.19
T007,2027-07-02,16,174,43745.26
T007,2027-07-02,17,201,45192.81
T007,2027-07-02,18,202,49106.54
T007,2027-07-02,19,185,42924.8
T007,2027-07-02,20,146,33089.74
T007,2027-07-02,21,97,20340.77
T007,2027-07-02,22,66,15181.72
T007,2027-07-02,23,0,0.0
T007,2027-07-03,0,0,0.0
T007,2027-07-03,1,0,0.0
T007,2027-07-03,2,0,0.0
T007,2027-07-03,3,0,0.0
T007,2027-07-03,4,0,0.0
T007,2027-07-03,5,0,0.0
T007,2027-07-03,6,0,0.0
T007,2027-07-03,7,3,727.79
T007,2027-07-03,8,17,4227.31
T007,2027-07-03,9,37,8302.14
T007,2027-07-03,10,60,14546.96
T007,2027-07-03,11,133,31019.56
T007,2027-07-03,12,194,46756.14
T007,2027-07-03,13,269,60833.35
T007,2027-07-03,14,279,64494.99
T007,2027-07-03,15,330,75881.55
T007,2027-07-03,16,356,78954.4
T007,2027-07-03,17,303,72571.11
T007,2027-07-03,18,322,77046.95
T007,2027-07-03,19,288,68576.25
T007,2027-07-03,20,206,51301.77
T007,2027-07-03,21,198,49268.31
T007,2027-07-03,22,119,26951.39
T007,2027-07-03,23,0,0.0
T001,2027-07-04,0,0,0.0
T001,2027-07-04,1,0,0.0
T001,2027-07-04,2,0,0.0
T001,2027-07-04,3,0,0.0
T001,2027-07-04,4,0,0.0
T001,2027-07-04,5,0,0.0
T001,2027-07-04,6,0,0.0
T001,2027-07-04,7,0,0.0
T001,2027-07-04,8,4,506.36
T001,2027-07-04,9,8,1045.2
T001,2027-07-04,10,29,3877.66
T001,2027-07-04,11,28,3278.49
T001,2027-07-04,12,62,8011.64
T001,2027-07-04,13,107,13717.32
T001,2027-07-04,14,117,14314.05
T001,2027-07-04,15,99,11589.67
T001,2027-07-04,16,103,13071.53
T001,2027-07-04,17,124,15267.44
T001,2027-07-04,18,102,13041.64
T001,2027-07-04,19,119,15034.53
T001,2027-07-04,20,88,12058.01
T001,2027-07-04,21,72,9060.61
T001,2027-07-04,22,0,0.0
T001,2027-07-04,23,0,0.0
T001,2027-07-05,0,0,0.0
T001,2027-07-05,1,0,0.0
T001,2027-07-05,2,0,0.0
T001,2027-07-05,3,0,0.0
T001,2027-07-05,4,0,0.0
T001,2027-07-05,5,0,0.0
T001,2027-07-05,6,0,0.0
T001,2027-07-05,7,0,0.0
T001,2027-07-05,8,2,260.63
T001,2027-07-05,9,8,990.04
T001,2027-07-05,10,18,2331.12
T001,2027-07-05,11,33,4074.24
T001,2027-07-05,12,45,5294.58
T001,2027-07-05,13,61,7316.99
T001,2027-07-05,14,82,10528.99
T001,2027-07-05,15,84,11077.86
T001,2027-07-05,16,66,9208.86
T001,2027-07-05,17,78,11267.75
T001,2027-07-05,18,76,9767.34
T001,2027-07-05,19,50,6063.75
T001,2027-07-05,20,54,6055.53
T001,2027-07-05,21,47,6060.73
T001,2027-07-05,22,0,0.0
T001,2027-07-05,23,0,0.0
T001,2027-07-06,0,0,0.0
T001,2027-07-06,1,0,0.0
T001,2027-07-06,2,0,0.0
T001,2027-07-06,3,0,0.0
T001,2027-07-06,4,0,0.0
T001,2027-07-06,5,0,0.0
T001,2027-07-06,6,0,0.0
T001,2027-07-06,7,0,0.0
T001,2027-07-06,8,3,397.64
T001,2027-07-06,9,8,1157.22
T001,2027-07-06,10,19,2407.85
T001,2027-07-06,11,33,4322.46
T001,2027-07-06,12,49,6090.54
T001,2027-07-06,13,71,8502.01
T001,2027-07-06,14,78,9360.29
T001,2027-07-06,15,77,9350.17
T001,2027-07-06,16,77,10734.49
T001,2027-07-06,17,77,9303.51
T001,2027-07-06,18,65,8585.48
T001,2027-07-06,19,69,8375.64
T001,2027-07-06,20,59,7789.28
T001,2027-07-06,21,45,5824.85
T001,2027-07-06,22,0,0.0
T001,2027-07-06,23,0,0.0
T001,2027-07-07,0,0,0.0
T001,2027-07-07,1,0,0.0
T001,2027-07-07,2,0,0.0
T001,2027-07-07,3,0,0.0
T001,2027-07-07,4,0,0.0
T001,2027-07-07,5,0,0.0
T001,2027-07-07,6,0,0.0
T001,2027-07-07,7,0,0.0
T001,2027-07-07,8,2,264.23
T001,2027-07-07,9,8,1078.42
T001,2027-07-07,10,19,2548.49
T001,2027-07-07,11,34,4299.57
T001,2027-07-07,12,57,7029.34
T001,2027-07-07,13,71,9537.35
T001,2027-07-07,14,57,7330.66
T001,2027-07-07,15,78,10590.07
T001,2027-07-07,16,67,8583.76
T001,2027-07-07,17,81,9607.05
T001,2027-07-07,18,67,7923.97
T001,2027-07-07,19,75,10215.08
T001,2027-07-07,20,58,7939.68
T001,2027-07-07,21,44,5531.85
T001,2027-07-07,22,0,0.0
T001,2027-07-07,23,0,0.0
T001,2027-07-08,0,0,0.0
T001,2027-07-08,1,0,0.0
T001,2027-07-08,2,0,0.0
T001,2027-07-08,3,0,0.0
T001,2027-07-08,4,0,0.0
T001,2027-07-08,5,0,0.0
T001,2027-07-08,6,0,0.0
T001,2027-07-08,7,0,0.0
T001,2027-07-08,8,3,400.51
T001,2027-07-08,9,8,1097.46
T001,2027-07-08,10,17,1908.48
T001,2027-07-08,11,30,3844.82
T001,2027-07-08,12,48,5855.81
T001,2027-07-08,13,67,7987.49
T001,2027-07-08,14,69,8386.5
T001,2027-07-08,15,76,9409.21
T001,2027-07-08,16,68,9034.35
T001,2027-07-08,17,74,8686.27
T001,2027-07-08,18,69,8785.08
T001,2027-07-08,19,85,10504.59
T001,2027-07-08,20,51,6405.59
T001,2027-07-08,21,50,6699.23
T001,2027-07-08,22,0,0.0
T001,2027-07-08,23,0,0.0
T001,2027-07-09,0,0,0.0
T001,2027-07-09,1,0,0.0
T001,2027-07-09,2,0,0.0
T001,2027-07-09,3,0,0.0
T001,2027-07-09,4,0,0.0
T001,2027-07-09,5,0,0.0
T001,2027-07-09,6,0,0.0
T001,2027-07-09,7,0,0.0
T001,2027-07-09,8,2,299.26
T001,2027-07-09,9,8,1163.0
T001,2027-07-09,10,20,2417.44
T001,2027-07-09,11,34,4191.81
T001,2027-07-09,12,52,6158.94
T001,2027-07-09,13,57,6964.83
T001,2027-07-09,14,69,8910.06
T001,2027-07-09,15,62,8314.09
T001,2027-07-09,16,71,8708.0
T001,2027-07-09,17,76,9256.09
T001,2027-07-09,18,87,9846.67
T001,2027-07-09,19,90,11336.76
T001,2027-07-09,20,50,6040.5
T001,2027-07-09,21,46,5692.96
T001,2027-07-09,22,0,0.0
T001,2027-07-09,23,0,0.0
T001,2027-07-10,0,0,0.0
T001,2027-07-10,1,0,0.0
T001,2027-07-10,2,0,0.0
T001,2027-07-10,3,0,0.0
T001,2027-07-10,4,0,0.0
T001,2027-07-10,5,0,0.0
T001,2027-07-10,6,0,0.0
T001,2027-07-10,7,0,0.0
T001,2027-07-10,8,5,652.28
T001,2027-07-10,9,14,1757.26
T001,2027-07-10,10,28,3898.57
T001,2027-07-10,11,50,6064.6
T001,2027-07-10,12,62,7745.16
T001,2027-07-10,13,117,15325.68
T001,2027-07-10,14,126,16295.14
T001,2027-07-10,15,131,16300.5
T001,2027-07-10,16,133,16765.83
T001,2027-07-10,17,133,15718.44
T001,2027-07-10,18,125,15627.19
T001,2027-07-10,19,106,13244.48
T001,2027-07-10,20,87,11159.06
T001,2027-07-10,21,65,8011.24
T001,2027-07-10,22,0,0.0
T001,2027-07-10,23,0,0.0
T005,2027-07-04,0,0,0.0
T005,2027-07-04,1,0,0.0
T005,2027-07-04,2,0,0.0
T005,2027-07-04,3,0,0.0
T005,2027-07-04,4,0,0.0
T005,2027-07-04,5,0,0.0
T005,2027-07-04,6,0,0.0
T005,2027-07-04,7,2,314.85
T005,2027-07-04,8,10,1548.31
T005,2027-07-04,9,21,2886.21
T005,2027-07-04,10,49,7236.56
T005,2027-07-04,11,96,13991.16
T005,2027-07-04,12,118,18842.69
T005,2027-07-04,13,223,34188.41
T005,2027-07-04,14,191,28110.39
T005,2027-07-04,15,225,33444.89
T005,2027-07-04,16,198,29239.36
T005,2027-07-04,17,214,31170.84
T005,2027-07-04,18,192,26719.82
T005,2027-07-04,19,187,27269.33
T005,2027-07-04,20,132,18724.34
T005,2027-07-04,21,122,16786.84
T005,2027-07-04,22,0,0.0
T005,2027-07-04,23,0,0.0
T005,2027-07-05,0,0,0.0
T005,2027-07-05,1,0,0.0
T005,2027-07-05,2,0,0.0
T005,2027-07-05,3,0,0.0
T005,2027-07-05,4,0,0.0
T005,2027-07-05,5,0,0.0
T005,2027-07-05,6,0,0.0
T005,2027-07-05,7,0,0.0
T005,2027-07-05,8,5,785.12
T005,2027-07-05,9,17,2516.67
T005,2027-07-05,10,35,5421.91
T005,2027-07-05,11,49,7654.15
T005,2027-07-05,12,80,11654.13
T005,2027-07-05,13,131,18095.16
T005,2027-07-05,14,126,18228.17
T005,2027-07-05,15,155,23094.07
T005,2027-07-05,16,147,21392.65
T005,2027-07-05,17,113,16189.64
T005,2027-07-05,18,112,16725.83
T005,2027-07-05,19,144,20615.04
T005,2027-07-05,20,101,14353.62
T005,2027-07-05,21,77,11444.08
T005,2027-07-05,22,0,0.0
T005,2027-07-05,23,0,0.0
T005,2027-07-06,0,0,0.0
T005,2027-07-06,1,0,0.0
T005,2027-07-06,2,0,0.0
T005,2027-07-06,3,0,0.0
T005,2027-07-06,4,0,0.0
T005,2027-07-06,5,0,0.0
T005,2027-07-06,6,0,0.0
T005,2027-07-06,7,1,154.59
T005,2027-07-06,8,5,773.01
T005,2027-07-06,9,15,2148.39
T005,2027-07-06,10,39,6058.23
T005,2027-07-06,11,41,5215.65
T005,2027-07-06,12,108,16214.29
T005,2027-07-06,13,130,20635.57
T005,2027-07-06,14,148,20538.04
T005,2027-07-06,15,148,21352.04
T005,2027-07-06,16,152,21540.24
T005,2027-07-06,17,120,16810.63
T005,2027-07-06,18,140,20195.54
T005,2027-07-06,19,112,17695.87
T005,2027-07-06,20,82,13146.57
T005,2027-07-06,21,71,10320.46
T005,2027-07-06,22,0,0.0
T005,2027-07-06,23,0,0.0
T005,2027-07-07,0,0,0.0
T005,2027-07-07,1,0,0.0
T005,2027-07-07,2,0,0.0
T005,2027-07-07,3,0,0.0
T005,2027-07-07,4,0,0.0
T005,2027-07-07,5,0,0.0
T005,2027-07-07,6,0,0.0
T005,2027-07-07,7,1,161.85
T005,2027-07-07,8,5,757.86
T005,2027-07-07,9,17,2409.35
T005,2027-07-07,10,43,6616.46
T005,2027-07-07,11,63,9276.26
T005,2027-07-07,12,94,14086.31
T005,2027-07-07,13,121,17764.31
T005,2027-07-07,14,142,21189.89
T005,2027-07-07,15,134,20178.48
T005,2027-07-07,16,144,19099.77
T005,2027-07-07,17,140,21214.71
T005,2027-07-07,18,112,15705.98
T005,2027-07-07,19,135,18476.98
T005,2027-07-07,20,96,14006.13
T005,2027-07-07,21,75,11005.89
T005,2027-07-07,22,0,0.0
T005,2027-07-07,23,0,0.0
T005,2027-07-08,0,0,0.0
T005,2027-07-08,1,0,0.0
T005,2027-07-08,2,0,0.0
T005,2027-07-08,3,0,0.0
T005,2027-07-08,4,0,0.0
T005,2027-07-08,5,0,0.0
T005,2027-07-08,6,0,0.0
T005,2027-07-08,7,0,0.0
T005,2027-07-08,8,6,838.57
T005,2027-07-08,9,14,1810.22
T005,2027-07-08,10,39,5707.97
T005,2027-07-08,11,63,9159.53
T005,2027-07-08,12,100,14588.78
T005,2027-07-08,13,121,17727.07
T005,2027-07-08,14,122,18108.22
T005,2027-07-08,15,148,22796.68
T005,2027-07-08,16,146,20264.61
T005,2027-07-08,17,138,19036.76
T005,2027-07-08,18,139,19262.21
T005,2027-07-08,19,149,22236.39
T005,2027-07-08,20,100,15577.44
T005,2027-07-08,21,69,9968.32
T005,2027-07-08,22,0,0.0
T005,2027-07-08,23,0,0.0
T005,2027-07-09,0,0,0.0
T005,2027-07-09,1,0,0.0
T005,2027-07-09,2,0,0.0
T005,2027-07-09,3,0,0.0
T005,2027-07-09,4,0,0.0
T005,2027-07-09,5,0,0.0
T005,2027-07-09,6,0,0.0
T005,2027-07-09,7,2,295.42
T005,2027-07-09,8,4,632.24
T005,2027-07-09,9,14,1852.65
T005,2027-07-09,10,33,4878.53
T005,2027-07-09,11,65,9619.67
T005,2027-07-09,12,100,14556.51
T005,2027-07-09,13,112,17828.66
T005,2027-07-09,14,136,19443.06
T005,2027-07-09,15,133,21623.8
T005,2027-07-09,16,152,22130.55
T005,2027-07-09,17,131,18063.51
T005,2027-07-09,18,125,18433.58
T005,2027-07-09,19,136,18987.5
T005,2027-07-09,20,102,14410.53
T005,2027-07-09,21,75,11177.44
T005,2027-07-09,22,0,0.0
T005,2027-07-09,23,0,0.0
T005,2027-07-10,0,0,0.0
T005,2027-07-10,1,0,0.0
T005,2027-07-10,2,0,0.0
T005,2027-07-10,3,0,0.0
T005,2027-07-10,4,0,0.0
T005,2027-07-10,5,0,0.0
T005,2027-07-10,6,0,0.0
T005,2027-07-10,7,1,147.67
T005,2027-07-10,8,8,1242.28
T005,2027-07-10,9,25,3598.9
T005,2027-07-10,10,48,7041.77
T005,2027-07-10,11,107,17226.92
T005,2027-07-10,12,145,21121.51
T005,2027-07-10,13,209,31354.06
T005,2027-07-10,14,197,28683.47
T005,2027-07-10,15,226,33313.98
T005,2027-07-10,16,202,29646.88
T005,2027-07-10,17,208,31249.27
T005,2027-07-10,18,208,32344.98
T005,2027-07-10,19,162,25730.21
T005,2027-07-10,20,158,23513.11
T005,2027-07-10,21,122,18434.09
T005,2027-07-10,22,0,0.0
T005,2027-07-10,23,0,0.0
T007,2027-07-04,0,0,0.0
T007,2027-07-04,1,0,0.0
T007,2027-07-04,2,0,0.0
T007,2027-07-04,3,0,0.0
T007,2027-07-04,4,0,0.0
T007,2027-07-04,5,0,0.0
T007,2027-07-04,6,0,0.0
T007,2027-07-04,7,4,960.57
T007,2027-07-04,8,15,3420.27
T007,2027-07-04,9,38,8784.89
T007,2027-07-04,10,68,16694.77
T007,2027-07-04,11,116,26254.15
T007,2027-07-04,12,213,50210.63
T007,2027-07-04,13,268,58917.66
T007,2027-07-04,14,267,63128.52
T007,2027-07-04,15,298,69041.09
T007,2027-07-04,16,274,61061.47
T007,2027-07-04,17,275,62932.02
T007,2027-07-04,18,240,55149.22
T007,2027-07-04,19,281,64261.42
T007,2027-07-04,20,167,42070.16
T007,2027-07-04,21,155,35796.5
T007,2027-07-04,22,101,23049.65
T007,2027-07-04,23,0,0.0
T007,2027-07-05,0,0,0.0
T007,2027-07-05,1,0,0.0
T007,2027-07-05,2,0,0.0
T007,2027-07-05,3,0,0.0
T007,2027-07-05,4,0,0.0
T007,2027-07-05,5,0,0.0
T007,2027-07-05,6,0,0.0
T007,2027-07-05,7,3,730.55
T007,2027-07-05,8,8,1935.89
T007,2027-07-05,9,24,5591.54
T007,2027-07-05,10,54,13461.63
T007,2027-07-05,11,93,19123.78
T007,2027-07-05,12,117,24280.07
T007,2027-07-05,13,190,42799.87
T007,2027-07-05,14,205,47432.04
T007,2027-07-05,15,225,53810.65
T007,2027-07-05,16,240,56978.45
T007,2027-07-05,17,198,45056.62
T007,2027-07-05,18,170,41382.79
T007,2027-07-05,19,195,47538.78
T007,2027-07-05,20,146,34096.91
T007,2027-07-05,21,140,33883.62
T007,2027-07-05,22,72,17000.1
T007,2027-07-05,23,0,0.0
T007,2027-07-06,0,0,0.0
T007,2027-07-06,1,0,0.0
T007,2027-07-06,2,0,0.0
T007,2027-07-06,3,0,0.0
T007,2027-07-06,4,0,0.0
T007,2027-07-06,5,0,0.0
T007,2027-07-06,6,0,0.0
T007,2027-07-06,7,3,715.95
T007,2027-07-06,8,6,1439.82
T007,2027-07-06,9,29,6292.88
T007,2027-07-06,10,45,9936.95
T007,2027-07-06,11,83,18375.61
T007,2027-07-06,12,132,34389.22
T007,2027-07-06,13,196,49547.83
T007,2027-07-06,14,188,42612.84
T007,2027-07-06,15,226,51308.88
T007,2027-07-06,16,210,45819.63
T007,2027-07-06,17,235,49251.93
T007,2027-07-06,18,201,46154.04
T007,2027-07-06,19,218,48035.0
T007,2027-07-06,20,164,37757.21
T007,2027-07-06,21,97,20572.77
T007,2027-07-06,22,94,21042.38
T007,2027-07-06,23,0,0.0
T007,2027-07-07,0,0,0.0
T007,2027-07-07,1,0,0.0
T007,2027-07-07,2,0,0.0
T007,2027-07-07,3,0,0.0
T007,2027-07-07,4,0,0.0
T007,2027-07-07,5,0,0.0
T007,2027-07-07,6,0,0.0
T007,2027-07-07,7,2,452.68
T007,2027-07-07,8,9,2152.99
T007,2027-07-07,9,19,4455.09
T007,2027-07-07,10,49,11774.16
T007,2027-07-07,11,76,17377.29
T007,2027-07-07,12,135,33756.82
T007,2027-07-07,13,183,44423.8
T007,2027-07-07,14,172,39351.06
T007,2027-07-07,15,200,47914.4
T007,2027-07-07,16,214,54379.56
T007,2027-07-07,17,154,39232.96
T007,2027-07-07,18,190,41293.42
T007,2027-07-07,19,181,39870.34
T007,2027-07-07,20,128,31855.57
T007,2027-07-07,21,113,24861.94
T007,2027-07-07,22,87,18840.3
T007,2027-07-07,23,0,0.0
T007,2027-07-08,0,0,0.0
T007,2027-07-08,1,0,0.0
T007,2027-07-08,2,0,0.0
T007,2027-07-08,3,0,0.0
T007,2027-07-08,4,0,0.0
T007,2027-07-08,5,0,0.0
T007,2027-07-08,6,0,0.0
T007,2027-07-08,7,3,740.04
T007,2027-07-08,8,7,1776.89
T007,2027-07-08,9,18,4031.06
T007,2027-07-08,10,52,12040.23
T007,2027-07-08,11,81,18048.24
T007,2027-07-08,12,139,27830.6
T007,2027-07-08,13,183,39379.22
T007,2027-07-08,14,182,38243.34
T007,2027-07-08,15,185,37967.16
T007,2027-07-08,16,188,40908.16
T007,2027-07-08,17,207,51055.92
T007,2027-07-08,18,198,45837.15
T007,2027-07-08,19,161,39588.62
T007,2027-07-08,20,149,35224.43
T007,2027-07-08,21,132,31824.48
T007,2027-07-08,22,77,16944.46
T007,2027-07-08,23,0,0.0
T007,2027-07-09,0,0,0.0
T007,2027-07-09,1,0,0.0
T007,2027-07-09,2,0,0.0
T007,2027-07-09,3,0,0.0
T007,2027-07-09,4,0,0.0
T007,2027-07-09,5,0,0.0
T007,2027-07-09,6,0,0.0
T007,2027-07-09,7,2,488.23
T007,2027-07-09,8,6,1482.23
T007,2027-07-09,9,24,5368.95
T007,2027-07-09,10,51,11926.0
T007,2027-07-09,11,76,17999.9
T007,2027-07-09,12,135,32324.52
T007,2027-07-09,13,143,35621.81
T007,2027-07-09,14,215,53009.74
T007,2027-07-09,15,205,45024.66
T007,2027-07-09,16,173,43481.74
T007,2027-07-09,17,201,45192.81
T007,2027-07-09,18,213,51919.94
T007,2027-07-09,19,181,41949.23
T007,2027-07-09,20,139,31423.35
T007,2027-07-09,21,105,22109.52
T007,2027-07-09,22,67,15422.69
T007,2027-07-09,23,0,0.0
T007,2027-07-10,0,0,0.0
T007,2027-07-10,1,0,0.0
T007,2027-07-10,2,0,0.0
T007,2027-07-10,3,0,0.0
T007,2027-07-10,4,0,0.0
T007,2027-07-10,5,0,0.0
T007,2027-07-10,6,0,0.0
T007,2027-07-10,7,4,970.39
T007,2027-07-10,8,18,4491.52
T007,2027-07-10,9,38,8539.35
T007,2027-07-10,10,65,15823.01
T007,2027-07-10,11,135,31508.06
T007,2027-07-10,12,185,44481.53
T007,2027-07-10,13,311,70338.56
T007,2027-07-10,14,294,67889.46
T007,2027-07-10,15,287,65973.44
T007,2027-07-10,16,346,76858.28
T007,2027-07-10,17,307,73324.44
T007,2027-07-10,18,320,76545.02
T007,2027-07-10,19,267,63570.68
T007,2027-07-10,20,202,50254.81
T007,2027-07-10,21,171,42490.65
T007,2027-07-10,22,119,26951.39
T007,2027-07-10,23,0,0.0
T001,2027-07-11,0,0,0.0
T001,2027-07-11,1,0,0.0
T001,2027-07-11,2,0,0.0
T001,2027-07-11,3,0,0.0
T001,2027-07-11,4,0,0.0
T001,2027-07-11,5,0,0.0
T001,2027-07-11,6,0,0.0
T001,2027-07-11,7,0,0.0
T001,2027-07-11,8,4,506.36
T001,2027-07-11,9,8,1045.2
T001,2027-07-11,10,28,3739.17
T001,2027-07-11,11,29,3399.91
T001,2027-07-11,12,67,8690.6
T001,2027-07-11,13,109,13986.28
T001,2027-07-11,14,127,15603.61
T001,2027-07-11,15,107,12576.03
T001,2027-07-11,16,102,12938.15
T001,2027-07-11,17,131,16173.14
T001,2027-07-11,18,99,12638.28
T001,2027-07-11,19,119,15034.53
T001,2027-07-11,20,86,11770.92
T001,2027-07-11,21,62,7747.48
T001,2027-07-11,22,0,0.0
T001,2027-07-11,23,0,0.0
T001,2027-07-12,0,0,0.0
T001,2027-07-12,1,0,0.0
T001,2027-07-12,2,0,0.0
T001,2027-07-12,3,0,0.0
T001,2027-07-12,4,0,0.0
T001,2027-07-12,5,0,0.0
T001,2027-07-12,6,0,0.0
T001,2027-07-12,7,0,0.0
T001,2027-07-12,8,2,260.63
T001,2027-07-12,9,8,990.04
T001,2027-07-12,10,19,2468.24
T001,2027-07-12,11,37,4599.94
T001,2027-07-12,12,45,5294.58
T001,2027-07-12,13,59,7064.68
T001,2027-07-12,14,85,10933.95
T001,2027-07-12,15,80,10523.96
T001,2027-07-12,16,67,9355.03
T001,2027-07-12,17,71,10354.14
T001,2027-07-12,18,75,9631.68
T001,2027-07-12,19,61,7327.03
T001,2027-07-12,20,59,6649.21
T001,2027-07-12,21,51,6599.45
T001,2027-07-12,22,0,0.0
T001,2027-07-12,23,0,0.0
T001,2027-07-13,0,0,0.0
T001,2027-07-13,1,0,0.0
T001,2027-07-13,2,0,0.0
T001,2027-07-13,3,0,0.0
T001,2027-07-13,4,0,0.0
T001,2027-07-13,5,0,0.0
T001,2027-07-13,6,0,0.0
T001,2027-07-13,7,0,0.0
T001,2027-07-13,8,2,265.09
T001,2027-07-13,9,8,1157.22
T001,2027-07-13,10,19,2407.85
T001,2027-07-13,11,34,4461.89
T001,2027-07-13,12,47,5831.36
T001,2027-07-13,13,75,8877.1
T001,2027-07-13,14,75,8980.81
T001,2027-07-13,15,70,8581.66
T001,2027-07-13,16,76,10587.44
T001,2027-07-13,17,79,9558.4
T001,2027-07-13,18,74,9693.3
T001,2027-07-13,19,68,8248.74
T001,2027-07-13,20,58,7650.17
T001,2027-07-13,21,39,5012.08
T001,2027-07-13,22,0,0.0
T001,2027-07-13,23,0,0.0
T001,2027-07-14,0,0,0.0
T001,2027-07-14,1,0,0.0
T001,2027-07-14,2,0,0.0
T001,2027-07-14,3,0,0.0
T001,2027-07-14,4,0,0.0
T001,2027-07-14,5,0,0.0
T001,2027-07-14,6,0,0.0
T001,2027-07-14,7,0,0.0
T001,2027-07-14,8,2,264.23
T001,2027-07-14,9,8,1078.42
T001,2027-07-14,10,18,2406.9
T001,2027-07-14,11,34,4299.57
T001,2027-07-14,12,54,6638.82
T001,2027-07-14,13,72,9677.61
T001,2027-07-14,14,63,8145.18
T001,2027-07-14,15,79,10733.18
T001,2027-07-14,16,58,7376.67
T001,2027-07-14,17,70,8359.38
T001,2027-07-14,18,71,8419.22
T001,2027-07-14,19,72,9927.33
T001,2027-07-14,20,62,8517.11
T001,2027-07-14,21,43,5400.14
T001,2027-07-14,22,0,0.0
T001,2027-07-14,23,0,0.0
T001,2027-07-15,0,0,0.0
T001,2027-07-15,1,0,0.0
T001,2027-07-15,2,0,0.0
T001,2027-07-15,3,0,0.0
T001,2027-07-15,4,0,0.0
T001,2027-07-15,5,0,0.0
T001,2027-07-15,6,0,0.0
T001,2027-07-15,7,0,0.0
T001,2027-07-15,8,5,667.53
T001,2027-07-15,9,12,1509.01
T001,2027-07-15,10,24,2743.44
T001,2027-07-15,11,40,5038.04
T001,2027-07-15,12,65,7892.62
T001,2027-07-15,13,93,11107.59
T001,2027-07-15,14,89,10800.79
T001,2027-07-15,15,112,13983.12
T001,2027-07-15,16,93,12370.11
T001,2027-07-15,17,101,11912.6
T001,2027-07-15,18,90,11447.23
T001,2027-07-15,19,117,14395.17
T001,2027-07-15,20,61,7582.12
T001,2027-07-15,21,69,9211.44
T001,2027-07-15,22,0,0.0
T001,2027-07-15,23,0,0.0
T001,2027-07-16,0,0,0.0
T001,2027-07-16,1,0,0.0
T001,2027-07-16,2,0,0.0
T001,2027-07-16,3,0,0.0
T001,2027-07-16,4,0,0.0
T001,2027-07-16,5,0,0.0
T001,2027-07-16,6,0,0.0
T001,2027-07-16,7,0,0.0
T001,2027-07-16,8,2,299.26
T001,2027-07-16,9,8,1163.0
T001,2027-07-16,10,19,2290.21
T001,2027-07-16,11,30,3798.83
T001,2027-07-16,12,49,5789.41
T001,2027-07-16,13,58,7093.81
T001,2027-07-16,14,62,7965.06
T001,2027-07-16,15,66,8877.76
T001,2027-07-16,16,75,9092.17
T001,2027-07-16,17,74,8998.97
T001,2027-07-16,18,75,8423.06
T001,2027-07-16,19,83,10413.99
T001,2027-07-16,20,58,6921.41
T001,2027-07-16,21,45,5563.57
T001,2027-07-16,22,0,0.0
T001,2027-07-16,23,0,0.0
T001,2027-07-17,0,0,0.0
T001,2027-07-17,1,0,0.0
T001,2027-07-17,2,0,0.0
T001,2027-07-17,3,0,0.0
T001,2027-07-17,4,0,0.0
T001,2027-07-17,5,0,0.0
T001,2027-07-17,6,0,0.0
T001,2027-07-17,7,0,0.0
T001,2027-07-17,8,5,652.28
T001,2027-07-17,9,14,1757.26
T001,2027-07-17,10,30,4187.35
T001,2027-07-17,11,48,5811.91
T001,2027-07-17,12,76,9451.71
T001,2027-07-17,13,110,14497.27
T001,2027-07-17,14,133,17245.68
T001,2027-07-17,15,119,14735.66
T001,2027-07-17,16,135,17029.86
T001,2027-07-17,17,123,14480.77
T001,2027-07-17,18,103,12869.46
T001,2027-07-17,19,113,14162.42
T001,2027-07-17,20,91,11696.84
T001,2027-07-17,21,62,7623.59
T001,2027-07-17,22,0,0.0
T001,2027-07-17,23,0,0.0
T005,2027-07-11,0,0,0.0
T005,2027-07-11,1,0,0.0
T005,2027-07-11,2,0,0.0
T005,2027-07-11,3,0,0.0
T005,2027-07-11,4,0,0.0
T005,2027-07-11,5,0,0.0
T005,2027-07-11,6,0,0.0
T005,2027-07-11,7,2,314.85
T005,2027-07-11,8,12,1703.13
T005,2027-07-11,9,23,3174.82
T005,2027-07-11,10,54,7852.42
T005,2027-07-11,11,96,13991.16
T005,2027-07-11,12,112,18001.5
T005,2027-07-11,13,195,29995.5
T005,2027-07-11,14,174,25639.15
T005,2027-07-11,15,238,35476.59
T005,2027-07-11,16,230,33880.53
T005,2027-07-11,17,228,33157.22
T005,2027-07-11,18,185,25697.75
T005,2027-07-11,19,208,30333.3
T005,2027-07-11,20,149,21102.03
T005,2027-07-11,21,130,17944.55
T005,2027-07-11,22,0,0.0
T005,2027-07-11,23,0,0.0
T005,2027-07-12,0,0,0.0
T005,2027-07-12,1,0,0.0
T005,2027-07-12,2,0,0.0
T005,2027-07-12,3,0,0.0
T005,2027-07-12,4,0,0.0
T005,2027-07-12,5,0,0.0
T005,2027-07-12,6,0,0.0
T005,2027-07-12,7,0,0.0
T005,2027-07-12,8,5,785.12
T005,2027-07-12,9,17,2516.67
T005,2027-07-12,10,36,5586.21
T005,2027-07-12,11,54,8305.56
T005,2027-07-12,12,82,11960.81
T005,2027-07-12,13,125,17226.59
T005,2027-07-12,14,131,18987.68
T005,2027-07-12,15,155,23094.07
T005,2027-07-12,16,143,20781.43
T005,2027-07-12,17,123,17538.77
T005,2027-07-12,18,108,16100.56
T005,2027-07-12,19,136,19561.71
T005,2027-07-12,20,109,15549.74
T005,2027-07-12,21,69,10346.7
T005,2027-07-12,22,0,0.0
T005,2027-07-12,23,0,0.0
T005,2027-07-13,0,0,0.0
T005,2027-07-13,1,0,0.0
T005,2027-07-13,2,0,0.0
T005,2027-07-13,3,0,0.0
T005,2027-07-13,4,0,0.0
T005,2027-07-13,5,0,0.0
T005,2027-07-13,6,0,0.0
T005,2027-07-13,7,1,154.59
T005,2027-07-13,8,6,927.62
T005,2027-07-13,9,17,2455.31
T005,2027-07-13,10,40,6221.95
T005,2027-07-13,11,50,6419.27
T005,2027-07-13,12,109,16371.71
T005,2027-07-13,13,122,19304.24
T005,2027-07-13,14,151,20975.03
T005,2027-07-13,15,152,21957.78
T005,2027-07-13,16,158,22283.01
T005,2027-07-13,17,108,15188.54
T005,2027-07-13,18,145,20954.78
T005,2027-07-13,19,108,17034.35
T005,2027-07-13,20,83,13315.11
T005,2027-07-13,21,69,10016.92
T005,2027-07-13,22,0,0.0
T005,2027-07-13,23,0,0.0
T005,2027-07-14,0,0,0.0
T005,2027-07-14,1,0,0.0
T005,2027-07-14,2,0,0.0
T005,2027-07-14,3,0,0.0
T005,2027-07-14,4,0,0.0
T005,2027-07-14,5,0,0.0
T005,2027-07-14,6,0,0.0
T005,2027-07-14,7,1,161.85
T005,2027-07-14,8,6,909.43
T005,2027-07-14,9,17,2409.35
T005,2027-07-14,10,41,6293.71
T005,2027-07-14,11,61,8967.05
T005,2027-07-14,12,88,13147.22
T005,2027-07-14,13,126,18536.68
T005,2027-07-14,14,131,19620.27
T005,2027-07-14,15,134,20178.48
T005,2027-07-14,16,147,19518.02
T005,2027-07-14,17,153,23288.33
T005,2027-07-14,18,112,15705.98
T005,2027-07-14,19,127,17331.12
T005,2027-07-14,20,93,13698.3
T005,2027-07-14,21,79,11625.94
T005,2027-07-14,22,0,0.0
T005,2027-07-14,23,0,0.0
T005,2027-07-15,0,0,0.0
T005,2027-07-15,1,0,0.0
T005,2027-07-15,2,0,0.0
T005,2027-07-15,3,0,0.0
T005,2027-07-15,4,0,0.0
T005,2027-07-15,5,0,0.0
T005,2027-07-15,6,0,0.0
T005,2027-07-15,7,1,154.85
T005,2027-07-15,8,9,1257.86
T005,2027-07-15,9,21,2784.95
T005,2027-07-15,10,47,6942.12
T005,2027-07-15,11,91,13281.32
T005,2027-07-15,12,132,19349.34
T005,2027-07-15,13,147,21580.78
T005,2027-07-15,14,188,27942.84
T005,2027-07-15,15,183,28132.06
T005,2027-07-15,16,193,26825.11
T005,2027-07-15,17,171,23686.97
T005,2027-07-15,18,201,27871.84
T005,2027-07-15,19,191,28500.16
T005,2027-07-15,20,129,20168.69
T005,2027-07-15,21,103,14801.45
T005,2027-07-15,22,0,0.0
T005,2027-07-15,23,0,0.0
T005,2027-07-16,0,0,0.0
T005,2027-07-16,1,0,0.0
T005,2027-07-16,2,0,0.0
T005,2027-07-16,3,0,0.0
T005,2027-07-16,4,0,0.0
T005,2027-07-16,5,0,0.0
T005,2027-07-16,6,0,0.0
T005,2027-07-16,7,2,295.42
T005,2027-07-16,8,4,632.24
T005,2027-07-16,9,15,1995.17
T005,2027-07-16,10,34,5035.91
T005,2027-07-16,11,69,10240.29
T005,2027-07-16,12,106,15475.87
T005,2027-07-16,13,121,19161.65
T005,2027-07-16,14,151,21536.93
T005,2027-07-16,15,132,21453.54
T005,2027-07-16,16,161,23351.54
T005,2027-07-16,17,127,17485.47
T005,2027-07-16,18,142,20912.04
T005,2027-07-16,19,146,20302.01
T005,2027-07-16,20,86,12182.1
T005,2027-07-16,21,79,11807.16
T005,2027-07-16,22,0,0.0
T005,2027-07-16,23,0,0.0
T005,2027-07-17,0,0,0.0
T005,2027-07-17,1,0,0.0
T005,2027-07-17,2,0,0.0
T005,2027-07-17,3,0,0.0
T005,2027-07-17,4,0,0.0
T005,2027-07-17,5,0,0.0
T005,2027-07-17,6,0,0.0
T005,2027-07-17,7,2,295.34
T005,2027-07-17,8,9,1397.56
T005,2027-07-17,9,26,3748.85
T005,2027-07-17,10,47,6888.68
T005,2027-07-17,11,111,17902.49
T005,2027-07-17,12,135,19744.02
T005,2027-07-17,13,204,30566.27
T005,2027-07-17,14,213,30972.05
T005,2027-07-17,15,210,30989.74
T005,2027-07-17,16,211,31036.57
T005,2027-07-17,17,209,31407.1
T005,2027-07-17,18,191,29731.24
T005,2027-07-17,19,173,27568.09
T005,2027-07-17,20,151,22572.59
T005,2027-07-17,21,110,16686.03
T005,2027-07-17,22,0,0.0
T005,2027-07-17,23,0,0.0
T007,2027-07-11,0,0,0.0
T007,2027-07-11,1,0,0.0
T007,2027-07-11,2,0,0.0
T007,2027-07-11,3,0,0.0
T007,2027-07-11,4,0,0.0
T007,2027-07-11,5,0,0.0
T007,2027-07-11,6,0,0.0
T007,2027-07-11,7,4,960.57
T007,2027-07-11,8,14,3175.96
T007,2027-07-11,9,39,9028.91
T007,2027-07-11,10,71,17465.29
T007,2027-07-11,11,111,25299.45
T007,2027-07-11,12,184,43285.03
T007,2027-07-11,13,273,60072.9
T007,2027-07-11,14,246,58157.77
T007,2027-07-11,15,258,59803.2
T007,2027-07-11,16,311,69249.79
T007,2027-07-11,17,256,58608.45
T007,2027-07-11,18,259,59484.11
T007,2027-07-11,19,293,66899.01
T007,2027-07-11,20,181,45509.86
T007,2027-07-11,21,136,31442.87
T007,2027-07-11,22,112,25690.76
T007,2027-07-11,23,0,0.0
T007,2027-07-12,0,0,0.0
T007,2027-07-12,1,0,0.0
T007,2027-07-12,2,0,0.0
T007,2027-07-12,3,0,0.0
T007,2027-07-12,4,0,0.0
T007,2027-07-12,5,0,0.0
T007,2027-07-12,6,0,0.0
T007,2027-07-12,7,2,487.03
T007,2027-07-12,8,7,1693.9
T007,2027-07-12,9,23,5348.44
T007,2027-07-12,10,51,12933.72
T007,2027-07-12,11,96,19553.52
T007,2027-07-12,12,126,26248.73
T007,2027-07-12,13,171,38543.53
T007,2027-07-12,14,205,47432.04
T007,2027-07-12,15,233,55822.26
T007,2027-07-12,16,223,52748.61
T007,2027-07-12,17,193,43864.64
T007,2027-07-12,18,174,42404.59
T007,2027-07-12,19,170,41404.74
T007,2027-07-12,20,152,35568.73
T007,2027-07-12,21,128,31081.22
T007,2027-07-12,22,74,17246.47
T007,2027-07-12,23,0,0.0
T007,2027-07-13,0,0,0.0
T007,2027-07-13,1,0,0.0
T007,2027-07-13,2,0,0.0
T007,2027-07-13,3,0,0.0
T007,2027-07-13,4,0,0.0
T007,2027-07-13,5,0,0.0
T007,2027-07-13,6,0,0.0
T007,2027-07-13,7,2,477.3
T007,2027-07-13,8,6,1439.82
T007,2027-07-13,9,27,5843.39
T007,2027-07-13,10,48,10630.22
T007,2027-07-13,11,83,18375.61
T007,2027-07-13,12,138,35753.87
T007,2027-07-13,13,191,48223.01
T007,2027-07-13,14,206,46659.87
T007,2027-07-13,15,225,51070.24
T007,2027-07-13,16,213,46506.92
T007,2027-07-13,17,231,48372.44
T007,2027-07-13,18,202,46395.68
T007,2027-07-13,19,202,44340.01
T007,2027-07-13,20,181,41629.75
T007,2027-07-13,21,92,19678.29
T007,2027-07-13,22,93,20808.57
T007,2027-07-13,23,0,0.0
T007,2027-07-14,0,0,0.0
T007,2027-07-14,1,0,0.0
T007,2027-07-14,2,0,0.0
T007,2027-07-14,3,0,0.0
T007,2027-07-14,4,0,0.0
T007,2027-07-14,5,0,0.0
T007,2027-07-14,6,0,0.0
T007,2027-07-14,7,2,452.68
T007,2027-07-14,8,9,2152.99
T007,2027-07-14,9,17,3960.08
T007,2027-07-14,10,47,11273.14
T007,2027-07-14,11,84,19308.09
T007,2027-07-14,12,127,31663.37
T007,2027-07-14,13,200,48508.74
T007,2027-07-14,14,195,44629.86
T007,2027-07-14,15,194,46653.5
T007,2027-07-14,16,226,57311.79
T007,2027-07-14,17,160,40567.41
T007,2027-07-14,18,182,39468.3
T007,2027-07-14,19,162,35697.86
T007,2027-07-14,20,149,37077.79
T007,2027-07-14,21,122,26703.56
T007,2027-07-14,22,83,17932.33
T007,2027-07-14,23,0,0.0
T007,2027-07-15,0,0,0.0
T007,2027-07-15,1,0,0.0
T007,2027-07-15,2,0,0.0
T007,2027-07-15,3,0,0.0
T007,2027-07-15,4,0,0.0
T007,2027-07-15,5,0,0.0
T007,2027-07-15,6,0,0.0
T007,2027-07-15,7,3,740.04
T007,2027-07-15,8,9,2284.58
T007,2027-07-15,9,24,5453.77
T007,2027-07-15,10,64,14689.09
T007,2027-07-15,11,114,25548.8
T007,2027-07-15,12,184,36896.62
T007,2027-07-15,13,273,58842.52
T007,2027-07-15,14,230,48412.09
T007,2027-07-15,15,291,59755.13
T007,2027-07-15,16,288,62619.19
T007,2027-07-15,17,275,67901.79
T007,2027-07-15,18,318,73484.95
T007,2027-07-15,19,182,44763.61
T007,2027-07-15,20,210,49611.88
T007,2027-07-15,21,168,40412.04
T007,2027-07-15,22,92,20426.2
T007,2027-07-15,23,0,0.0
T007,2027-07-16,0,0,0.0
T007,2027-07-16,1,0,0.0
T007,2027-07-16,2,0,0.0
T007,2027-07-16,3,0,0.0
T007,2027-07-16,4,0,0.0
T007,2027-07-16,5,0,0.0
T007,2027-07-16,6,0,0.0
T007,2027-07-16,7,2,488.23
T007,2027-07-16,8,7,1729.28
T007,2027-07-16,9,24,5368.95
T007,2027-07-16,10,54,12412.77
T007,2027-07-16,11,77,18249.89
T007,2027-07-16,12,125,29818.74
T007,2027-07-16,13,129,32216.77
T007,2027-07-16,14,205,50423.9
T007,2027-07-16,15,222,48719.0
T007,2027-07-16,16,167,41900.59
T007,2027-07-16,17,201,45192.81
T007,2027-07-16,18,180,43735.51
T007,2027-07-16,19,159,36827.53
T007,2027-07-16,20,147,33327.8
T007,2027-07-16,21,100,21004.05
T007,2027-07-16,22,70,16145.63
T007,2027-07-16,23,0,0.0
T007,2027-07-17,0,0,0.0
T007,2027-07-17,1,0,0.0
T007,2027-07-17,2,0,0.0
T007,2027-07-17,3,0,0.0
T007,2027-07-17,4,0,0.0
T007,2027-07-17,5,0,0.0
T007,2027-07-17,6,0,0.0
T007,2027-07-17,7,4,970.39
T007,2027-07-17,8,19,4755.72
T007,2027-07-17,9,33,7353.32
T007,2027-07-17,10,66,16078.22
T007,2027-07-17,11,135,31508.06
T007,2027-07-17,12,178,42965.11
T007,2027-07-17,13,264,59645.19
T007,2027-07-17,14,284,65464.83
T007,2027-07-17,15,272,62590.2
T007,2027-07-17,16,378,83845.39
T007,2027-07-17,17,314,75082.21
T007,2027-07-17,18,333,79556.63
T007,2027-07-17,19,251,59816.5
T007,2027-07-17,20,209,52087.0
T007,2027-07-17,21,180,44576.09
T007,2027-07-17,22,122,27666.91
T007,2027-07-17,23,0,0.0
T001,2027-07-18,0,0,0.0
T001,2027-07-18,1,0,0.0
T001,2027-07-18,2,0,0.0
T001,2027-07-18,3,0,0.0
T001,2027-07-18,4,0,0.0
T001,2027-07-18,5,0,0.0
T001,2027-07-18,6,0,0.0
T001,2027-07-18,7,0,0.0
T001,2027-07-18,8,4,506.36
T001,2027-07-18,9,8,1045.2
T001,2027-07-18,10,29,3877.66
T001,2027-07-18,11,34,3885.61
T001,2027-07-18,12,62,8011.64
T001,2027-07-18,13,105,13448.35
T001,2027-07-18,14,128,15732.57
T001,2027-07-18,15,109,12822.61
T001,2027-07-18,16,111,14138.6
T001,2027-07-18,17,129,15914.37
T001,2027-07-18,18,108,13848.33
T001,2027-07-18,19,119,15034.53
T001,2027-07-18,20,87,11914.47
T001,2027-07-18,21,67,8404.04
T001,2027-07-18,22,0,0.0
T001,2027-07-18,23,0,0.0
T001,2027-07-19,0,0,0.0
T001,2027-07-19,1,0,0.0
T001,2027-07-19,2,0,0.0
T001,2027-07-19,3,0,0.0
T001,2027-07-19,4,0,0.0
T001,2027-07-19,5,0,0.0
T001,2027-07-19,6,0,0.0
T001,2027-07-19,7,0,0.0
T001,2027-07-19,8,2,260.63
T001,2027-07-19,9,8,990.04
T001,2027-07-19,10,18,2331.12
T001,2027-07-19,11,38,4731.37
T001,2027-07-19,12,50,5910.24
T001,2027-07-19,13,57,6812.37
T001,2027-07-19,14,87,11203.92
T001,2027-07-19,15,72,9554.65
T001,2027-07-19,16,72,10085.89
T001,2027-07-19,17,78,11267.75
T001,2027-07-19,18,75,9631.68
T001,2027-07-19,19,55,6569.06
T001,2027-07-19,20,59,6649.21
T001,2027-07-19,21,49,6330.08
T001,2027-07-19,22,0,0.0
T001,2027-07-19,23,0,0.0
T001,2027-07-20,0,0,0.0
T001,2027-07-20,1,0,0.0
T001,2027-07-20,2,0,0.0
T001,2027-07-20,3,0,0.0
T001,2027-07-20,4,0,0.0
T001,2027-07-20,5,0,0.0
T001,2027-07-20,6,0,0.0
T001,2027-07-20,7,0,0.0
T001,2027-07-20,8,3,397.64
T001,2027-07-20,9,8,1157.22
T001,2027-07-20,10,21,2675.39
T001,2027-07-20,11,36,4740.76
T001,2027-07-20,12,50,6220.12
T001,2027-07-20,13,71,8502.01
T001,2027-07-20,14,79,9486.77
T001,2027-07-20,15,78,9478.25
T001,2027-07-20,16,75,10440.39
T001,2027-07-20,17,74,8921.18
T001,2027-07-20,18,72,9554.82
T001,2027-07-20,19,65,7868.02
T001,2027-07-20,20,59,7789.28
T001,2027-07-20,21,41,5283.01
T001,2027-07-20,22,0,0.0
T001,2027-07-20,23,0,0.0
T001,2027-07-21,0,0,0.0
T001,2027-07-21,1,0,0.0
T001,2027-07-21,2,0,0.0
T001,2027-07-21,3,0,0.0
T001,2027-07-21,4,0,0.0
T001,2027-07-21,5,0,0.0
T001,2027-07-21,6,0,0.0
T001,2027-07-21,7,0,0.0
T001,2027-07-21,8,2,264.23
T001,2027-07-21,9,8,1078.42
T001,2027-07-21,10,18,2406.9
T001,2027-07-21,11,37,4702.66
T001,2027-07-21,12,51,6378.48
T001,2027-07-21,13,69,9256.84
T001,2027-07-21,14,60,7737.91
T001,2027-07-21,15,76,10303.85
T001,2027-07-21,16,62,7913.16
T001,2027-07-21,17,74,8733.68
T001,2027-07-21,18,67,7923.97
T001,2027-07-21,19,81,11078.33
T001,2027-07-21,20,58,7939.68
T001,2027-07-21,21,42,5268.43
T001,2027-07-21,22,0,0.0
T001,2027-07-21,23,0,0.0
T001,2027-07-22,0,0,0.0
T001,2027-07-22,1,0,0.0
T001,2027-07-22,2,0,0.0
T001,2027-07-22,3,0,0.0
T001,2027-07-22,4,0,0.0
T001,2027-07-22,5,0,0.0
T001,2027-07-22,6,0,0.0
T001,2027-07-22,7,0,0.0
T001,2027-07-22,8,3,400.51
T001,2027-07-22,9,8,1097.46
T001,2027-07-22,10,16,1789.2
T001,2027-07-22,11,30,3844.82
T001,2027-07-22,12,47,5728.52
T001,2027-07-22,13,67,7987.49
T001,2027-07-22,14,62,7497.02
T001,2027-07-22,15,79,9801.26
T001,2027-07-22,16,74,9729.3
T001,2027-07-22,17,76,8934.45
T001,2027-07-22,18,77,9716.83
T001,2027-07-22,19,88,10893.64
T001,2027-07-22,20,46,5751.95
T001,2027-07-22,21,44,5861.82
T001,2027-07-22,22,0,0.0
T001,2027-07-22,23,0,0.0
T001,2027-07-23,0,0,0.0
T001,2027-07-23,1,0,0.0
T001,2027-07-23,2,0,0.0
T001,2027-07-23,3,0,0.0
T001,2027-07-23,4,0,0.0
T001,2027-07-23,5,0,0.0
T001,2027-07-23,6,0,0.0
T001,2027-07-23,7,0,0.0
T001,2027-07-23,8,2,299.26
T001,2027-07-23,9,8,1163.0
T001,2027-07-23,10,20,2417.44
T001,2027-07-23,11,35,4322.8
T001,2027-07-23,12,50,5912.58
T001,2027-07-23,13,57,6964.83
T001,2027-07-23,14,76,9720.07
T001,2027-07-23,15,64,8595.93
T001,2027-07-23,16,75,9092.17
T001,2027-07-23,17,78,9513.2
T001,2027-07-23,18,84,9490.76
T001,2027-07-23,19,78,9754.89
T001,2027-07-23,20,57,6795.56
T001,2027-07-23,21,48,5951.74
T001,2027-07-23,22,0,0.0
T001,2027-07-23,23,0,0.0
T001,2027-07-24,0,0,0.0
T001,2027-07-24,1,0,0.0
T001,2027-07-24,2,0,0.0
T001,2027-07-24,3,0,0.0
T001,2027-07-24,4,0,0.0
T001,2027-07-24,5,0,0.0
T001,2027-07-24,6,0,0.0
T001,2027-07-24,7,0,0.0
T001,2027-07-24,8,4,521.83
T001,2027-07-24,9,14,1757.26
T001,2027-07-24,10,29,4042.95
T001,2027-07-24,11,49,5938.25
T001,2027-07-24,12,66,8270.25
T001,2027-07-24,13,116,15187.62
T001,2027-07-24,14,131,16974.1
T001,2027-07-24,15,124,15387.68
T001,2027-07-24,16,124,15577.71
T001,2027-07-24,17,126,14852.07
T001,2027-07-24,18,125,15627.19
T001,2027-07-24,19,101,12588.82
T001,2027-07-24,20,99,12637.97
T001,2027-07-24,21,76,9303.37
T001,2027-07-24,22,0,0.0
T001,2027-07-24,23,0,0.0
T005,2027-07-18,0,0,0.0
T005,2027-07-18,1,0,0.0
T005,2027-07-18,2,0,0.0
T005,2027-07-18,3,0,0.0
T005,2027-07-18,4,0,0.0
T005,2027-07-18,5,0,0.0
T005,2027-07-18,6,0,0.0
T005,2027-07-18,7,2,314.85
T005,2027-07-18,8,12,1703.13
T005,2027-07-18,9,22,3030.51
T005,2027-07-18,10,55,8006.4
T005,2027-07-18,11,86,12607.41
T005,2027-07-18,12,118,18842.69
T005,2027-07-18,13,235,36123.6
T005,2027-07-18,14,183,26874.77
T005,2027-07-18,15,235,35007.74
T005,2027-07-18,16,204,30012.88
T005,2027-07-18,17,189,27503.68
T005,2027-07-18,18,200,27741.89
T005,2027-07-18,19,206,30026.9
T005,2027-07-18,20,147,20804.82
T005,2027-07-18,21,110,15194.99
T005,2027-07-18,22,0,0.0
T005,2027-07-18,23,0,0.0
T005,2027-07-19,0,0,0.0
T005,2027-07-19,1,0,0.0
T005,2027-07-19,2,0,0.0
T005,2027-07-19,3,0,0.0
T005,2027-07-19,4,0,0.0
T005,2027-07-19,5,0,0.0
T005,2027-07-19,6,0,0.0
T005,2027-07-19,7,0,0.0
T005,2027-07-19,8,5,785.12
T005,2027-07-19,9,16,2359.37
T005,2027-07-19,10,36,5586.21
T005,2027-07-19,11,47,7328.44
T005,2027-07-19,12,78,11347.44
T005,2027-07-19,13,126,17371.36
T005,2027-07-19,14,122,17620.56
T005,2027-07-19,15,156,23250.11
T005,2027-07-19,16,148,21545.45
T005,2027-07-19,17,118,16789.25
T005,2027-07-19,18,119,17663.73
T005,2027-07-19,19,156,22420.73
T005,2027-07-19,20,119,16895.4
T005,2027-07-19,21,70,10503.48
T005,2027-07-19,22,0,0.0
T005,2027-07-19,23,0,0.0
T005,2027-07-20,0,0,0.0
T005,2027-07-20,1,0,0.0
T005,2027-07-20,2,0,0.0
T005,2027-07-20,3,0,0.0
T005,2027-07-20,4,0,0.0
T005,2027-07-20,5,0,0.0
T005,2027-07-20,6,0,0.0
T005,2027-07-20,7,0,0.0
T005,2027-07-20,8,6,927.62
T005,2027-07-20,9,16,2301.85
T005,2027-07-20,10,39,6058.23
T005,2027-07-20,11,54,6820.47
T005,2027-07-20,12,99,14797.5
T005,2027-07-20,13,134,21301.23
T005,2027-07-20,14,156,21703.32
T005,2027-07-20,15,145,20897.74
T005,2027-07-20,16,155,21985.9
T005,2027-07-20,17,113,15925.85
T005,2027-07-20,18,144,20802.93
T005,2027-07-20,19,122,19184.31
T005,2027-07-20,20,88,14157.84
T005,2027-07-20,21,70,10168.69
T005,2027-07-20,22,0,0.0
T005,2027-07-20,23,0,0.0
T005,2027-07-21,0,0,0.0
T005,2027-07-21,1,0,0.0
T005,2027-07-21,2,0,0.0
T005,2027-07-21,3,0,0.0
T005,2027-07-21,4,0,0.0
T005,2027-07-21,5,0,0.0
T005,2027-07-21,6,0,0.0
T005,2027-07-21,7,1,161.85
T005,2027-07-21,8,5,757.86
T005,2027-07-21,9,16,2258.77
T005,2027-07-21,10,40,6132.34
T005,2027-07-21,11,61,8967.05
T005,2027-07-21,12,100,14868.87
T005,2027-07-21,13,116,16991.95
T005,2027-07-21,14,138,20562.05
T005,2027-07-21,15,142,21281.99
T005,2027-07-21,16,122,16172.07
T005,2027-07-21,17,134,20417.17
T005,2027-07-21,18,120,16733.48
T005,2027-07-21,19,130,17760.81
T005,2027-07-21,20,91,13390.48
T005,2027-07-21,21,78,11470.92
T005,2027-07-21,22,0,0.0
T005,2027-07-21,23,0,0.0
T005,2027-07-22,0,0,0.0
T005,2027-07-22,1,0,0.0
T005,2027-07-22,2,0,0.0
T005,2027-07-22,3,0,0.0
T005,2027-07-22,4,0,0.0
T005,2027-07-22,5,0,0.0
T005,2027-07-22,6,0,0.0
T005,2027-07-22,7,1,154.85
T005,2027-07-22,8,7,978.34
T005,2027-07-22,9,17,2227.96
T005,2027-07-22,10,36,5245.16
T005,2027-07-22,11,56,8090.92
T005,2027-07-22,12,91,13360.25
T005,2027-07-22,13,111,16339.73
T005,2027-07-22,14,127,18888.73
T005,2027-07-22,15,139,21341.56
T005,2027-07-22,16,139,19244.1
T005,2027-07-22,17,141,19472.72
T005,2027-07-22,18,138,19116.29
T005,2027-07-22,19,131,19574.29
T005,2027-07-22,20,102,15905.39
T005,2027-07-22,21,69,9968.32
T005,2027-07-22,22,0,0.0
T005,2027-07-22,23,0,0.0
T005,2027-07-23,0,0,0.0
T005,2027-07-23,1,0,0.0
T005,2027-07-23,2,0,0.0
T005,2027-07-23,3,0,0.0
T005,2027-07-23,4,0,0.0
T005,2027-07-23,5,0,0.0
T005,2027-07-23,6,0,0.0
T005,2027-07-23,7,1,147.71
T005,2027-07-23,8,4,632.24
T005,2027-07-23,9,15,1995.17
T005,2027-07-23,10,33,4878.53
T005,2027-07-23,11,74,10860.92
T005,2027-07-23,12,97,14096.83
T005,2027-07-23,13,123,19494.9
T005,2027-07-23,14,130,18545.69
T005,2027-07-23,15,123,19921.15
T005,2027-07-23,16,159,23046.29
T005,2027-07-23,17,142,19508.59
T005,2027-07-23,18,129,19053.2
T005,2027-07-23,19,139,19279.61
T005,2027-07-23,20,105,14856.22
T005,2027-07-23,21,69,10390.3
T005,2027-07-23,22,0,0.0
T005,2027-07-23,23,0,0.0
T005,2027-07-24,0,0,0.0
T005,2027-07-24,1,0,0.0
T005,2027-07-24,2,0,0.0
T005,2027-07-24,3,0,0.0
T005,2027-07-24,4,0,0.0
T005,2027-07-24,5,0,0.0
T005,2027-07-24,6,0,0.0
T005,2027-07-24,7,2,295.34
T005,2027-07-24,8,8,1242.28
T005,2027-07-24,9,25,3598.9
T005,2027-07-24,10,52,7654.1
T005,2027-07-24,11,101,16213.58
T005,2027-07-24,12,155,22652.06
T005,2027-07-24,13,197,29620.92
T005,2027-07-24,14,203,29446.33
T005,2027-07-24,15,220,32539.24
T005,2027-07-24,16,208,30573.33
T005,2027-07-24,17,196,29513.2
T005,2027-07-24,18,207,32181.62
T005,2027-07-24,19,168,26732.68
T005,2027-07-24,20,148,22102.32
T005,2027-07-24,21,116,17480.61
T005,2027-07-24,22,0,0.0
T005,2027-07-24,23,0,0.0
T007,2027-07-18,0,0,0.0
T007,2027-07-18,1,0,0.0
T007,2027-07-18,2,0,0.0
T007,2027-07-18,3,0,0.0
T007,2027-07-18,4,0,0.0
T007,2027-07-18,5,0,0.0
T007,2027-07-18,6,0,0.0
T007,2027-07-18,7,3,720.43
T007,2027-07-18,8,15,3420.27
T007,2027-07-18,9,40,9272.94
T007,2027-07-18,10,70,17208.45
T007,2027-07-18,11,122,27686.19
T007,2027-07-18,12,210,49468.6
T007,2027-07-18,13,265,58224.51
T007,2027-07-18,14,250,59151.92
T007,2027-07-18,15,296,68554.89
T007,2027-07-18,16,272,60593.57
T007,2027-07-18,17,259,59329.04
T007,2027-07-18,18,265,60688.24
T007,2027-07-18,19,275,62822.73
T007,2027-07-18,20,168,42334.75
T007,2027-07-18,21,136,31442.87
T007,2027-07-18,22,111,25450.66
T007,2027-07-18,23,0,0.0
T007,2027-07-19,0,0,0.0
T007,2027-07-19,1,0,0.0
T007,2027-07-19,2,0,0.0
T007,2027-07-19,3,0,0.0
T007,2027-07-19,4,0,0.0
T007,2027-07-19,5,0,0.0
T007,2027-07-19,6,0,0.0
T007,2027-07-19,7,2,487.03
T007,2027-07-19,8,7,1693.9
T007,2027-07-19,9,21,4862.21
T007,2027-07-19,10,45,11350.01
T007,2027-07-19,11,96,19553.52
T007,2027-07-19,12,122,25373.78
T007,2027-07-19,13,186,41854.02
T007,2027-07-19,14,207,47918.52
T007,2027-07-19,15,242,57833.88
T007,2027-07-19,16,209,49514.02
T007,2027-07-19,17,189,42911.06
T007,2027-07-19,18,197,48024.47
T007,2027-07-19,19,177,43193.84
T007,2027-07-19,20,143,33361.01
T007,2027-07-19,21,124,30062.16
T007,2027-07-19,22,83,19463.87
T007,2027-07-19,23,0,0.0
T007,2027-07-20,0,0,0.0
T007,2027-07-20,1,0,0.0
T007,2027-07-20,2,0,0.0
T007,2027-07-20,3,0,0.0
T007,2027-07-20,4,0,0.0
T007,2027-07-20,5,0,0.0
T007,2027-07-20,6,0,0.0
T007,2027-07-20,7,2,477.3
T007,2027-07-20,8,6,1439.82
T007,2027-07-20,9,27,5843.39
T007,2027-07-20,10,43,9474.76
T007,2027-07-20,11,87,19306.02
T007,2027-07-20,12,140,36299.73
T007,2027-07-20,13,190,47958.06
T007,2027-07-20,14,200,45231.51
T007,2027-07-20,15,240,54649.92
T007,2027-07-20,16,193,42154.06
T007,2027-07-20,17,227,47492.94
T007,2027-07-20,18,185,42529.38
T007,2027-07-20,19,212,46649.38
T007,2027-07-20,20,173,39935.52
T007,2027-07-20,21,89,19007.45
T007,2027-07-20,22,98,21743.79
T007,2027-07-20,23,0,0.0
T007,2027-07-21,0,0,0.0
T007,2027-07-21,1,0,0.0
T007,2027-07-21,2,0,0.0
T007,2027-07-21,3,0,0.0
T007,2027-07-21,4,0,0.0
T007,2027-07-21,5,0,0.0
T007,2027-07-21,6,0,0.0
T007,2027-07-21,7,2,452.68
T007,2027-07-21,8,10,2392.22
T007,2027-07-21,9,17,3960.08
T007,2027-07-21,10,51,12275.19
T007,2027-07-21,11,84,19308.09
T007,2027-07-21,12,153,38205.38
T007,2027-07-21,13,198,48253.43
T007,2027-07-21,14,188,42950.24
T007,2027-07-21,15,192,46149.14
T007,2027-07-21,16,231,58644.63
T007,2027-07-21,17,165,41901.87
T007,2027-07-21,18,198,43118.55
T007,2027-07-21,19,156,34538.84
T007,2027-07-21,20,123,30550.01
T007,2027-07-21,21,114,25092.14
T007,2027-07-21,22,80,17251.35
T007,2027-07-21,23,0,0.0
T007,2027-07-22,0,0,0.0
T007,2027-07-22,1,0,0.0
T007,2027-07-22,2,0,0.0
T007,2027-07-22,3,0,0.0
T007,2027-07-22,4,0,0.0
T007,2027-07-22,5,0,0.0
T007,2027-07-22,6,0,0.0
T007,2027-07-22,7,3,740.04
T007,2027-07-22,8,9,2284.58
T007,2027-07-22,9,20,4505.3
T007,2027-07-22,10,54,12281.04
T007,2027-07-22,11,82,18282.63
T007,2027-07-22,12,145,29095.62
T007,2027-07-22,13,211,45489.79
T007,2027-07-22,14,185,38906.52
T007,2027-07-22,15,202,41418.72
T007,2027-07-22,16,214,46621.59
T007,2027-07-22,17,206,50796.76
T007,2027-07-22,18,219,50687.65
T007,2027-07-22,19,160,39329.87
T007,2027-07-22,20,161,37953.09
T007,2027-07-22,21,116,27783.28
T007,2027-07-22,22,66,14623.3
T007,2027-07-22,23,0,0.0
T007,2027-07-23,0,0,0.0
T007,2027-07-23,1,0,0.0
T007,2027-07-23,2,0,0.0
T007,2027-07-23,3,0,0.0
T007,2027-07-23,4,0,0.0
T007,2027-07-23,5,0,0.0
T007,2027-07-23,6,0,0.0
T007,2027-07-23,7,3,732.34
T007,2027-07-23,8,7,1729.28
T007,2027-07-23,9,21,4668.66
T007,2027-07-23,10,48,11195.84
T007,2027-07-23,11,79,18749.89
T007,2027-07-23,12,126,30069.32
T007,2027-07-23,13,145,36145.65
T007,2027-07-23,14,198,48872.4
T007,2027-07-23,15,219,48257.2
T007,2027-07-23,16,156,39265.33
T007,2027-07-23,17,195,44009.75
T007,2027-07-23,18,181,43991.27
T007,2027-07-23,19,185,42924.8
T007,2027-07-23,20,132,29995.01
T007,2027-07-23,21,107,22551.72
T007,2027-07-23,22,64,14699.76
T007,2027-07-23,23,0,0.0
T007,2027-07-24,0,0,0.0
T007,2027-07-24,1,0,0.0
T007,2027-07-24,2,0,0.0
T007,2027-07-24,3,0,0.0
T007,2027-07-24,4,0,0.0
T007,2027-07-24,5,0,0.0
T007,2027-07-24,6,0,0.0
T007,2027-07-24,7,4,970.39
T007,2027-07-24,8,20,5019.93
T007,2027-07-24,9,37,8302.14
T007,2027-07-24,10,63,15312.59
T007,2027-07-24,11,124,28821.32
T007,2027-07-24,12,170,40943.22
T007,2027-07-24,13,304,68912.77
T007,2027-07-24,14,272,62797.75
T007,2027-07-24,15,290,66698.43
T007,2027-07-24,16,349,77324.08
T007,2027-07-24,17,276,66042.22
T007,2027-07-24,18,320,76545.02
T007,2027-07-24,19,274,65322.63
T007,2027-07-24,20,225,56013.16
T007,2027-07-24,21,187,46400.84
T007,2027-07-24,22,120,27189.9
T007,2027-07-24,23,0,0.0
T001,2027-07-25,0,0,0.0
T001,2027-07-25,1,0,0.0
T001,2027-07-25,2,0,0.0
T001,2027-07-25,3,0,0.0
T001,2027-07-25,4,0,0.0
T001,2027-07-25,5,0,0.0
T001,2027-07-25,6,0,0.0
T001,2027-07-25,7,0,0.0
T001,2027-07-25,8,5,632.95
T001,2027-07-25,9,8,1045.2
T001,2027-07-25,10,29,3877.66
T001,2027-07-25,11,32,3642.77
T001,2027-07-25,12,62,8011.64
T001,2027-07-25,13,105,13448.35
T001,2027-07-25,14,110,13540.33
T001,2027-07-25,15,113,13315.8
T001,2027-07-25,16,110,14005.22
T001,2027-07-25,17,135,16690.68
T001,2027-07-25,18,93,11966.04
T001,2027-07-25,19,116,14635.38
T001,2027-07-25,20,83,11340.27
T001,2027-07-25,21,62,7747.48
T001,2027-07-25,22,0,0.0
T001,2027-07-25,23,0,0.0
T001,2027-07-26,0,0,0.0
T001,2027-07-26,1,0,0.0
T001,2027-07-26,2,0,0.0
T001,2027-07-26,3,0,0.0
T001,2027-07-26,4,0,0.0
T001,2027-07-26,5,0,0.0
T001,2027-07-26,6,0,0.0
T001,2027-07-26,7,0,0.0
T001,2027-07-26,8,2,260.63
T001,2027-07-26,9,8,990.04
T001,2027-07-26,10,18,2331.12
T001,2027-07-26,11,34,4205.66
T001,2027-07-26,12,47,5540.85
T001,2027-07-26,13,58,6938.53
T001,2027-07-26,14,87,11203.92
T001,2027-07-26,15,76,9970.08
T001,2027-07-26,16,70,9793.55
T001,2027-07-26,17,85,12333.62
T001,2027-07-26,18,80,10309.97
T001,2027-07-26,19,51,6190.08
T001,2027-07-26,20,62,7005.41
T001,2027-07-26,21,42,5387.31
T001,2027-07-26,22,0,0.0
T001,2027-07-26,23,0,0.0
T001,2027-07-27,0,0,0.0
T001,2027-07-27,1,0,0.0
T001,2027-07-27,2,0,0.0
T001,2027-07-27,3,0,0.0
T001,2027-07-27,4,0,0.0
T001,2027-07-27,5,0,0.0
T001,2027-07-27,6,0,0.0
T001,2027-07-27,7,0,0.0
T001,2027-07-27,8,3,397.64
T001,2027-07-27,9,8,1157.22
T001,2027-07-27,10,19,2407.85
T001,2027-07-27,11,34,4461.89
T001,2027-07-27,12,51,6349.71
T001,2027-07-27,13,76,9002.12
T001,2027-07-27,14,75,8980.81
T001,2027-07-27,15,76,9222.08
T001,2027-07-27,16,74,10293.34
T001,2027-07-27,17,85,10323.08
T001,2027-07-27,18,70,9277.86
T001,2027-07-27,19,74,8883.25
T001,2027-07-27,20,60,7928.37
T001,2027-07-27,21,42,5418.47
T001,2027-07-27,22,0,0.0
T001,2027-07-27,23,0,0.0
T001,2027-07-28,0,0,0.0
T001,2027-07-28,1,0,0.0
T001,2027-07-28,2,0,0.0
T001,2027-07-28,3,0,0.0
T001,2027-07-28,4,0,0.0
T001,2027-07-28,5,0,0.0
T001,2027-07-28,6,0,0.0
T001,2027-07-28,7,0,0.0
T001,2027-07-28,8,2,264.23
T001,2027-07-28,9,8,1078.42
T001,2027-07-28,10,19,2548.49
T001,2027-07-28,11,36,4568.29
T001,2027-07-28,12,50,6248.31
T001,2027-07-28,13,70,9397.1
T001,2027-07-28,14,62,8009.42
T001,2027-07-28,15,79,10733.18
T001,2027-07-28,16,62,7913.16
T001,2027-07-28,17,76,8983.21
T001,2027-07-28,18,70,8295.41
T001,2027-07-28,19,72,9927.33
T001,2027-07-28,20,59,8084.03
T001,2027-07-28,21,42,5268.43
T001,2027-07-28,22,0,0.0
T001,2027-07-28,23,0,0.0
T001,2027-07-29,0,0,0.0
T001,2027-07-29,1,0,0.0
T001,2027-07-29,2,0,0.0
T001,2027-07-29,3,0,0.0
T001,2027-07-29,4,0,0.0
T001,2027-07-29,5,0,0.0
T001,2027-07-29,6,0,0.0
T001,2027-07-29,7,0,0.0
T001,2027-07-29,8,3,400.51
T001,2027-07-29,9,8,1097.46
T001,2027-07-29,10,17,1908.48
T001,2027-07-29,11,29,3712.24
T001,2027-07-29,12,56,6746.91
T001,2027-07-29,13,65,7737.88
T001,2027-07-29,14,70,8513.57
T001,2027-07-29,15,87,10846.72
T001,2027-07-29,16,68,9034.35
T001,2027-07-29,17,80,9430.81
T001,2027-07-29,18,75,9450.62
T001,2027-07-29,19,88,10893.64
T001,2027-07-29,20,54,6667.04
T001,2027-07-29,21,50,6699.23
T001,2027-07-29,22,0,0.0
T001,2027-07-29,23,0,0.0
T001,2027-07-30,0,0,0.0
T001,2027-07-30,1,0,0.0
T001,2027-07-30,2,0,0.0
T001,2027-07-30,3,0,0.0
T001,2027-07-30,4,0,0.0
T001,2027-07-30,5,0,0.0
T001,2027-07-30,6,0,0.0
T001,2027-07-30,7,0,0.0
T001,2027-07-30,8,4,598.53
T001,2027-07-30,9,14,1889.88
T001,2027-07-30,10,27,3308.08
T001,2027-07-30,11,45,5632.75
T001,2027-07-30,12,60,7021.19
T001,2027-07-30,13,77,9415.42
T001,2027-07-30,14,99,12690.09
T001,2027-07-30,15,96,12823.43
T001,2027-07-30,16,98,11909.47
T001,2027-07-30,17,93,11441.56
T001,2027-07-30,18,120,13524.34
T001,2027-07-30,19,109,13709.57
T001,2027-07-30,20,74,8809.06
T001,2027-07-30,21,63,7763.13
T001,2027-07-30,22,0,0.0
T001,2027-07-30,23,0,0.0
T001,2027-07-31,0,0,0.0
T001,2027-07-31,1,0,0.0
T001,2027-07-31,2,0,0.0
T001,2027-07-31,3,0,0.0
T001,2027-07-31,4,0,0.0
T001,2027-07-31,5,0,0.0
T001,2027-07-31,6,0,0.0
T001,2027-07-31,7,0,0.0
T001,2027-07-31,8,6,782.74
T001,2027-07-31,9,17,2162.78
T001,2027-07-31,10,39,5342.47
T001,2027-07-31,11,74,8844.21
T001,2027-07-31,12,94,11814.64
T001,2027-07-31,13,161,21124.59
T001,2027-07-31,14,191,24714.29
T001,2027-07-31,15,159,19691.02
T001,2027-07-31,16,174,21914.39
T001,2027-07-31,17,161,18936.39
T001,2027-07-31,18,156,19566.82
T001,2027-07-31,19,131,16391.69
T001,2027-07-31,20,114,14654.67
T001,2027-07-31,21,99,12146.06
T001,2027-07-31,22,0,0.0
T001,2027-07-31,23,0,0.0
T005,2027-07-25,0,0,0.0
T005,2027-07-25,1,0,0.0
T005,2027-07-25,2,0,0.0
T005,2027-07-25,3,0,0.0
T005,2027-07-25,4,0,0.0
T005,2027-07-25,5,0,0.0
T005,2027-07-25,6,0,0.0
T005,2027-07-25,7,3,472.29
T005,2027-07-25,8,12,1703.13
T005,2027-07-25,9,22,3030.51
T005,2027-07-25,10,59,8622.27
T005,2027-07-25,11,93,13683.66
T005,2027-07-25,12,130,20861.56
T005,2027-07-25,13,210,32253.22
T005,2027-07-25,14,183,26874.77
T005,2027-07-25,15,200,29694.06
T005,2027-07-25,16,227,33416.41
T005,2027-07-25,17,237,34532.4
T005,2027-07-25,18,184,25551.74
T005,2027-07-25,19,196,28648.12
T005,2027-07-25,20,139,19615.96
T005,2027-07-25,21,117,16063.27
T005,2027-07-25,22,0,0.0
T005,2027-07-25,23,0,0.0
T005,2027-07-26,0,0,0.0
T005,2027-07-26,1,0,0.0
T005,2027-07-26,2,0,0.0
T005,2027-07-26,3,0,0.0
T005,2027-07-26,4,0,0.0
T005,2027-07-26,5,0,0.0
T005,2027-07-26,6,0,0.0
T005,2027-07-26,7,1,146.0
T005,2027-07-26,8,4,628.1
T005,2027-07-26,9,17,2516.67
T005,2027-07-26,10,38,5914.81
T005,2027-07-26,11,48,7491.3
T005,2027-07-26,12,76,11040.75
T005,2027-07-26,13,130,17950.4
T005,2027-07-26,14,135,19595.29
T005,2027-07-26,15,144,21377.61
T005,2027-07-26,16,152,22156.67
T005,2027-07-26,17,116,16489.44
T005,2027-07-26,18,107,15944.25
T005,2027-07-26,19,146,20915.98
T005,2027-07-26,20,108,15400.23
T005,2027-07-26,21,75,11130.55
T005,2027-07-26,22,0,0.0
T005,2027-07-26,23,0,0.0
T005,2027-07-27,0,0,0.0
T005,2027-07-27,1,0,0.0
T005,2027-07-27,2,0,0.0
T005,2027-07-27,3,0,0.0
T005,2027-07-27,4,0,0.0
T005,2027-07-27,5,0,0.0
T005,2027-07-27,6,0,0.0
T005,2027-07-27,7,1,154.59
T005,2027-07-27,8,5,773.01
T005,2027-07-27,9,15,2148.39
T005,2027-07-27,10,37,5730.75
T005,2027-07-27,11,45,5750.6
T005,2027-07-27,12,97,14482.66
T005,2027-07-27,13,126,19969.91
T005,2027-07-27,14,160,22140.3
T005,2027-07-27,15,148,21352.04
T005,2027-07-27,16,165,23322.88
T005,2027-07-27,17,128,17990.31
T005,2027-07-27,18,154,22321.39
T005,2027-07-27,19,121,19018.93
T005,2027-07-27,20,91,14663.48
T005,2027-07-27,21,67,9713.37
T005,2027-07-27,22,0,0.0
T005,2027-07-27,23,0,0.0
T005,2027-07-28,0,0,0.0
T005,2027-07-28,1,0,0.0
T005,2027-07-28,2,0,0.0
T005,2027-07-28,3,0,0.0
T005,2027-07-28,4,0,0.0
T005,2027-07-28,5,0,0.0
T005,2027-07-28,6,0,0.0
T005,2027-07-28,7,1,161.85
T005,2027-07-28,8,6,909.43
T005,2027-07-28,9,16,2258.77
T005,2027-07-28,10,36,5486.83
T005,2027-07-28,11,56,8194.03
T005,2027-07-28,12,101,15025.38
T005,2027-07-28,13,126,18536.68
T005,2027-07-28,14,134,20091.16
T005,2027-07-28,15,127,19074.96
T005,2027-07-28,16,141,18681.54
T005,2027-07-28,17,132,20098.14
T005,2027-07-28,18,114,15999.55
T005,2027-07-28,19,127,17331.12
T005,2027-07-28,20,92,13544.39
T005,2027-07-28,21,82,12090.98
T005,2027-07-28,22,0,0.0
T005,2027-07-28,23,0,0.0
T005,2027-07-29,0,0,0.0
T005,2027-07-29,1,0,0.0
T005,2027-07-29,2,0,0.0
T005,2027-07-29,3,0,0.0
T005,2027-07-29,4,0,0.0
T005,2027-07-29,5,0,0.0
T005,2027-07-29,6,0,0.0
T005,2027-07-29,7,0,0.0
T005,2027-07-29,8,6,838.57
T005,2027-07-29,9,17,2227.96
T005,2027-07-29,10,37,5399.43
T005,2027-07-29,11,57,8243.58
T005,2027-07-29,12,104,15203.04
T005,2027-07-29,13,110,16185.58
T005,2027-07-29,14,112,16703.26
T005,2027-07-29,15,142,21826.6
T005,2027-07-29,16,140,19389.89
T005,2027-07-29,17,145,20054.0
T005,2027-07-29,18,144,19991.84
T005,2027-07-29,19,156,23332.54
T005,2027-07-29,20,102,15905.39
T005,2027-07-29,21,70,10119.35
T005,2027-07-29,22,0,0.0
T005,2027-07-29,23,0,0.0
T005,2027-07-30,0,0,0.0
T005,2027-07-30,1,0,0.0
T005,2027-07-30,2,0,0.0
T005,2027-07-30,3,0,0.0
T005,2027-07-30,4,0,0.0
T005,2027-07-30,5,0,0.0
T005,2027-07-30,6,0,0.0
T005,2027-07-30,7,3,443.13
T005,2027-07-30,8,7,1106.43
T005,2027-07-30,9,21,2850.24
T005,2027-07-30,10,41,6137.51
T005,2027-07-30,11,101,14894.96
T005,2027-07-30,12,139,20225.88
T005,2027-07-30,13,164,25993.19
T005,2027-07-30,14,193,27519.41
T005,2027-07-30,15,165,26731.79
T005,2027-07-30,16,240,34950.99
T005,2027-07-30,17,177,24421.87
T005,2027-07-30,18,186,27418.01
T005,2027-07-30,19,173,24099.52
T005,2027-07-30,20,143,20204.45
T005,2027-07-30,21,108,16215.16
T005,2027-07-30,22,0,0.0
T005,2027-07-30,23,0,0.0
T005,2027-07-31,0,0,0.0
T005,2027-07-31,1,0,0.0
T005,2027-07-31,2,0,0.0
T005,2027-07-31,3,0,0.0
T005,2027-07-31,4,0,0.0
T005,2027-07-31,5,0,0.0
T005,2027-07-31,6,0,0.0
T005,2027-07-31,7,3,443.02
T005,2027-07-31,8,13,1863.41
T005,2027-07-31,9,32,4498.61
T005,2027-07-31,10,65,9491.08
T005,2027-07-31,11,155,24995.92
T005,2027-07-31,12,196,28621.17
T005,2027-07-31,13,295,44273.83
T005,2027-07-31,14,279,40584.06
T005,2027-07-31,15,295,43540.59
T005,2027-07-31,16,277,40764.45
T005,2027-07-31,17,268,40245.28
T005,2027-07-31,18,267,41493.05
T005,2027-07-31,19,217,34585.41
T005,2027-07-31,20,222,33075.11
T005,2027-07-31,21,149,22565.88
T005,2027-07-31,22,0,0.0
T005,2027-07-31,23,0,0.0
T007,2027-07-25,0,0,0.0
T007,2027-07-25,1,0,0.0
T007,2027-07-25,2,0,0.0
T007,2027-07-25,3,0,0.0
T007,2027-07-25,4,0,0.0
T007,2027-07-25,5,0,0.0
T007,2027-07-25,6,0,0.0
T007,2027-07-25,7,4,960.57
T007,2027-07-25,8,14,3175.96
T007,2027-07-25,9,38,8784.89
T007,2027-07-25,10,67,16437.92
T007,2027-07-25,11,102,23151.39
T007,2027-07-25,12,189,44521.74
T007,2027-07-25,13,259,57069.26
T007,2027-07-25,14,246,58157.77
T007,2027-07-25,15,270,62477.32
T007,2027-07-25,16,269,59891.72
T007,2027-07-25,17,306,69897.79
T007,2027-07-25,18,244,55871.71
T007,2027-07-25,19,290,66179.66
T007,2027-07-25,20,201,50537.11
T007,2027-07-25,21,147,33861.56
T007,2027-07-25,22,103,23529.85
T007,2027-07-25,23,0,0.0
T007,2027-07-26,0,0,0.0
T007,2027-07-26,1,0,0.0
T007,2027-07-26,2,0,0.0
T007,2027-07-26,3,0,0.0
T007,2027-07-26,4,0,0.0
T007,2027-07-26,5,0,0.0
T007,2027-07-26,6,0,0.0
T007,2027-07-26,7,2,487.03
T007,2027-07-26,8,6,1451.91
T007,2027-07-26,9,22,5105.33
T007,2027-07-26,10,46,11613.96
T007,2027-07-26,11,91,18694.03
T007,2027-07-26,12,116,24061.34
T007,2027-07-26,13,185,41617.56
T007,2027-07-26,14,207,47918.52
T007,2027-07-26,15,261,62611.46
T007,2027-07-26,16,248,58720.15
T007,2027-07-26,17,211,47917.36
T007,2027-07-26,18,174,42404.59
T007,2027-07-26,19,191,46516.45
T007,2027-07-26,20,132,30908.0
T007,2027-07-26,21,128,31081.22
T007,2027-07-26,22,72,17000.1
T007,2027-07-26,23,0,0.0
T007,2027-07-27,0,0,0.0
T007,2027-07-27,1,0,0.0
T007,2027-07-27,2,0,0.0
T007,2027-07-27,3,0,0.0
T007,2027-07-27,4,0,0.0
T007,2027-07-27,5,0,0.0
T007,2027-07-27,6,0,0.0
T007,2027-07-27,7,2,477.3
T007,2027-07-27,8,6,1439.82
T007,2027-07-27,9,24,5169.15
T007,2027-07-27,10,48,10630.22
T007,2027-07-27,11,88,19538.62
T007,2027-07-27,12,138,35753.87
T007,2027-07-27,13,178,45043.48
T007,2027-07-27,14,212,48088.24
T007,2027-07-27,15,220,50115.65
T007,2027-07-27,16,218,47652.4
T007,2027-07-27,17,226,47273.06
T007,2027-07-27,18,200,45912.39
T007,2027-07-27,19,219,48265.94
T007,2027-07-27,20,162,37273.15
T007,2027-07-27,21,90,19231.06
T007,2027-07-27,22,101,22445.2
T007,2027-07-27,23,0,0.0
T007,2027-07-28,0,0,0.0
T007,2027-07-28,1,0,0.0
T007,2027-07-28,2,0,0.0
T007,2027-07-28,3,0,0.0
T007,2027-07-28,4,0,0.0
T007,2027-07-28,5,0,0.0
T007,2027-07-28,6,0,0.0
T007,2027-07-28,7,2,452.68
T007,2027-07-28,8,9,2152.99
T007,2027-07-28,9,18,4207.58
T007,2027-07-28,10,43,10271.08
T007,2027-07-28,11,98,22445.66
T007,2027-07-28,12,135,33756.82
T007,2027-07-28,13,178,43402.56
T007,2027-07-28,14,182,41510.56
T007,2027-07-28,15,208,49931.85
T007,2027-07-28,16,219,55712.4
T007,2027-07-28,17,151,38432.29
T007,2027-07-28,18,184,39924.58
T007,2027-07-28,19,170,37552.29
T007,2027-07-28,20,140,34727.79
T007,2027-07-28,21,116,25322.35
T007,2027-07-28,22,83,17932.33
T007,2027-07-28,23,0,0.0
T007,2027-07-29,0,0,0.0
T007,2027-07-29,1,0,0.0
T007,2027-07-29,2,0,0.0
T007,2027-07-29,3,0,0.0
T007,2027-07-29,4,0,0.0
T007,2027-07-29,5,0,0.0
T007,2027-07-29,6,0,0.0
T007,2027-07-29,7,3,740.04
T007,2027-07-29,8,7,1776.89
T007,2027-07-29,9,17,3793.93
T007,2027-07-29,10,51,11799.43
T007,2027-07-29,11,81,18048.24
T007,2027-07-29,12,121,24246.35
T007,2027-07-29,13,183,39379.22
T007,2027-07-29,14,170,35811.69
T007,2027-07-29,15,189,38830.05
T007,2027-07-29,16,205,44564.75
T007,2027-07-29,17,209,51574.27
T007,2027-07-29,18,210,48504.92
T007,2027-07-29,19,150,37001.13
T007,2027-07-29,20,160,37705.03
T007,2027-07-29,21,140,33592.51
T007,2027-07-29,22,76,16712.34
T007,2027-07-29,23,0,0.0
T007,2027-07-30,0,0,0.0
T007,2027-07-30,1,0,0.0
T007,2027-07-30,2,0,0.0
T007,2027-07-30,3,0,0.0
T007,2027-07-30,4,0,0.0
T007,2027-07-30,5,0,0.0
T007,2027-07-30,6,0,0.0
T007,2027-07-30,7,4,976.47
T007,2027-07-30,8,9,2223.35
T007,2027-07-30,9,32,7002.99
T007,2027-07-30,10,67,15576.81
T007,2027-07-30,11,98,23249.87
T007,2027-07-30,12,162,38588.96
T007,2027-07-30,13,197,49241.9
T007,2027-07-30,14,294,72403.55
T007,2027-07-30,15,279,61418.26
T007,2027-07-30,16,223,55867.44
T007,2027-07-30,17,296,66724.47
T007,2027-07-30,18,238,58058.26
T007,2027-07-30,19,272,63167.75
T007,2027-07-30,20,212,48087.25
T007,2027-07-30,21,140,29405.67
T007,2027-07-30,22,89,20483.26
T007,2027-07-30,23,0,0.0
T007,2027-07-31,0,0,0.0
T007,2027-07-31,1,0,0.0
T007,2027-07-31,2,0,0.0
T007,2027-07-31,3,0,0.0
T007,2027-07-31,4,0,0.0
T007,2027-07-31,5,0,0.0
T007,2027-07-31,6,1,252.47
T007,2027-07-31,7,5,1212.98
T007,2027-07-31,8,24,6076.76
T007,2027-07-31,9,50,11385.79
T007,2027-07-31,10,85,20671.99
T007,2027-07-31,11,189,43964.74
T007,2027-07-31,12,238,57371.06
T007,2027-07-31,13,381,86259.78
T007,2027-07-31,14,360,83164.59
T007,2027-07-31,15,393,90381.21
T007,2027-07-31,16,500,110862.23
T007,2027-07-31,17,401,95924.43
T007,2027-07-31,18,396,94614.66
T007,2027-07-31,19,331,78837.65
T007,2027-07-31,20,244,60724.56
T007,2027-07-31,21,230,57088.68
T007,2027-07-31,22,156,35537.67
T007,2027-07-31,23,0,0.0
T001,2027-08-01,0,0,0.0
T001,2027-08-01,1,0,0.0
T001,2027-08-01,2,0,0.0
T001,2027-08-01,3,0,0.0
T001,2027-08-01,4,0,0.0
T001,2027-08-01,5,0,0.0
T001,2027-08-01,6,0,0.0
T001,2027-08-01,7,0,0.0
T001,2027-08-01,8,7,843.94
T001,2027-08-01,9,11,1368.72
T001,2027-08-01,10,37,4880.04
T001,2027-08-01,11,40,4625.73
T001,2027-08-01,12,83,10733.92
T001,2027-08-01,13,128,16394.18
T001,2027-08-01,14,154,18913.47
T001,2027-08-01,15,140,16439.25
T001,2027-08-01,16,141,17911.43
T001,2027-08-01,17,167,20578.39
T001,2027-08-01,18,146,18694.93
T001,2027-08-01,19,161,20400.83
T001,2027-08-01,20,112,15311.77
T001,2027-08-01,21,82,10254.93
T001,2027-08-01,22,0,0.0
T001,2027-08-01,23,0,0.0
T001,2027-08-02,0,0,0.0
T001,2027-08-02,1,0,0.0
T001,2027-08-02,2,0,0.0
T001,2027-08-02,3,0,0.0
T001,2027-08-02,4,0,0.0
T001,2027-08-02,5,0,0.0
T001,2027-08-02,6,0,0.0
T001,2027-08-02,7,0,0.0
T001,2027-08-02,8,2,248.22
T001,2027-08-02,9,8,942.9
T001,2027-08-02,10,18,2350.7
T001,2027-08-02,11,32,4005.39
T001,2027-08-02,12,45,5277.0
T001,2027-08-02,13,56,6728.27
T001,2027-08-02,14,81,10413.29
T001,2027-08-02,15,76,10022.82
T001,2027-08-02,16,69,9605.61
T001,2027-08-02,17,76,11021.22
T001,2027-08-02,18,67,8656.24
T001,2027-08-02,19,52,6256.25
T001,2027-08-02,20,58,6558.74
T001,2027-08-02,21,44,5643.85
T001,2027-08-02,22,0,0.0
T001,2027-08-02,23,0,0.0
T001,2027-08-03,0,0,0.0
T001,2027-08-03,1,0,0.0
T001,2027-08-03,2,0,0.0
T001,2027-08-03,3,0,0.0
T001,2027-08-03,4,0,0.0
T001,2027-08-03,5,0,0.0
T001,2027-08-03,6,0,0.0
T001,2027-08-03,7,0,0.0
T001,2027-08-03,8,3,378.7
T001,2027-08-03,9,8,1102.11
T001,2027-08-03,10,18,2293.19
T001,2027-08-03,11,33,4382.22
T001,2027-08-03,12,53,6541.0
T001,2027-08-03,13,68,8097.15
T001,2027-08-03,14,73,8794.09
T001,2027-08-03,15,67,8173.01
T001,2027-08-03,16,71,9943.23
T001,2027-08-03,17,84,10195.63
T001,2027-08-03,18,69,9099.83
T001,2027-08-03,19,70,8460.24
T001,2027-08-03,20,54,7153.41
T001,2027-08-03,21,39,5031.44
T001,2027-08-03,22,0,0.0
T001,2027-08-03,23,0,0.0
T001,2027-08-04,0,0,0.0
T001,2027-08-04,1,0,0.0
T001,2027-08-04,2,0,0.0
T001,2027-08-04,3,0,0.0
T001,2027-08-04,4,0,0.0
T001,2027-08-04,5,0,0.0
T001,2027-08-04,6,0,0.0
T001,2027-08-04,7,0,0.0
T001,2027-08-04,8,2,251.65
T001,2027-08-04,9,8,1027.07
T001,2027-08-04,10,18,2427.13
T001,2027-08-04,11,29,3710.94
T001,2027-08-04,12,51,6322.69
T001,2027-08-04,13,67,8949.62
T001,2027-08-04,14,59,7628.02
T001,2027-08-04,15,70,9540.6
T001,2027-08-04,16,63,8047.28
T001,2027-08-04,17,67,7961.31
T001,2027-08-04,18,68,8018.3
T001,2027-08-04,19,72,9865.67
T001,2027-08-04,20,61,8386.5
T001,2027-08-04,21,42,5268.43
T001,2027-08-04,22,0,0.0
T001,2027-08-04,23,0,0.0
T001,2027-08-05,0,0,0.0
T001,2027-08-05,1,0,0.0
T001,2027-08-05,2,0,0.0
T001,2027-08-05,3,0,0.0
T001,2027-08-05,4,0,0.0
T001,2027-08-05,5,0,0.0
T001,2027-08-05,6,0,0.0
T001,2027-08-05,7,0,0.0
T001,2027-08-05,8,2,254.3
T001,2027-08-05,9,8,1045.2
T001,2027-08-05,10,16,1817.6
T001,2027-08-05,11,26,3282.93
T001,2027-08-05,12,45,5455.73
T001,2027-08-05,13,68,8082.57
T001,2027-08-05,14,60,7261.04
T001,2027-08-05,15,80,9956.83
T001,2027-08-05,16,63,8339.4
T001,2027-08-05,17,71,8390.82
T001,2027-08-05,18,71,9000.59
T001,2027-08-05,19,77,9510.33
T001,2027-08-05,20,46,5727.05
T001,2027-08-05,21,48,6380.22
T001,2027-08-05,22,0,0.0
T001,2027-08-05,23,0,0.0
T001,2027-08-06,0,0,0.0
T001,2027-08-06,1,0,0.0
T001,2027-08-06,2,0,0.0
T001,2027-08-06,3,0,0.0
T001,2027-08-06,4,0,0.0
T001,2027-08-06,5,0,0.0
T001,2027-08-06,6,0,0.0
T001,2027-08-06,7,0,0.0
T001,2027-08-06,8,2,285.01
T001,2027-08-06,9,8,1107.62
T001,2027-08-06,10,18,2181.15
T001,2027-08-06,11,30,3742.69
T001,2027-08-06,12,46,5396.41
T001,2027-08-06,13,60,7370.19
T001,2027-08-06,14,76,9771.5
T001,2027-08-06,15,62,8320.8
T001,2027-08-06,16,69,8415.29
T001,2027-08-06,17,67,8203.15
T001,2027-08-06,18,78,8812.85
T001,2027-08-06,19,74,9290.37
T001,2027-08-06,20,49,5872.71
T001,2027-08-06,21,44,5421.87
T001,2027-08-06,22,0,0.0
T001,2027-08-06,23,0,0.0
T001,2027-08-07,0,0,0.0
T001,2027-08-07,1,0,0.0
T001,2027-08-07,2,0,0.0
T001,2027-08-07,3,0,0.0
T001,2027-08-07,4,0,0.0
T001,2027-08-07,5,0,0.0
T001,2027-08-07,6,0,0.0
T001,2027-08-07,7,0,0.0
T001,2027-08-07,8,5,621.22
T001,2027-08-07,9,13,1673.58
T001,2027-08-07,10,29,3987.95
T001,2027-08-07,11,48,5775.81
T001,2027-08-07,12,68,8501.54
T001,2027-08-07,13,105,13806.92
T001,2027-08-07,14,121,15648.5
T001,2027-08-07,15,116,14406.54
T001,2027-08-07,16,116,14584.45
T001,2027-08-07,17,125,14734.2
T001,2027-08-07,18,113,14132.64
T001,2027-08-07,19,100,12488.9
T001,2027-08-07,20,86,11011.81
T001,2027-08-07,21,64,7875.87
T001,2027-08-07,22,0,0.0
T001,2027-08-07,23,0,0.0
T005,2027-08-01,0,0,0.0
T005,2027-08-01,1,0,0.0
T005,2027-08-01,2,0,0.0
T005,2027-08-01,3,0,0.0
T005,2027-08-01,4,0,0.0
T005,2027-08-01,5,0,0.0
T005,2027-08-01,6,0,0.0
T005,2027-08-01,7,4,599.73
T005,2027-08-01,8,13,1916.95
T005,2027-08-01,9,30,4123.15
T005,2027-08-01,10,74,10851.16
T005,2027-08-01,11,116,16985.6
T005,2027-08-01,12,149,23873.82
T005,2027-08-01,13,273,41929.18
T005,2027-08-01,14,236,34715.08
T005,2027-08-01,15,277,41229.35
T005,2027-08-01,16,298,43906.92
T005,2027-08-01,17,302,43947.68
T005,2027-08-01,18,244,33929.93
T005,2027-08-01,19,264,38518.48
T005,2027-08-01,20,184,26041.4
T005,2027-08-01,21,145,19984.34
T005,2027-08-01,22,0,0.0
T005,2027-08-01,23,0,0.0
T005,2027-08-02,0,0,0.0
T005,2027-08-02,1,0,0.0
T005,2027-08-02,2,0,0.0
T005,2027-08-02,3,0,0.0
T005,2027-08-02,4,0,0.0
T005,2027-08-02,5,0,0.0
T005,2027-08-02,6,0,0.0
T005,2027-08-02,7,1,139.05
T005,2027-08-02,8,4,598.19
T005,2027-08-02,9,16,2396.83
T005,2027-08-02,10,32,5007.25
T005,2027-08-02,11,50,7754.96
T005,2027-08-02,12,74,10807.09
T005,2027-08-02,13,123,16957.75
T005,2027-08-02,14,122,17649.5
T005,2027-08-02,15,149,22142.96
T005,2027-08-02,16,142,20665.01
T005,2027-08-02,17,123,17560.19
T005,2027-08-02,18,111,16524.85
T005,2027-08-02,19,144,20636.53
T005,2027-08-02,20,103,14666.89
T005,2027-08-02,21,80,11944.25
T005,2027-08-02,22,0,0.0
T005,2027-08-02,23,0,0.0
T005,2027-08-03,0,0,0.0
T005,2027-08-03,1,0,0.0
T005,2027-08-03,2,0,0.0
T005,2027-08-03,3,0,0.0
T005,2027-08-03,4,0,0.0
T005,2027-08-03,5,0,0.0
T005,2027-08-03,6,0,0.0
T005,2027-08-03,7,0,0.0
T005,2027-08-03,8,5,736.2
T005,2027-08-03,9,15,2192.24
T005,2027-08-03,10,36,5613.8
T005,2027-08-03,11,49,6240.96
T005,2027-08-03,12,101,15142.33
T005,2027-08-03,13,135,21396.33
T005,2027-08-03,14,141,19560.04
T005,2027-08-03,15,142,20479.5
T005,2027-08-03,16,156,22070.79
T005,2027-08-03,17,114,16010.12
T005,2027-08-03,18,136,19667.7
T005,2027-08-03,19,109,17168.23
T005,2027-08-03,20,90,14446.78
T005,2027-08-03,21,61,8817.2
T005,2027-08-03,22,0,0.0
T005,2027-08-03,23,0,0.0
T005,2027-08-04,0,0,0.0
T005,2027-08-04,1,0,0.0
T005,2027-08-04,2,0,0.0
T005,2027-08-04,3,0,0.0
T005,2027-08-04,4,0,0.0
T005,2027-08-04,5,0,0.0
T005,2027-08-04,6,0,0.0
T005,2027-08-04,7,2,308.27
T005,2027-08-04,8,6,866.12
T005,2027-08-04,9,16,2294.62
T005,2027-08-04,10,33,5071.85
T005,2027-08-04,11,52,7656.59
T005,2027-08-04,12,87,12968.34
T005,2027-08-04,13,110,16182.81
T005,2027-08-04,14,141,21077.78
T005,2027-08-04,15,137,20568.83
T005,2027-08-04,16,140,18588.59
T005,2027-08-04,17,124,18837.27
T005,2027-08-04,18,111,15517.26
T005,2027-08-04,19,122,16642.24
T005,2027-08-04,20,87,12752.84
T005,2027-08-04,21,78,11515.22
T005,2027-08-04,22,0,0.0
T005,2027-08-04,23,0,0.0
T005,2027-08-05,0,0,0.0
T005,2027-08-05,1,0,0.0
T005,2027-08-05,2,0,0.0
T005,2027-08-05,3,0,0.0
T005,2027-08-05,4,0,0.0
T005,2027-08-05,5,0,0.0
T005,2027-08-05,6,0,0.0
T005,2027-08-05,7,0,0.0
T005,2027-08-05,8,7,931.75
T005,2027-08-05,9,16,2121.87
T005,2027-08-05,10,31,4554.62
T005,2027-08-05,11,62,9014.14
T005,2027-08-05,12,84,12285.29
T005,2027-08-05,13,106,15561.65
T005,2027-08-05,14,113,16799.9
T005,2027-08-05,15,121,18631.53
T005,2027-08-05,16,137,19021.94
T005,2027-08-05,17,126,17438.26
T005,2027-08-05,18,127,17650.08
T005,2027-08-05,19,122,18194.76
T005,2027-08-05,20,82,12805.52
T005,2027-08-05,21,71,10212.86
T005,2027-08-05,22,0,0.0
T005,2027-08-05,23,0,0.0
T005,2027-08-06,0,0,0.0
T005,2027-08-06,1,0,0.0
T005,2027-08-06,2,0,0.0
T005,2027-08-06,3,0,0.0
T005,2027-08-06,4,0,0.0
T005,2027-08-06,5,0,0.0
T005,2027-08-06,6,0,0.0
T005,2027-08-06,7,1,140.68
T005,2027-08-06,8,4,602.13
T005,2027-08-06,9,14,1900.16
T005,2027-08-06,10,30,4496.35
T005,2027-08-06,11,64,9457.12
T005,2027-08-06,12,94,13717.41
T005,2027-08-06,13,108,17138.37
T005,2027-08-06,14,128,18232.32
T005,2027-08-06,15,136,22053.53
T005,2027-08-06,16,158,22966.34
T005,2027-08-06,17,136,18717.24
T005,2027-08-06,18,123,18145.9
T005,2027-08-06,19,116,16135.89
T005,2027-08-06,20,82,11602.0
T005,2027-08-06,21,72,10795.11
T005,2027-08-06,22,0,0.0
T005,2027-08-06,23,0,0.0
T005,2027-08-07,0,0,0.0
T005,2027-08-07,1,0,0.0
T005,2027-08-07,2,0,0.0
T005,2027-08-07,3,0,0.0
T005,2027-08-07,4,0,0.0
T005,2027-08-07,5,0,0.0
T005,2027-08-07,6,0,0.0
T005,2027-08-07,7,1,140.64
T005,2027-08-07,8,8,1183.12
T005,2027-08-07,9,24,3427.52
T005,2027-08-07,10,45,6560.65
T005,2027-08-07,11,109,17532.54
T005,2027-08-07,12,136,19824.19
T005,2027-08-07,13,195,29260.79
T005,2027-08-07,14,196,28480.04
T005,2027-08-07,15,216,31875.17
T005,2027-08-07,16,182,26764.54
T005,2027-08-07,17,197,29610.91
T005,2027-08-07,18,190,29560.1
T005,2027-08-07,19,153,24345.84
T005,2027-08-07,20,149,22244.15
T005,2027-08-07,21,116,17556.28
T005,2027-08-07,22,0,0.0
T005,2027-08-07,23,0,0.0
T007,2027-08-01,0,0,0.0
T007,2027-08-01,1,0,0.0
T007,2027-08-01,2,0,0.0
T007,2027-08-01,3,0,0.0
T007,2027-08-01,4,0,0.0
T007,2027-08-01,5,0,0.0
T007,2027-08-01,6,0,0.0
T007,2027-08-01,7,5,1143.54
T007,2027-08-01,8,19,4420.75
T007,2027-08-01,9,46,10690.6
T007,2027-08-01,10,95,23238.13
T007,2027-08-01,11,141,32050.52
T007,2027-08-01,12,261,61482.41
T007,2027-08-01,13,347,76356.4
T007,2027-08-01,14,347,82135.71
T007,2027-08-01,15,392,90758.24
T007,2027-08-01,16,366,81548.98
T007,2027-08-01,17,405,92648.02
T007,2027-08-01,18,332,76146.99
T007,2027-08-01,19,357,81525.67
T007,2027-08-01,20,249,62746.14
T007,2027-08-01,21,198,45609.44
T007,2027-08-01,22,137,31327.4
T007,2027-08-01,23,0,0.0
T007,2027-08-02,0,0,0.0
T007,2027-08-02,1,0,0.0
T007,2027-08-02,2,0,0.0
T007,2027-08-02,3,0,0.0
T007,2027-08-02,4,0,0.0
T007,2027-08-02,5,0,0.0
T007,2027-08-02,6,0,0.0
T007,2027-08-02,7,3,695.76
T007,2027-08-02,8,8,1843.7
T007,2027-08-02,9,23,5325.28
T007,2027-08-02,10,46,11563.68
T007,2027-08-02,11,85,17394.55
T007,2027-08-02,12,113,23540.53
T007,2027-08-02,13,175,39410.56
T007,2027-08-02,14,202,46794.98
T007,2027-08-02,15,209,50050.85
T007,2027-08-02,16,221,52369.46
T007,2027-08-02,17,193,43819.24
T007,2027-08-02,18,172,41845.03
T007,2027-08-02,19,164,39919.92
T007,2027-08-02,20,139,32473.25
T007,2027-08-02,21,121,29358.52
T007,2027-08-02,22,76,17833.09
T007,2027-08-02,23,0,0.0
T007,2027-08-03,0,0,0.0
T007,2027-08-03,1,0,0.0
T007,2027-08-03,2,0,0.0
T007,2027-08-03,3,0,0.0
T007,2027-08-03,4,0,0.0
T007,2027-08-03,5,0,0.0
T007,2027-08-03,6,0,0.0
T007,2027-08-03,7,3,681.86
T007,2027-08-03,8,6,1371.26
T007,2027-08-03,9,27,5779.18
T007,2027-08-03,10,47,10344.11
T007,2027-08-03,11,79,17500.58
T007,2027-08-03,12,139,36130.77
T007,2027-08-03,13,171,43150.9
T007,2027-08-03,14,206,46705.22
T007,2027-08-03,15,221,50229.29
T007,2027-08-03,16,203,44292.3
T007,2027-08-03,17,209,43765.54
T007,2027-08-03,18,192,44186.36
T007,2027-08-03,19,203,44647.92
T007,2027-08-03,20,150,34576.21
T007,2027-08-03,21,101,21509.82
T007,2027-08-03,22,99,22044.4
T007,2027-08-03,23,0,0.0
T007,2027-08-04,0,0,0.0
T007,2027-08-04,1,0,0.0
T007,2027-08-04,2,0,0.0
T007,2027-08-04,3,0,0.0
T007,2027-08-04,4,0,0.0
T007,2027-08-04,5,0,0.0
T007,2027-08-04,6,0,0.0
T007,2027-08-04,7,3,646.68
T007,2027-08-04,8,8,1822.64
T007,2027-08-04,9,18,4242.94
T007,2027-08-04,10,52,12406.42
T007,2027-08-04,11,79,18158.8
T007,2027-08-04,12,123,30654.03
T007,2027-08-04,13,186,45226.2
T007,2027-08-04,14,160,36563.12
T007,2027-08-04,15,207,49715.69
T007,2027-08-04,16,220,55852.03
T007,2027-08-04,17,139,35331.27
T007,2027-08-04,18,196,42586.22
T007,2027-08-04,19,159,35101.79
T007,2027-08-04,20,126,31333.35
T007,2027-08-04,21,105,23020.31
T007,2027-08-04,22,78,16862.23
T007,2027-08-04,23,0,0.0
T007,2027-08-05,0,0,0.0
T007,2027-08-05,1,0,0.0
T007,2027-08-05,2,0,0.0
T007,2027-08-05,3,0,0.0
T007,2027-08-05,4,0,0.0
T007,2027-08-05,5,0,0.0
T007,2027-08-05,6,0,0.0
T007,2027-08-05,7,2,469.87
T007,2027-08-05,8,7,1692.28
T007,2027-08-05,9,18,4064.93
T007,2027-08-05,10,53,12154.9
T007,2027-08-05,11,80,17858.49
T007,2027-08-05,12,125,25099.74
T007,2027-08-05,13,189,40737.13
T007,2027-08-05,14,172,36211.7
T007,2027-08-05,15,191,39240.95
T007,2027-08-05,16,179,38960.15
T007,2027-08-05,17,199,49118.35
T007,2027-08-05,18,205,47350.04
T007,2027-08-05,19,127,31296.33
T007,2027-08-05,20,145,34255.82
T007,2027-08-05,21,113,27181.91
T007,2027-08-05,22,69,15253.33
T007,2027-08-05,23,0,0.0
T007,2027-08-06,0,0,0.0
T007,2027-08-06,1,0,0.0
T007,2027-08-06,2,0,0.0
T007,2027-08-06,3,0,0.0
T007,2027-08-06,4,0,0.0
T007,2027-08-06,5,0,0.0
T007,2027-08-06,6,0,0.0
T007,2027-08-06,7,3,697.47
T007,2027-08-06,8,7,1646.93
T007,2027-08-06,9,21,4668.66
T007,2027-08-06,10,44,10199.11
T007,2027-08-06,11,73,17380.85
T007,2027-08-06,12,113,26966.93
T007,2027-08-06,13,149,37168.41
T007,2027-08-06,14,206,50731.74
T007,2027-08-06,15,200,43980.14
T007,2027-08-06,16,160,40156.29
T007,2027-08-06,17,189,42590.08
T007,2027-08-06,18,170,41409.29
T007,2027-08-06,19,189,43900.36
T007,2027-08-06,20,126,28566.68
T007,2027-08-06,21,99,20846.13
T007,2027-08-06,22,59,13540.76
T007,2027-08-06,23,0,0.0
T007,2027-08-07,0,0,0.0
T007,2027-08-07,1,0,0.0
T007,2027-08-07,2,0,0.0
T007,2027-08-07,3,0,0.0
T007,2027-08-07,4,0,0.0
T007,2027-08-07,5,0,0.0
T007,2027-08-07,6,0,0.0
T007,2027-08-07,7,3,693.13
T007,2027-08-07,8,18,4529.26
T007,2027-08-07,9,34,7680.89
T007,2027-08-07,10,55,13368.13
T007,2027-08-07,11,143,33264.33
T007,2027-08-07,12,168,40437.75
T007,2027-08-07,13,268,60652.29
T007,2027-08-07,14,272,62809.3
T007,2027-08-07,15,289,66514.3
T007,2027-08-07,16,320,70980.22
T007,2027-08-07,17,272,65049.73
T007,2027-08-07,18,315,75290.18
T007,2027-08-07,19,258,61496.94
T007,2027-08-07,20,210,52348.75
T007,2027-08-07,21,163,40467.29
T007,2027-08-07,22,121,27485.19
T007,2027-08-07,23,0,0.0
T001,2027-08-08,0,0,0.0
T001,2027-08-08,1,0,0.0
T001,2027-08-08,2,0,0.0
T001,2027-08-08,3,0,0.0
T001,2027-08-08,4,0,0.0
T001,2027-08-08,5,0,0.0
T001,2027-08-08,6,0,0.0
T001,2027-08-08,7,0,0.0
T001,2027-08-08,8,5,602.81
T001,2027-08-08,9,8,995.43
T001,2027-08-08,10,27,3561.11
T001,2027-08-08,11,31,3584.94
T001,2027-08-08,12,58,7500.81
T001,2027-08-08,13,94,12039.47
T001,2027-08-08,14,118,14492.14
T001,2027-08-08,15,90,10568.09
T001,2027-08-08,16,93,11813.92
T001,2027-08-08,17,127,15649.44
T001,2027-08-08,18,97,12420.61
T001,2027-08-08,19,108,13685.03
T001,2027-08-08,20,72,9843.28
T001,2027-08-08,21,62,7753.73
T001,2027-08-08,22,0,0.0
T001,2027-08-08,23,0,0.0
T001,2027-08-09,0,0,0.0
T001,2027-08-09,1,0,0.0
T001,2027-08-09,2,0,0.0
T001,2027-08-09,3,0,0.0
T001,2027-08-09,4,0,0.0
T001,2027-08-09,5,0,0.0
T001,2027-08-09,6,0,0.0
T001,2027-08-09,7,0,0.0
T001,2027-08-09,8,2,248.22
T001,2027-08-09,9,8,942.9
T001,2027-08-09,10,17,2220.11
T001,2027-08-09,11,31,3880.23
T001,2027-08-09,12,43,5042.46
T001,2027-08-09,13,54,6487.97
T001,2027-08-09,14,81,10413.29
T001,2027-08-09,15,73,9627.18
T001,2027-08-09,16,61,8491.92
T001,2027-08-09,17,75,10876.2
T001,2027-08-09,18,72,9302.23
T001,2027-08-09,19,53,6376.56
T001,2027-08-09,20,59,6671.82
T001,2027-08-09,21,41,5259.04
T001,2027-08-09,22,0,0.0
T001,2027-08-09,23,0,0.0
T001,2027-08-10,0,0,0.0
T001,2027-08-10,1,0,0.0
T001,2027-08-10,2,0,0.0
T001,2027-08-10,3,0,0.0
T001,2027-08-10,4,0,0.0
T001,2027-08-10,5,0,0.0
T001,2027-08-10,6,0,0.0
T001,2027-08-10,7,0,0.0
T001,2027-08-10,8,2,252.47
T001,2027-08-10,9,9,1239.87
T001,2027-08-10,10,18,2293.19
T001,2027-08-10,11,33,4382.22
T001,2027-08-10,12,49,6047.34
T001,2027-08-10,13,61,7263.62
T001,2027-08-10,14,72,8673.62
T001,2027-08-10,15,76,9270.87
T001,2027-08-10,16,70,9803.18
T001,2027-08-10,17,75,9103.24
T001,2027-08-10,18,62,8176.65
T001,2027-08-10,19,65,7855.94
T001,2027-08-10,20,59,7815.77
T001,2027-08-10,21,36,4644.4
T001,2027-08-10,22,0,0.0
T001,2027-08-10,23,0,0.0
T001,2027-08-11,0,0,0.0
T001,2027-08-11,1,0,0.0
T001,2027-08-11,2,0,0.0
T001,2027-08-11,3,0,0.0
T001,2027-08-11,4,0,0.0
T001,2027-08-11,5,0,0.0
T001,2027-08-11,6,0,0.0
T001,2027-08-11,7,0,0.0
T001,2027-08-11,8,2,251.65
T001,2027-08-11,9,8,1027.07
T001,2027-08-11,10,18,2427.13
T001,2027-08-11,11,33,4222.79
T001,2027-08-11,12,48,5950.77
T001,2027-08-11,13,64,8548.89
T001,2027-08-11,14,54,6981.58
T001,2027-08-11,15,74,10085.78
T001,2027-08-11,16,59,7536.34
T001,2027-08-11,17,67,7961.31
T001,2027-08-11,18,64,7546.64
T001,2027-08-11,19,69,9454.6
T001,2027-08-11,20,64,8798.95
T001,2027-08-11,21,45,5644.75
T001,2027-08-11,22,0,0.0
T001,2027-08-11,23,0,0.0
T001,2027-08-12,0,0,0.0
T001,2027-08-12,1,0,0.0
T001,2027-08-12,2,0,0.0
T001,2027-08-12,3,0,0.0
T001,2027-08-12,4,0,0.0
T001,2027-08-12,5,0,0.0
T001,2027-08-12,6,0,0.0
T001,2027-08-12,7,0,0.0
T001,2027-08-12,8,3,381.44
T001,2027-08-12,9,8,1045.2
T001,2027-08-12,10,16,1817.6
T001,2027-08-12,11,28,3535.47
T001,2027-08-12,12,43,5213.25
T001,2027-08-12,13,65,7725.99
T001,2027-08-12,14,71,8592.23
T001,2027-08-12,15,73,9085.61
T001,2027-08-12,16,62,8207.03
T001,2027-08-12,17,74,8745.36
T001,2027-08-12,18,63,7986.43
T001,2027-08-12,19,78,9633.84
T001,2027-08-12,20,47,5851.56
T001,2027-08-12,21,42,5582.69
T001,2027-08-12,22,0,0.0
T001,2027-08-12,23,0,0.0
T001,2027-08-13,0,0,0.0
T001,2027-08-13,1,0,0.0
T001,2027-08-13,2,0,0.0
T001,2027-08-13,3,0,0.0
T001,2027-08-13,4,0,0.0
T001,2027-08-13,5,0,0.0
T001,2027-08-13,6,0,0.0
T001,2027-08-13,7,0,0.0
T001,2027-08-13,8,3,427.52
T001,2027-08-13,9,12,1661.44
T001,2027-08-13,10,28,3392.9
T001,2027-08-13,11,42,5239.76
T001,2027-08-13,12,67,7859.98
T001,2027-08-13,13,79,9704.08
T001,2027-08-13,14,90,11571.51
T001,2027-08-13,15,86,11541.76
T001,2027-08-13,16,87,10610.59
T001,2027-08-13,17,91,11141.59
T001,2027-08-13,18,108,12202.41
T001,2027-08-13,19,114,14312.18
T001,2027-08-13,20,72,8629.29
T001,2027-08-13,21,64,7886.35
T001,2027-08-13,22,0,0.0
T001,2027-08-13,23,0,0.0
T001,2027-08-14,0,0,0.0
T001,2027-08-14,1,0,0.0
T001,2027-08-14,2,0,0.0
T001,2027-08-14,3,0,0.0
T001,2027-08-14,4,0,0.0
T001,2027-08-14,5,0,0.0
T001,2027-08-14,6,0,0.0
T001,2027-08-14,7,0,0.0
T001,2027-08-14,8,5,621.22
T001,2027-08-14,9,16,2059.79
T001,2027-08-14,10,38,5225.59
T001,2027-08-14,11,64,7701.08
T001,2027-08-14,12,87,10876.97
T001,2027-08-14,13,145,19066.71
T001,2027-08-14,14,181,23408.09
T001,2027-08-14,15,161,19995.29
T001,2027-08-14,16,162,20367.94
T001,2027-08-14,17,169,19920.63
T001,2027-08-14,18,154,19260.41
T001,2027-08-14,19,137,17109.8
T001,2027-08-14,20,127,16261.62
T001,2027-08-14,21,87,10706.26
T001,2027-08-14,22,0,0.0
T001,2027-08-14,23,0,0.0
T005,2027-08-08,0,0,0.0
T005,2027-08-08,1,0,0.0
T005,2027-08-08,2,0,0.0
T005,2027-08-08,3,0,0.0
T005,2027-08-08,4,0,0.0
T005,2027-08-08,5,0,0.0
T005,2027-08-08,6,0,0.0
T005,2027-08-08,7,2,299.86
T005,2027-08-08,8,10,1474.58
T005,2027-08-08,9,20,2748.77
T005,2027-08-08,10,50,7331.87
T005,2027-08-08,11,84,12299.92
T005,2027-08-08,12,116,18586.33
T005,2027-08-08,13,222,34096.26
T005,2027-08-08,14,174,25595.02
T005,2027-08-08,15,204,30363.86
T005,2027-08-08,16,205,30204.43
T005,2027-08-08,17,208,30268.6
T005,2027-08-08,18,173,24056.88
T005,2027-08-08,19,175,25533.08
T005,2027-08-08,20,138,19531.05
T005,2027-08-08,21,108,14884.88
T005,2027-08-08,22,0,0.0
T005,2027-08-08,23,0,0.0
T005,2027-08-09,0,0,0.0
T005,2027-08-09,1,0,0.0
T005,2027-08-09,2,0,0.0
T005,2027-08-09,3,0,0.0
T005,2027-08-09,4,0,0.0
T005,2027-08-09,5,0,0.0
T005,2027-08-09,6,0,0.0
T005,2027-08-09,7,0,0.0
T005,2027-08-09,8,4,598.19
T005,2027-08-09,9,16,2396.83
T005,2027-08-09,10,33,5163.72
T005,2027-08-09,11,49,7599.86
T005,2027-08-09,12,73,10661.04
T005,2027-08-09,13,124,17095.62
T005,2027-08-09,14,117,16926.16
T005,2027-08-09,15,153,22737.4
T005,2027-08-09,16,148,21538.18
T005,2027-08-09,17,115,16418.06
T005,2027-08-09,18,118,17566.96
T005,2027-08-09,19,136,19490.06
T005,2027-08-09,20,99,14097.3
T005,2027-08-09,21,71,10600.52
T005,2027-08-09,22,0,0.0
T005,2027-08-09,23,0,0.0
T005,2027-08-10,0,0,0.0
T005,2027-08-10,1,0,0.0
T005,2027-08-10,2,0,0.0
T005,2027-08-10,3,0,0.0
T005,2027-08-10,4,0,0.0
T005,2027-08-10,5,0,0.0
T005,2027-08-10,6,0,0.0
T005,2027-08-10,7,0,0.0
T005,2027-08-10,8,6,883.45
T005,2027-08-10,9,14,2046.09
T005,2027-08-10,10,34,5301.92
T005,2027-08-10,11,46,5858.86
T005,2027-08-10,12,100,14992.41
T005,2027-08-10,13,121,19177.45
T005,2027-08-10,14,161,22334.52
T005,2027-08-10,15,137,19758.39
T005,2027-08-10,16,142,20090.08
T005,2027-08-10,17,116,16291.0
T005,2027-08-10,18,129,18655.39
T005,2027-08-10,19,114,17955.76
T005,2027-08-10,20,75,12038.98
T005,2027-08-10,21,68,9829.01
T005,2027-08-10,22,0,0.0
T005,2027-08-10,23,0,0.0
T005,2027-08-11,0,0,0.0
T005,2027-08-11,1,0,0.0
T005,2027-08-11,2,0,0.0
T005,2027-08-11,3,0,0.0
T005,2027-08-11,4,0,0.0
T005,2027-08-11,5,0,0.0
T005,2027-08-11,6,0,0.0
T005,2027-08-11,7,2,308.27
T005,2027-08-11,8,6,866.12
T005,2027-08-11,9,16,2294.62
T005,2027-08-11,10,34,5225.55
T005,2027-08-11,11,58,8540.05
T005,2027-08-11,12,99,14757.08
T005,2027-08-11,13,115,16918.39
T005,2027-08-11,14,141,21077.78
T005,2027-08-11,15,135,20268.56
T005,2027-08-11,16,138,18323.04
T005,2027-08-11,17,135,20508.31
T005,2027-08-11,18,119,16635.62
T005,2027-08-11,19,132,18006.36
T005,2027-08-11,20,91,13339.17
T005,2027-08-11,21,77,11367.59
T005,2027-08-11,22,0,0.0
T005,2027-08-11,23,0,0.0
T005,2027-08-12,0,0,0.0
T005,2027-08-12,1,0,0.0
T005,2027-08-12,2,0,0.0
T005,2027-08-12,3,0,0.0
T005,2027-08-12,4,0,0.0
T005,2027-08-12,5,0,0.0
T005,2027-08-12,6,0,0.0
T005,2027-08-12,7,1,147.48
T005,2027-08-12,8,6,798.64
T005,2027-08-12,9,14,1856.63
T005,2027-08-12,10,32,4701.54
T005,2027-08-12,11,61,8868.75
T005,2027-08-12,12,95,13894.08
T005,2027-08-12,13,99,14533.99
T005,2027-08-12,14,124,18435.29
T005,2027-08-12,15,131,20171.32
T005,2027-08-12,16,125,17355.79
T005,2027-08-12,17,128,17715.06
T005,2027-08-12,18,132,18344.96
T005,2027-08-12,19,136,20282.69
T005,2027-08-12,20,92,14367.17
T005,2027-08-12,21,79,11363.6
T005,2027-08-12,22,0,0.0
T005,2027-08-12,23,0,0.0
T005,2027-08-13,0,0,0.0
T005,2027-08-13,1,0,0.0
T005,2027-08-13,2,0,0.0
T005,2027-08-13,3,0,0.0
T005,2027-08-13,4,0,0.0
T005,2027-08-13,5,0,0.0
T005,2027-08-13,6,0,0.0
T005,2027-08-13,7,3,422.03
T005,2027-08-13,8,7,1053.74
T005,2027-08-13,9,18,2443.06
T005,2027-08-13,10,42,6294.88
T005,2027-08-13,11,97,14333.45
T005,2027-08-13,12,141,20576.11
T005,2027-08-13,13,150,23803.29
T005,2027-08-13,14,178,25354.32
T005,2027-08-13,15,161,26107.48
T005,2027-08-13,16,214,31106.31
T005,2027-08-13,17,161,22157.9
T005,2027-08-13,18,183,26997.56
T005,2027-08-13,19,165,22951.92
T005,2027-08-13,20,136,19242.33
T005,2027-08-13,21,107,16042.74
T005,2027-08-13,22,0,0.0
T005,2027-08-13,23,0,0.0
T005,2027-08-14,0,0,0.0
T005,2027-08-14,1,0,0.0
T005,2027-08-14,2,0,0.0
T005,2027-08-14,3,0,0.0
T005,2027-08-14,4,0,0.0
T005,2027-08-14,5,0,0.0
T005,2027-08-14,6,0,0.0
T005,2027-08-14,7,4,562.56
T005,2027-08-14,8,12,1774.68
T005,2027-08-14,9,29,4141.58
T005,2027-08-14,10,69,10059.67
T005,2027-08-14,11,136,21875.46
T005,2027-08-14,12,191,27841.33
T005,2027-08-14,13,285,42765.77
T005,2027-08-14,14,278,40395.16
T005,2027-08-14,15,288,42500.22
T005,2027-08-14,16,249,36617.42
T005,2027-08-14,17,255,38328.84
T005,2027-08-14,18,255,39672.77
T005,2027-08-14,19,199,31665.51
T005,2027-08-14,20,211,31500.1
T005,2027-08-14,21,151,22853.43
T005,2027-08-14,22,0,0.0
T005,2027-08-14,23,0,0.0
T007,2027-08-08,0,0,0.0
T007,2027-08-08,1,0,0.0
T007,2027-08-08,2,0,0.0
T007,2027-08-08,3,0,0.0
T007,2027-08-08,4,0,0.0
T007,2027-08-08,5,0,0.0
T007,2027-08-08,6,0,0.0
T007,2027-08-08,7,3,686.12
T007,2027-08-08,8,14,3257.4
T007,2027-08-08,9,40,9296.18
T007,2027-08-08,10,65,15899.78
T007,2027-08-08,11,109,24776.64
T007,2027-08-08,12,192,45228.44
T007,2027-08-08,13,281,61833.28
T007,2027-08-08,14,226,53494.73
T007,2027-08-08,15,276,63901.21
T007,2027-08-08,16,266,59267.84
T007,2027-08-08,17,252,57647.66
T007,2027-08-08,18,236,54128.58
T007,2027-08-08,19,275,62799.89
T007,2027-08-08,20,175,44098.7
T007,2027-08-08,21,138,31788.39
T007,2027-08-08,22,101,23095.38
T007,2027-08-08,23,0,0.0
T007,2027-08-09,0,0,0.0
T007,2027-08-09,1,0,0.0
T007,2027-08-09,2,0,0.0
T007,2027-08-09,3,0,0.0
T007,2027-08-09,4,0,0.0
T007,2027-08-09,5,0,0.0
T007,2027-08-09,6,0,0.0
T007,2027-08-09,7,3,695.76
T007,2027-08-09,8,8,1843.7
T007,2027-08-09,9,23,5325.28
T007,2027-08-09,10,48,12066.45
T007,2027-08-09,11,89,18213.12
T007,2027-08-09,12,126,26248.73
T007,2027-08-09,13,193,43464.22
T007,2027-08-09,14,194,44941.71
T007,2027-08-09,15,204,48853.46
T007,2027-08-09,16,209,49525.87
T007,2027-08-09,17,183,41548.81
T007,2027-08-09,18,178,43304.74
T007,2027-08-09,19,173,42110.65
T007,2027-08-09,20,140,32706.87
T007,2027-08-09,21,111,26932.2
T007,2027-08-09,22,67,15721.27
T007,2027-08-09,23,0,0.0
T007,2027-08-10,0,0,0.0
T007,2027-08-10,1,0,0.0
T007,2027-08-10,2,0,0.0
T007,2027-08-10,3,0,0.0
T007,2027-08-10,4,0,0.0
T007,2027-08-10,5,0,0.0
T007,2027-08-10,6,0,0.0
T007,2027-08-10,7,2,454.57
T007,2027-08-10,8,6,1371.26
T007,2027-08-10,9,29,6207.26
T007,2027-08-10,10,46,10124.02
T007,2027-08-10,11,82,18165.16
T007,2027-08-10,12,132,34311.24
T007,2027-08-10,13,169,42646.21
T007,2027-08-10,14,200,45344.87
T007,2027-08-10,15,216,49092.88
T007,2027-08-10,16,199,43419.55
T007,2027-08-10,17,222,46487.79
T007,2027-08-10,18,179,41194.58
T007,2027-08-10,19,202,44427.98
T007,2027-08-10,20,162,37342.3
T007,2027-08-10,21,80,17037.48
T007,2027-08-10,22,93,20708.37
T007,2027-08-10,23,0,0.0
T007,2027-08-11,0,0,0.0
T007,2027-08-11,1,0,0.0
T007,2027-08-11,2,0,0.0
T007,2027-08-11,3,0,0.0
T007,2027-08-11,4,0,0.0
T007,2027-08-11,5,0,0.0
T007,2027-08-11,6,0,0.0
T007,2027-08-11,7,2,431.12
T007,2027-08-11,8,9,2050.47
T007,2027-08-11,9,17,4007.22
T007,2027-08-11,10,46,10974.91
T007,2027-08-11,11,84,19308.1
T007,2027-08-11,12,128,31900.13
T007,2027-08-11,13,166,40363.16
T007,2027-08-11,14,182,41590.55
T007,2027-08-11,15,192,46113.11
T007,2027-08-11,16,231,58644.63
T007,2027-08-11,17,132,33552.0
T007,2027-08-11,18,195,42368.95
T007,2027-08-11,19,152,33556.43
T007,2027-08-11,20,126,31333.35
T007,2027-08-11,21,109,23897.28
T007,2027-08-11,22,78,16862.23
T007,2027-08-11,23,0,0.0
T007,2027-08-12,0,0,0.0
T007,2027-08-12,1,0,0.0
T007,2027-08-12,2,0,0.0
T007,2027-08-12,3,0,0.0
T007,2027-08-12,4,0,0.0
T007,2027-08-12,5,0,0.0
T007,2027-08-12,6,0,0.0
T007,2027-08-12,7,2,469.87
T007,2027-08-12,8,7,1692.28
T007,2027-08-12,9,18,4064.93
T007,2027-08-12,10,54,12384.24
T007,2027-08-12,11,77,17188.8
T007,2027-08-12,12,129,25902.93
T007,2027-08-12,13,169,36426.32
T007,2027-08-12,14,156,32843.17
T007,2027-08-12,15,205,42117.25
T007,2027-08-12,16,176,38307.18
T007,2027-08-12,17,190,46896.91
T007,2027-08-12,18,212,48966.87
T007,2027-08-12,19,139,34253.46
T007,2027-08-12,20,138,32602.1
T007,2027-08-12,21,119,28625.2
T007,2027-08-12,22,67,14811.2
T007,2027-08-12,23,0,0.0
T007,2027-08-13,0,0,0.0
T007,2027-08-13,1,0,0.0
T007,2027-08-13,2,0,0.0
T007,2027-08-13,3,0,0.0
T007,2027-08-13,4,0,0.0
T007,2027-08-13,5,0,0.0
T007,2027-08-13,6,0,0.0
T007,2027-08-13,7,4,929.97
T007,2027-08-13,8,10,2352.75
T007,2027-08-13,9,29,6447.19
T007,2027-08-13,10,65,15066.86
T007,2027-08-13,11,98,23333.2
T007,2027-08-13,12,169,40331.07
T007,2027-08-13,13,187,46647.6
T007,2027-08-13,14,262,64522.89
T007,2027-08-13,15,279,61352.29
T007,2027-08-13,16,222,55716.86
T007,2027-08-13,17,262,59040.22
T007,2027-08-13,18,236,57485.83
T007,2027-08-13,19,219,50868.68
T007,2027-08-13,20,185,41943.15
T007,2027-08-13,21,134,28215.97
T007,2027-08-13,22,87,19966.88
T007,2027-08-13,23,0,0.0
T007,2027-08-14,0,0,0.0
T007,2027-08-14,1,0,0.0
T007,2027-08-14,2,0,0.0
T007,2027-08-14,3,0,0.0
T007,2027-08-14,4,0,0.0
T007,2027-08-14,5,0,0.0
T007,2027-08-14,6,1,240.45
T007,2027-08-14,7,5,1155.22
T007,2027-08-14,8,25,6290.64
T007,2027-08-14,9,43,9714.07
T007,2027-08-14,10,90,21875.13
T007,2027-08-14,11,196,45593.06
T007,2027-08-14,12,221,53194.9
T007,2027-08-14,13,361,81699.54
T007,2027-08-14,14,366,84515.45
T007,2027-08-14,15,404,92981.93
T007,2027-08-14,16,474,105139.46
T007,2027-08-14,17,438,104749.2
T007,2027-08-14,18,414,98952.81
T007,2027-08-14,19,346,82472.65
T007,2027-08-14,20,258,64314.18
T007,2027-08-14,21,235,58342.42
T007,2027-08-14,22,158,35889.75
T007,2027-08-14,23,0,0.0
T001,2027-08-15,0,0,0.0
T001,2027-08-15,1,0,0.0
T001,2027-08-15,2,0,0.0
T001,2027-08-15,3,0,0.0
T001,2027-08-15,4,0,0.0
T001,2027-08-15,5,0,0.0
T001,2027-08-15,6,0,0.0
T001,2027-08-15,7,0,0.0
T001,2027-08-15,8,6,723.37
T001,2027-08-15,9,12,1493.15
T001,2027-08-15,10,36,4748.15
T001,2027-08-15,11,38,4394.44
T001,2027-08-15,12,79,10216.62
T001,2027-08-15,13,120,15369.54
T001,2027-08-15,14,154,18913.47
T001,2027-08-15,15,129,15147.59
T001,2027-08-15,16,139,17657.37
T001,2027-08-15,17,178,21933.86
T001,2027-08-15,18,129,16518.13
T001,2027-08-15,19,159,20147.41
T001,2027-08-15,20,109,14901.63
T001,2027-08-15,21,89,11130.35
T001,2027-08-15,22,0,0.0
T001,2027-08-15,23,0,0.0
T001,2027-08-16,0,0,0.0
T001,2027-08-16,1,0,0.0
T001,2027-08-16,2,0,0.0
T001,2027-08-16,3,0,0.0
T001,2027-08-16,4,0,0.0
T001,2027-08-16,5,0,0.0
T001,2027-08-16,6,0,0.0
T001,2027-08-16,7,0,0.0
T001,2027-08-16,8,2,248.22
T001,2027-08-16,9,8,942.9
T001,2027-08-16,10,18,2350.7
T001,2027-08-16,11,34,4255.73
T001,2027-08-16,12,45,5277.0
T001,2027-08-16,13,58,6968.56
T001,2027-08-16,14,80,10284.73
T001,2027-08-16,15,75,9890.94
T001,2027-08-16,16,67,9327.19
T001,2027-08-16,17,73,10586.17
T001,2027-08-16,18,70,9043.83
T001,2027-08-16,19,56,6737.49
T001,2027-08-16,20,59,6671.82
T001,2027-08-16,21,44,5643.85
T001,2027-08-16,22,0,0.0
T001,2027-08-16,23,0,0.0
T001,2027-08-17,0,0,0.0
T001,2027-08-17,1,0,0.0
T001,2027-08-17,2,0,0.0
T001,2027-08-17,3,0,0.0
T001,2027-08-17,4,0,0.0
T001,2027-08-17,5,0,0.0
T001,2027-08-17,6,0,0.0
T001,2027-08-17,7,0,0.0
T001,2027-08-17,8,3,378.7
T001,2027-08-17,9,8,1102.11
T001,2027-08-17,10,18,2293.19
T001,2027-08-17,11,32,4249.42
T001,2027-08-17,12,48,5923.92
T001,2027-08-17,13,67,7978.07
T001,2027-08-17,14,69,8312.22
T001,2027-08-17,15,70,8538.96
T001,2027-08-17,16,78,10923.55
T001,2027-08-17,17,81,9831.5
T001,2027-08-17,18,74,9759.23
T001,2027-08-17,19,65,7855.94
T001,2027-08-17,20,61,8080.71
T001,2027-08-17,21,40,5160.45
T001,2027-08-17,22,0,0.0
T001,2027-08-17,23,0,0.0
T001,2027-08-18,0,0,0.0
T001,2027-08-18,1,0,0.0
T001,2027-08-18,2,0,0.0
T001,2027-08-18,3,0,0.0
T001,2027-08-18,4,0,0.0
T001,2027-08-18,5,0,0.0
T001,2027-08-18,6,0,0.0
T001,2027-08-18,7,0,0.0
T001,2027-08-18,8,2,251.65
T001,2027-08-18,9,8,1027.07
T001,2027-08-18,10,18,2427.13
T001,2027-08-18,11,33,4222.79
T001,2027-08-18,12,51,6322.69
T001,2027-08-18,13,65,8682.46
T001,2027-08-18,14,56,7240.15
T001,2027-08-18,15,72,9813.19
T001,2027-08-18,16,53,6769.93
T001,2027-08-18,17,70,8317.79
T001,2027-08-18,18,64,7546.64
T001,2027-08-18,19,72,9865.67
T001,2027-08-18,20,58,7974.05
T001,2027-08-18,21,40,5017.55
T001,2027-08-18,22,0,0.0
T001,2027-08-18,23,0,0.0
T001,2027-08-19,0,0,0.0
T001,2027-08-19,1,0,0.0
T001,2027-08-19,2,0,0.0
T001,2027-08-19,3,0,0.0
T001,2027-08-19,4,0,0.0
T001,2027-08-19,5,0,0.0
T001,2027-08-19,6,0,0.0
T001,2027-08-19,7,0,0.0
T001,2027-08-19,8,3,381.44
T001,2027-08-19,9,8,1045.2
T001,2027-08-19,10,18,2044.8
T001,2027-08-19,11,28,3535.47
T001,2027-08-19,12,46,5576.96
T001,2027-08-19,13,64,7607.13
T001,2027-08-19,14,68,8229.18
T001,2027-08-19,15,78,9707.91
T001,2027-08-19,16,68,9001.26
T001,2027-08-19,17,74,8745.36
T001,2027-08-19,18,75,9507.66
T001,2027-08-19,19,83,10251.39
T001,2027-08-19,20,45,5602.55
T001,2027-08-19,21,46,6114.37
T001,2027-08-19,22,0,0.0
T001,2027-08-19,23,0,0.0
T001,2027-08-20,0,0,0.0
T001,2027-08-20,1,0,0.0
T001,2027-08-20,2,0,0.0
T001,2027-08-20,3,0,0.0
T001,2027-08-20,4,0,0.0
T001,2027-08-20,5,0,0.0
T001,2027-08-20,6,0,0.0
T001,2027-08-20,7,0,0.0
T001,2027-08-20,8,2,327.76
T001,2027-08-20,9,9,1273.76
T001,2027-08-20,10,21,2508.32
T001,2027-08-20,11,33,4160.62
T001,2027-08-20,12,59,6880.42
T001,2027-08-20,13,64,7910.67
T001,2027-08-20,14,78,10054.36
T001,2027-08-20,15,69,9260.25
T001,2027-08-20,16,82,9958.09
T001,2027-08-20,17,80,9856.02
T001,2027-08-20,18,93,10524.58
T001,2027-08-20,19,95,11983.31
T001,2027-08-20,20,59,7029.27
T001,2027-08-20,21,55,6801.97
T001,2027-08-20,22,0,0.0
T001,2027-08-20,23,0,0.0
T001,2027-08-21,0,0,0.0
T001,2027-08-21,1,0,0.0
T001,2027-08-21,2,0,0.0
T001,2027-08-21,3,0,0.0
T001,2027-08-21,4,0,0.0
T001,2027-08-21,5,0,0.0
T001,2027-08-21,6,0,0.0
T001,2027-08-21,7,0,0.0
T001,2027-08-21,8,6,714.4
T001,2027-08-21,9,14,1776.57
T001,2027-08-21,10,36,4902.43
T001,2027-08-21,11,48,5811.9
T001,2027-08-21,12,83,10351.87
T001,2027-08-21,13,123,16180.4
T001,2027-08-21,14,147,19036.86
T001,2027-08-21,15,143,17710.11
T001,2027-08-21,16,143,17928.81
T001,2027-08-21,17,143,16808.77
T001,2027-08-21,18,137,17115.5
T001,2027-08-21,19,121,15080.35
T001,2027-08-21,20,109,13988.84
T001,2027-08-21,21,80,9906.36
T001,2027-08-21,22,0,0.0
T001,2027-08-21,23,0,0.0
T005,2027-08-15,0,0,0.0
T005,2027-08-15,1,0,0.0
T005,2027-08-15,2,0,0.0
T005,2027-08-15,3,0,0.0
T005,2027-08-15,4,0,0.0
T005,2027-08-15,5,0,0.0
T005,2027-08-15,6,0,0.0
T005,2027-08-15,7,4,599.73
T005,2027-08-15,8,12,1769.49
T005,2027-08-15,9,29,3985.71
T005,2027-08-15,10,76,11144.44
T005,2027-08-15,11,123,18010.6
T005,2027-08-15,12,145,23232.91
T005,2027-08-15,13,252,38703.86
T005,2027-08-15,14,235,34567.98
T005,2027-08-15,15,306,45545.78
T005,2027-08-15,16,274,40370.79
T005,2027-08-15,17,279,40600.67
T005,2027-08-15,18,250,34764.27
T005,2027-08-15,19,259,37788.97
T005,2027-08-15,20,173,24484.58
T005,2027-08-15,21,151,20811.27
T005,2027-08-15,22,0,0.0
T005,2027-08-15,23,0,0.0
T005,2027-08-16,0,0,0.0
T005,2027-08-16,1,0,0.0
T005,2027-08-16,2,0,0.0
T005,2027-08-16,3,0,0.0
T005,2027-08-16,4,0,0.0
T005,2027-08-16,5,0,0.0
T005,2027-08-16,6,0,0.0
T005,2027-08-16,7,0,0.0
T005,2027-08-16,8,5,747.73
T005,2027-08-16,9,17,2546.63
T005,2027-08-16,10,33,5163.72
T005,2027-08-16,11,46,7134.57
T005,2027-08-16,12,75,10953.13
T005,2027-08-16,13,120,16544.15
T005,2027-08-16,14,125,18083.5
T005,2027-08-16,15,148,21994.35
T005,2027-08-16,16,148,21538.18
T005,2027-08-16,17,116,16560.83
T005,2027-08-16,18,112,16673.73
T005,2027-08-16,19,141,20206.6
T005,2027-08-16,20,99,14097.3
T005,2027-08-16,21,78,11645.64
T005,2027-08-16,22,0,0.0
T005,2027-08-16,23,0,0.0
T005,2027-08-17,0,0,0.0
T005,2027-08-17,1,0,0.0
T005,2027-08-17,2,0,0.0
T005,2027-08-17,3,0,0.0
T005,2027-08-17,4,0,0.0
T005,2027-08-17,5,0,0.0
T005,2027-08-17,6,0,0.0
T005,2027-08-17,7,0,0.0
T005,2027-08-17,8,6,883.45
T005,2027-08-17,9,14,2046.09
T005,2027-08-17,10,33,5145.98
T005,2027-08-17,11,45,5731.49
T005,2027-08-17,12,97,14542.63
T005,2027-08-17,13,128,20286.89
T005,2027-08-17,14,141,19560.04
T005,2027-08-17,15,145,20912.17
T005,2027-08-17,16,145,20514.51
T005,2027-08-17,17,123,17274.07
T005,2027-08-17,18,136,19667.7
T005,2027-08-17,19,108,17010.72
T005,2027-08-17,20,91,14607.29
T005,2027-08-17,21,62,8961.75
T005,2027-08-17,22,0,0.0
T005,2027-08-17,23,0,0.0
T005,2027-08-18,0,0,0.0
T005,2027-08-18,1,0,0.0
T005,2027-08-18,2,0,0.0
T005,2027-08-18,3,0,0.0
T005,2027-08-18,4,0,0.0
T005,2027-08-18,5,0,0.0
T005,2027-08-18,6,0,0.0
T005,2027-08-18,7,2,308.27
T005,2027-08-18,8,6,866.12
T005,2027-08-18,9,14,2007.79
T005,2027-08-18,10,37,5686.62
T005,2027-08-18,11,54,7951.08
T005,2027-08-18,12,88,13117.4
T005,2027-08-18,13,113,16624.16
T005,2027-08-18,14,141,21077.78
T005,2027-08-18,15,138,20718.97
T005,2027-08-18,16,138,18323.04
T005,2027-08-18,17,133,20204.49
T005,2027-08-18,18,109,15237.67
T005,2027-08-18,19,132,18006.36
T005,2027-08-18,20,91,13339.17
T005,2027-08-18,21,77,11367.59
T005,2027-08-18,22,0,0.0
T005,2027-08-18,23,0,0.0
T005,2027-08-19,0,0,0.0
T005,2027-08-19,1,0,0.0
T005,2027-08-19,2,0,0.0
T005,2027-08-19,3,0,0.0
T005,2027-08-19,4,0,0.0
T005,2027-08-19,5,0,0.0
T005,2027-08-19,6,0,0.0
T005,2027-08-19,7,1,147.48
T005,2027-08-19,8,7,931.75
T005,2027-08-19,9,14,1856.63
T005,2027-08-19,10,30,4407.69
T005,2027-08-19,11,58,8432.59
T005,2027-08-19,12,100,14625.35
T005,2027-08-19,13,99,14533.99
T005,2027-08-19,14,130,19327.32
T005,2027-08-19,15,115,17707.65
T005,2027-08-19,16,141,19577.33
T005,2027-08-19,17,122,16884.66
T005,2027-08-19,18,134,18622.92
T005,2027-08-19,19,128,19089.59
T005,2027-08-19,20,89,13898.68
T005,2027-08-19,21,70,10069.01
T005,2027-08-19,22,0,0.0
T005,2027-08-19,23,0,0.0
T005,2027-08-20,0,0,0.0
T005,2027-08-20,1,0,0.0
T005,2027-08-20,2,0,0.0
T005,2027-08-20,3,0,0.0
T005,2027-08-20,4,0,0.0
T005,2027-08-20,5,0,0.0
T005,2027-08-20,6,0,0.0
T005,2027-08-20,7,1,161.78
T005,2027-08-20,8,6,865.57
T005,2027-08-20,9,16,2185.18
T005,2027-08-20,10,33,4998.44
T005,2027-08-20,11,76,11215.56
T005,2027-08-20,12,109,15942.84
T005,2027-08-20,13,140,22264.01
T005,2027-08-20,14,152,21622.39
T005,2027-08-20,15,159,25734.52
T005,2027-08-20,16,184,26745.62
T005,2027-08-20,17,147,20258.65
T005,2027-08-20,18,138,20358.82
T005,2027-08-20,19,141,19676.05
T005,2027-08-20,20,109,15457.54
T005,2027-08-20,21,82,12241.96
T005,2027-08-20,22,0,0.0
T005,2027-08-20,23,0,0.0
T005,2027-08-21,0,0,0.0
T005,2027-08-21,1,0,0.0
T005,2027-08-21,2,0,0.0
T005,2027-08-21,3,0,0.0
T005,2027-08-21,4,0,0.0
T005,2027-08-21,5,0,0.0
T005,2027-08-21,6,0,0.0
T005,2027-08-21,7,2,323.47
T005,2027-08-21,8,9,1360.59
T005,2027-08-21,9,26,3777.4
T005,2027-08-21,10,56,8215.39
T005,2027-08-21,11,121,19422.51
T005,2027-08-21,12,152,22127.3
T005,2027-08-21,13,227,33995.03
T005,2027-08-21,14,240,34924.37
T005,2027-08-21,15,244,35977.62
T005,2027-08-21,16,232,34161.56
T005,2027-08-21,17,239,35953.96
T005,2027-08-21,18,223,34709.78
T005,2027-08-21,19,153,24337.89
T005,2027-08-21,20,168,25065.72
T005,2027-08-21,21,112,16882.78
T005,2027-08-21,22,0,0.0
T005,2027-08-21,23,0,0.0
T007,2027-08-15,0,0,0.0
T007,2027-08-15,1,0,0.0
T007,2027-08-15,2,0,0.0
T007,2027-08-15,3,0,0.0
T007,2027-08-15,4,0,0.0
T007,2027-08-15,5,0,0.0
T007,2027-08-15,6,0,0.0
T007,2027-08-15,7,5,1143.54
T007,2027-08-15,8,19,4420.75
T007,2027-08-15,9,53,12317.43
T007,2027-08-15,10,99,24216.58
T007,2027-08-15,11,144,32732.44
T007,2027-08-15,12,255,60069.02
T007,2027-08-15,13,359,78996.97
T007,2027-08-15,14,310,73377.73
T007,2027-08-15,15,397,91915.87
T007,2027-08-15,16,372,82885.85
T007,2027-08-15,17,392,89674.13
T007,2027-08-15,18,361,82798.38
T007,2027-08-15,19,351,80155.5
T007,2027-08-15,20,240,60478.21
T007,2027-08-15,21,179,41232.77
T007,2027-08-15,22,133,30412.73
T007,2027-08-15,23,0,0.0
T007,2027-08-16,0,0,0.0
T007,2027-08-16,1,0,0.0
T007,2027-08-16,2,0,0.0
T007,2027-08-16,3,0,0.0
T007,2027-08-16,4,0,0.0
T007,2027-08-16,5,0,0.0
T007,2027-08-16,6,0,0.0
T007,2027-08-16,7,3,695.76
T007,2027-08-16,8,7,1613.24
T007,2027-08-16,9,23,5325.28
T007,2027-08-16,10,45,11312.3
T007,2027-08-16,11,92,18827.05
T007,2027-08-16,12,127,26457.05
T007,2027-08-16,13,187,42113.0
T007,2027-08-16,14,189,43783.42
T007,2027-08-16,15,242,57953.62
T007,2027-08-16,16,217,51421.6
T007,2027-08-16,17,198,44954.45
T007,2027-08-16,18,174,42331.6
T007,2027-08-16,19,177,43084.3
T007,2027-08-16,20,137,32006.01
T007,2027-08-16,21,125,30329.05
T007,2027-08-16,22,76,17833.09
T007,2027-08-16,23,0,0.0
T007,2027-08-17,0,0,0.0
T007,2027-08-17,1,0,0.0
T007,2027-08-17,2,0,0.0
T007,2027-08-17,3,0,0.0
T007,2027-08-17,4,0,0.0
T007,2027-08-17,5,0,0.0
T007,2027-08-17,6,0,0.0
T007,2027-08-17,7,2,454.57
T007,2027-08-17,8,6,1371.26
T007,2027-08-17,9,25,5351.09
T007,2027-08-17,10,49,10784.28
T007,2027-08-17,11,78,17279.05
T007,2027-08-17,12,127,33011.57
T007,2027-08-17,13,180,45422.0
T007,2027-08-17,14,187,42397.45
T007,2027-08-17,15,197,44774.52
T007,2027-08-17,16,196,42764.98
T007,2027-08-17,17,216,45231.37
T007,2027-08-17,18,189,43495.95
T007,2027-08-17,19,206,45307.74
T007,2027-08-17,20,151,34806.71
T007,2027-08-17,21,86,18315.3
T007,2027-08-17,22,89,19817.69
T007,2027-08-17,23,0,0.0
T007,2027-08-18,0,0,0.0
T007,2027-08-18,1,0,0.0
T007,2027-08-18,2,0,0.0
T007,2027-08-18,3,0,0.0
T007,2027-08-18,4,0,0.0
T007,2027-08-18,5,0,0.0
T007,2027-08-18,6,0,0.0
T007,2027-08-18,7,3,646.68
T007,2027-08-18,8,9,2050.47
T007,2027-08-18,9,16,3771.5
T007,2027-08-18,10,43,10259.15
T007,2027-08-18,11,86,19767.81
T007,2027-08-18,12,129,32149.35
T007,2027-08-18,13,183,44496.74
T007,2027-08-18,14,178,40676.47
T007,2027-08-18,15,188,45152.42
T007,2027-08-18,16,212,53821.05
T007,2027-08-18,17,151,38381.45
T007,2027-08-18,18,194,42151.67
T007,2027-08-18,19,166,36647.15
T007,2027-08-18,20,130,32328.06
T007,2027-08-18,21,123,26966.65
T007,2027-08-18,22,75,16213.68
T007,2027-08-18,23,0,0.0
T007,2027-08-19,0,0,0.0
T007,2027-08-19,1,0,0.0
T007,2027-08-19,2,0,0.0
T007,2027-08-19,3,0,0.0
T007,2027-08-19,4,0,0.0
T007,2027-08-19,5,0,0.0
T007,2027-08-19,6,0,0.0
T007,2027-08-19,7,3,704.8
T007,2027-08-19,8,6,1450.52
T007,2027-08-19,9,17,3839.1
T007,2027-08-19,10,47,10778.88
T007,2027-08-19,11,82,18304.95
T007,2027-08-19,12,131,26304.53
T007,2027-08-19,13,188,40521.59
T007,2027-08-19,14,155,32632.63
T007,2027-08-19,15,196,40268.2
T007,2027-08-19,16,184,40048.42
T007,2027-08-19,17,183,45169.13
T007,2027-08-19,18,212,48966.87
T007,2027-08-19,19,143,35239.17
T007,2027-08-19,20,154,36382.05
T007,2027-08-19,21,114,27422.46
T007,2027-08-19,22,70,15474.39
T007,2027-08-19,23,0,0.0
T007,2027-08-20,0,0,0.0
T007,2027-08-20,1,0,0.0
T007,2027-08-20,2,0,0.0
T007,2027-08-20,3,0,0.0
T007,2027-08-20,4,0,0.0
T007,2027-08-20,5,0,0.0
T007,2027-08-20,6,0,0.0
T007,2027-08-20,7,2,534.73
T007,2027-08-20,8,8,1893.97
T007,2027-08-20,9,22,4857.62
T007,2027-08-20,10,53,12262.1
T007,2027-08-20,11,77,18345.13
T007,2027-08-20,12,139,33207.5
T007,2027-08-20,13,167,41596.19
T007,2027-08-20,14,229,56359.02
T007,2027-08-20,15,227,49818.51
T007,2027-08-20,16,201,50509.08
T007,2027-08-20,17,221,49756.04
T007,2027-08-20,18,212,51542.38
T007,2027-08-20,19,197,45677.29
T007,2027-08-20,20,150,33894.59
T007,2027-08-20,21,105,22035.83
T007,2027-08-20,22,79,18211.17
T007,2027-08-20,23,0,0.0
T007,2027-08-21,0,0,0.0
T007,2027-08-21,1,0,0.0
T007,2027-08-21,2,0,0.0
T007,2027-08-21,3,0,0.0
T007,2027-08-21,4,0,0.0
T007,2027-08-21,5,0,0.0
T007,2027-08-21,6,0,0.0
T007,2027-08-21,7,3,797.1
T007,2027-08-21,8,18,4629.91
T007,2027-08-21,9,43,9612.41
T007,2027-08-21,10,69,16770.93
T007,2027-08-21,11,146,33973.81
T007,2027-08-21,12,179,43181.74
T007,2027-08-21,13,322,72873.27
T007,2027-08-21,14,316,73027.36
T007,2027-08-21,15,309,71197.93
T007,2027-08-21,16,408,90555.24
T007,2027-08-21,17,306,73157.03
T007,2027-08-21,18,321,76688.43
T007,2027-08-21,19,301,71817.95
T007,2027-08-21,20,244,60774.41
T007,2027-08-21,21,198,49106.93
T007,2027-08-21,22,138,31346.75
T007,2027-08-21,23,0,0.0
T001,2027-08-22,0,0,0.0
T001,2027-08-22,1,0,0.0
T001,2027-08-22,2,0,0.0
T001,2027-08-22,3,0,0.0
T001,2027-08-22,4,0,0.0
T001,2027-08-22,5,0,0.0
T001,2027-08-22,6,0,0.0
T001,2027-08-22,7,0,0.0
T001,2027-08-22,8,6,693.23
T001,2027-08-22,9,12,1430.93
T001,2027-08-22,10,37,4853.67
T001,2027-08-22,11,43,4920.62
T001,2027-08-22,12,79,10261.89
T001,2027-08-22,13,130,16643.94
T001,2027-08-22,14,155,19066.99
T001,2027-08-22,15,145,17014.62
T001,2027-08-22,16,130,16507.73
T001,2027-08-22,17,166,20405.88
T001,2027-08-22,18,136,17376.04
T001,2027-08-22,19,170,21566.59
T001,2027-08-22,20,109,14935.81
T001,2027-08-22,21,93,11649.35
T001,2027-08-22,22,0,0.0
T001,2027-08-22,23,0,0.0
T001,2027-08-23,0,0,0.0
T001,2027-08-23,1,0,0.0
T001,2027-08-23,2,0,0.0
T001,2027-08-23,3,0,0.0
T001,2027-08-23,4,0,0.0
T001,2027-08-23,5,0,0.0
T001,2027-08-23,6,0,0.0
T001,2027-08-23,7,0,0.0
T001,2027-08-23,8,3,372.32
T001,2027-08-23,9,9,1060.76
T001,2027-08-23,10,21,2742.49
T001,2027-08-23,11,39,4881.57
T001,2027-08-23,12,47,5511.53
T001,2027-08-23,13,70,8410.33
T001,2027-08-23,14,101,12984.47
T001,2027-08-23,15,89,11737.25
T001,2027-08-23,16,86,11972.21
T001,2027-08-23,17,90,13051.44
T001,2027-08-23,18,81,10465.01
T001,2027-08-23,19,67,8060.93
T001,2027-08-23,20,64,7237.23
T001,2027-08-23,21,52,6670.0
T001,2027-08-23,22,0,0.0
T001,2027-08-23,23,0,0.0
T001,2027-08-24,0,0,0.0
T001,2027-08-24,1,0,0.0
T001,2027-08-24,2,0,0.0
T001,2027-08-24,3,0,0.0
T001,2027-08-24,4,0,0.0
T001,2027-08-24,5,0,0.0
T001,2027-08-24,6,0,0.0
T001,2027-08-24,7,0,0.0
T001,2027-08-24,8,4,504.94
T001,2027-08-24,9,12,1653.16
T001,2027-08-24,10,24,3057.59
T001,2027-08-24,11,37,4913.39
T001,2027-08-24,12,62,7651.73
T001,2027-08-24,13,90,10716.82
T001,2027-08-24,14,87,10480.63
T001,2027-08-24,15,81,9880.8
T001,2027-08-24,16,79,11063.59
T001,2027-08-24,17,91,11045.27
T001,2027-08-24,18,78,10286.76
T001,2027-08-24,19,73,8822.82
T001,2027-08-24,20,69,9140.47
T001,2027-08-24,21,50,6450.56
T001,2027-08-24,22,0,0.0
T001,2027-08-24,23,0,0.0
T001,2027-08-25,0,0,0.0
T001,2027-08-25,1,0,0.0
T001,2027-08-25,2,0,0.0
T001,2027-08-25,3,0,0.0
T001,2027-08-25,4,0,0.0
T001,2027-08-25,5,0,0.0
T001,2027-08-25,6,0,0.0
T001,2027-08-25,7,0,0.0
T001,2027-08-25,8,2,251.65
T001,2027-08-25,9,9,1155.45
T001,2027-08-25,10,20,2696.81
T001,2027-08-25,11,42,5374.46
T001,2027-08-25,12,65,8058.33
T001,2027-08-25,13,83,11086.84
T001,2027-08-25,14,71,9179.48
T001,2027-08-25,15,83,11312.43
T001,2027-08-25,16,73,9324.63
T001,2027-08-25,17,78,9268.4
T001,2027-08-25,18,88,10376.63
T001,2027-08-25,19,83,11372.93
T001,2027-08-25,20,70,9623.85
T001,2027-08-25,21,52,6522.82
T001,2027-08-25,22,0,0.0
T001,2027-08-25,23,0,0.0
T001,2027-08-26,0,0,0.0
T001,2027-08-26,1,0,0.0
T001,2027-08-26,2,0,0.0
T001,2027-08-26,3,0,0.0
T001,2027-08-26,4,0,0.0
T001,2027-08-26,5,0,0.0
T001,2027-08-26,6,0,0.0
T001,2027-08-26,7,0,0.0
T001,2027-08-26,8,3,381.44
T001,2027-08-26,9,9,1175.85
T001,2027-08-26,10,19,2158.4
T001,2027-08-26,11,35,4419.33
T001,2027-08-26,12,54,6546.87
T001,2027-08-26,13,78,9271.19
T001,2027-08-26,14,82,9923.42
T001,2027-08-26,15,86,10703.59
T001,2027-08-26,16,81,10722.09
T001,2027-08-26,17,81,9572.62
T001,2027-08-26,18,84,10648.58
T001,2027-08-26,19,97,11980.54
T001,2027-08-26,20,51,6349.56
T001,2027-08-26,21,57,7576.51
T001,2027-08-26,22,0,0.0
T001,2027-08-26,23,0,0.0
T001,2027-08-27,0,0,0.0
T001,2027-08-27,1,0,0.0
T001,2027-08-27,2,0,0.0
T001,2027-08-27,3,0,0.0
T001,2027-08-27,4,0,0.0
T001,2027-08-27,5,0,0.0
T001,2027-08-27,6,0,0.0
T001,2027-08-27,7,0,0.0
T001,2027-08-27,8,2,327.76
T001,2027-08-27,9,12,1592.21
T001,2027-08-27,10,28,3344.43
T001,2027-08-27,11,44,5451.84
T001,2027-08-27,12,64,7554.97
T001,2027-08-27,13,80,9888.34
T001,2027-08-27,14,102,13159.38
T001,2027-08-27,15,91,12192.66
T001,2027-08-27,16,93,11360.64
T001,2027-08-27,17,107,13094.43
T001,2027-08-27,18,114,12863.37
T001,2027-08-27,19,117,14726.49
T001,2027-08-27,20,68,8131.9
T001,2027-08-27,21,66,8077.35
T001,2027-08-27,22,0,0.0
T001,2027-08-27,23,0,0.0
T001,2027-08-28,0,0,0.0
T001,2027-08-28,1,0,0.0
T001,2027-08-28,2,0,0.0
T001,2027-08-28,3,0,0.0
T001,2027-08-28,4,0,0.0
T001,2027-08-28,5,0,0.0
T001,2027-08-28,6,0,0.0
T001,2027-08-28,7,0,0.0
T001,2027-08-28,8,6,714.4
T001,2027-08-28,9,16,2072.66
T001,2027-08-28,10,40,5535.0
T001,2027-08-28,11,67,8025.96
T001,2027-08-28,12,99,12364.74
T001,2027-08-28,13,148,19507.21
T001,2027-08-28,14,179,23201.17
T001,2027-08-28,15,159,19709.64
T001,2027-08-28,16,167,20965.14
T001,2027-08-28,17,167,19655.42
T001,2027-08-28,18,159,19848.23
T001,2027-08-28,19,135,16803.82
T001,2027-08-28,20,130,16639.35
T001,2027-08-28,21,82,10047.88
T001,2027-08-28,22,0,0.0
T001,2027-08-28,23,0,0.0
T005,2027-08-22,0,0,0.0
T005,2027-08-22,1,0,0.0
T005,2027-08-22,2,0,0.0
T005,2027-08-22,3,0,0.0
T005,2027-08-22,4,0,0.0
T005,2027-08-22,5,0,0.0
T005,2027-08-22,6,0,0.0
T005,2027-08-22,7,3,517.27
T005,2027-08-22,8,14,2034.91
T005,2027-08-22,9,30,4109.41
T005,2027-08-22,10,72,10623.87
T005,2027-08-22,11,143,20880.57
T005,2027-08-22,12,154,24690.98
T005,2027-08-22,13,291,44686.07
T005,2027-08-22,14,244,35862.45
T005,2027-08-22,15,309,46044.4
T005,2027-08-22,16,306,45070.9
T005,2027-08-22,17,308,44849.92
T005,2027-08-22,18,246,34221.95
T005,2027-08-22,19,247,36074.6
T005,2027-08-22,20,171,24251.05
T005,2027-08-22,21,156,21555.52
T005,2027-08-22,22,0,0.0
T005,2027-08-22,23,0,0.0
T005,2027-08-23,0,0,0.0
T005,2027-08-23,1,0,0.0
T005,2027-08-23,2,0,0.0
T005,2027-08-23,3,0,0.0
T005,2027-08-23,4,0,0.0
T005,2027-08-23,5,0,0.0
T005,2027-08-23,6,0,0.0
T005,2027-08-23,7,2,278.1
T005,2027-08-23,8,6,897.28
T005,2027-08-23,9,20,2996.03
T005,2027-08-23,10,42,6572.01
T005,2027-08-23,11,54,8375.36
T005,2027-08-23,12,81,11829.38
T005,2027-08-23,13,149,20542.32
T005,2027-08-23,14,141,20398.19
T005,2027-08-23,15,183,27195.72
T005,2027-08-23,16,179,26049.55
T005,2027-08-23,17,136,19416.14
T005,2027-08-23,18,125,18609.07
T005,2027-08-23,19,179,25652.35
T005,2027-08-23,20,118,16802.84
T005,2027-08-23,21,88,13138.67
T005,2027-08-23,22,0,0.0
T005,2027-08-23,23,0,0.0
T005,2027-08-24,0,0,0.0
T005,2027-08-24,1,0,0.0
T005,2027-08-24,2,0,0.0
T005,2027-08-24,3,0,0.0
T005,2027-08-24,4,0,0.0
T005,2027-08-24,5,0,0.0
T005,2027-08-24,6,0,0.0
T005,2027-08-24,7,1,147.23
T005,2027-08-24,8,6,883.45
T005,2027-08-24,9,16,2338.39
T005,2027-08-24,10,42,6549.43
T005,2027-08-24,11,56,7132.52
T005,2027-08-24,12,118,17691.04
T005,2027-08-24,13,153,24249.17
T005,2027-08-24,14,189,26218.78
T005,2027-08-24,15,159,22931.27
T005,2027-08-24,16,176,24900.38
T005,2027-08-24,17,157,22049.02
T005,2027-08-24,18,158,22849.24
T005,2027-08-24,19,123,19373.32
T005,2027-08-24,20,97,15570.41
T005,2027-08-24,21,81,11708.09
T005,2027-08-24,22,0,0.0
T005,2027-08-24,23,0,0.0
T005,2027-08-25,0,0,0.0
T005,2027-08-25,1,0,0.0
T005,2027-08-25,2,0,0.0
T005,2027-08-25,3,0,0.0
T005,2027-08-25,4,0,0.0
T005,2027-08-25,5,0,0.0
T005,2027-08-25,6,0,0.0
T005,2027-08-25,7,2,308.27
T005,2027-08-25,8,8,1154.83
T005,2027-08-25,9,19,2724.86
T005,2027-08-25,10,43,6608.78
T005,2027-08-25,11,67,9865.23
T005,2027-08-25,12,103,15353.32
T005,2027-08-25,13,128,18830.91
T005,2027-08-25,14,161,24067.53
T005,2027-08-25,15,165,24772.68
T005,2027-08-25,16,161,21376.88
T005,2027-08-25,17,151,22938.93
T005,2027-08-25,18,138,19291.73
T005,2027-08-25,19,162,22098.71
T005,2027-08-25,20,106,15537.94
T005,2027-08-25,21,91,13434.42
T005,2027-08-25,22,0,0.0
T005,2027-08-25,23,0,0.0
T005,2027-08-26,0,0,0.0
T005,2027-08-26,1,0,0.0
T005,2027-08-26,2,0,0.0
T005,2027-08-26,3,0,0.0
T005,2027-08-26,4,0,0.0
T005,2027-08-26,5,0,0.0
T005,2027-08-26,6,0,0.0
T005,2027-08-26,7,1,147.48
T005,2027-08-26,8,8,1064.85
T005,2027-08-26,9,18,2387.1
T005,2027-08-26,10,39,5730.0
T005,2027-08-26,11,70,10177.26
T005,2027-08-26,12,110,16087.88
T005,2027-08-26,13,118,17323.34
T005,2027-08-26,14,142,21111.38
T005,2027-08-26,15,141,21711.12
T005,2027-08-26,16,170,23603.87
T005,2027-08-26,17,166,22974.21
T005,2027-08-26,18,164,22792.23
T005,2027-08-26,19,156,23265.44
T005,2027-08-26,20,100,15616.49
T005,2027-08-26,21,78,11219.76
T005,2027-08-26,22,0,0.0
T005,2027-08-26,23,0,0.0
T005,2027-08-27,0,0,0.0
T005,2027-08-27,1,0,0.0
T005,2027-08-27,2,0,0.0
T005,2027-08-27,3,0,0.0
T005,2027-08-27,4,0,0.0
T005,2027-08-27,5,0,0.0
T005,2027-08-27,6,0,0.0
T005,2027-08-27,7,3,485.33
T005,2027-08-27,8,8,1211.8
T005,2027-08-27,9,20,2653.44
T005,2027-08-27,10,43,6377.31
T005,2027-08-27,11,92,13594.61
T005,2027-08-27,12,128,18627.95
T005,2027-08-27,13,159,25183.88
T005,2027-08-27,14,187,26700.38
T005,2027-08-27,15,175,28345.27
T005,2027-08-27,16,195,28417.21
T005,2027-08-27,17,170,23424.07
T005,2027-08-27,18,190,27993.37
T005,2027-08-27,19,185,25754.84
T005,2027-08-27,20,141,20013.44
T005,2027-08-27,21,106,15862.82
T005,2027-08-27,22,0,0.0
T005,2027-08-27,23,0,0.0
T005,2027-08-28,0,0,0.0
T005,2027-08-28,1,0,0.0
T005,2027-08-28,2,0,0.0
T005,2027-08-28,3,0,0.0
T005,2027-08-28,4,0,0.0
T005,2027-08-28,5,0,0.0
T005,2027-08-28,6,0,0.0
T005,2027-08-28,7,2,323.47
T005,2027-08-28,8,12,1700.74
T005,2027-08-28,9,33,4762.82
T005,2027-08-28,10,57,8383.06
T005,2027-08-28,11,143,22937.06
T005,2027-08-28,12,183,26653.33
T005,2027-08-28,13,294,44176.28
T005,2027-08-28,14,284,41274.27
T005,2027-08-28,15,281,41408.2
T005,2027-08-28,16,258,37882.12
T005,2027-08-28,17,297,44596.72
T005,2027-08-28,18,277,43118.86
T005,2027-08-28,19,216,34402.42
T005,2027-08-28,20,205,30559.58
T005,2027-08-28,21,155,23496.66
T005,2027-08-28,22,0,0.0
T005,2027-08-28,23,0,0.0
T007,2027-08-22,0,0,0.0
T007,2027-08-22,1,0,0.0
T007,2027-08-22,2,0,0.0
T007,2027-08-22,3,0,0.0
T007,2027-08-22,4,0,0.0
T007,2027-08-22,5,0,0.0
T007,2027-08-22,6,1,250.87
T007,2027-08-22,7,5,1052.05
T007,2027-08-22,8,20,4548.72
T007,2027-08-22,9,51,11759.66
T007,2027-08-22,10,95,23348.21
T007,2027-08-22,11,152,34505.45
T007,2027-08-22,12,271,63932.28
T007,2027-08-22,13,366,80471.28
T007,2027-08-22,14,336,79484.65
T007,2027-08-22,15,389,89994.2
T007,2027-08-22,16,368,81994.61
T007,2027-08-22,17,397,90760.75
T007,2027-08-22,18,355,81502.51
T007,2027-08-22,19,368,84037.66
T007,2027-08-22,20,252,63464.33
T007,2027-08-22,21,194,44768.66
T007,2027-08-22,22,145,33133.87
T007,2027-08-22,23,0,0.0
T007,2027-08-23,0,0,0.0
T007,2027-08-23,1,0,0.0
T007,2027-08-23,2,0,0.0
T007,2027-08-23,3,0,0.0
T007,2027-08-23,4,0,0.0
T007,2027-08-23,5,0,0.0
T007,2027-08-23,6,0,0.0
T007,2027-08-23,7,3,695.76
T007,2027-08-23,8,9,2074.16
T007,2027-08-23,9,27,6251.42
T007,2027-08-23,10,57,14328.91
T007,2027-08-23,11,107,21896.67
T007,2027-08-23,12,143,29790.22
T007,2027-08-23,13,185,41662.59
T007,2027-08-23,14,213,49343.22
T007,2027-08-23,15,272,65137.95
T007,2027-08-23,16,279,66113.49
T007,2027-08-23,17,209,47451.92
T007,2027-08-23,18,224,54495.86
T007,2027-08-23,19,218,53064.28
T007,2027-08-23,20,172,40182.73
T007,2027-08-23,21,155,37608.03
T007,2027-08-23,22,88,20648.84
T007,2027-08-23,23,0,0.0
T007,2027-08-24,0,0,0.0
T007,2027-08-24,1,0,0.0
T007,2027-08-24,2,0,0.0
T007,2027-08-24,3,0,0.0
T007,2027-08-24,4,0,0.0
T007,2027-08-24,5,0,0.0
T007,2027-08-24,6,0,0.0
T007,2027-08-24,7,3,681.86
T007,2027-08-24,8,7,1599.8
T007,2027-08-24,9,33,7063.44
T007,2027-08-24,10,55,12104.81
T007,2027-08-24,11,103,22817.21
T007,2027-08-24,12,170,44188.72
T007,2027-08-24,13,228,57534.53
T007,2027-08-24,14,225,51012.98
T007,2027-08-24,15,258,58638.72
T007,2027-08-24,16,241,52583.47
T007,2027-08-24,17,262,54863.97
T007,2027-08-24,18,219,50400.07
T007,2027-08-24,19,247,54325.3
T007,2027-08-24,20,185,42643.99
T007,2027-08-24,21,109,23213.57
T007,2027-08-24,22,105,23380.42
T007,2027-08-24,23,0,0.0
T007,2027-08-25,0,0,0.0
T007,2027-08-25,1,0,0.0
T007,2027-08-25,2,0,0.0
T007,2027-08-25,3,0,0.0
T007,2027-08-25,4,0,0.0
T007,2027-08-25,5,0,0.0
T007,2027-08-25,6,0,0.0
T007,2027-08-25,7,3,646.68
T007,2027-08-25,8,13,2961.79
T007,2027-08-25,9,20,4714.38
T007,2027-08-25,10,55,13122.17
T007,2027-08-25,11,99,22755.97
T007,2027-08-25,12,152,37881.4
T007,2027-08-25,13,210,51061.83
T007,2027-08-25,14,216,49360.21
T007,2027-08-25,15,233,55960.18
T007,2027-08-25,16,249,63214.34
T007,2027-08-25,17,157,39906.54
T007,2027-08-25,18,218,47366.31
T007,2027-08-25,19,191,42166.3
T007,2027-08-25,20,146,36306.89
T007,2027-08-25,21,128,28062.86
T007,2027-08-25,22,97,20969.69
T007,2027-08-25,23,0,0.0
T007,2027-08-26,0,0,0.0
T007,2027-08-26,1,0,0.0
T007,2027-08-26,2,0,0.0
T007,2027-08-26,3,0,0.0
T007,2027-08-26,4,0,0.0
T007,2027-08-26,5,0,0.0
T007,2027-08-26,6,0,0.0
T007,2027-08-26,7,3,704.8
T007,2027-08-26,8,9,2175.79
T007,2027-08-26,9,22,4968.24
T007,2027-08-26,10,56,12842.92
T007,2027-08-26,11,102,22769.57
T007,2027-08-26,12,154,30922.88
T007,2027-08-26,13,216,46556.72
T007,2027-08-26,14,198,41685.56
T007,2027-08-26,15,236,48486.2
T007,2027-08-26,16,217,47231.02
T007,2027-08-26,17,229,56523.12
T007,2027-08-26,18,233,53817.37
T007,2027-08-26,19,178,43864.15
T007,2027-08-26,20,179,42288.23
T007,2027-08-26,21,143,34398.35
T007,2027-08-26,22,85,18790.33
T007,2027-08-26,23,0,0.0
T007,2027-08-27,0,0,0.0
T007,2027-08-27,1,0,0.0
T007,2027-08-27,2,0,0.0
T007,2027-08-27,3,0,0.0
T007,2027-08-27,4,0,0.0
T007,2027-08-27,5,0,0.0
T007,2027-08-27,6,0,0.0
T007,2027-08-27,7,3,802.09
T007,2027-08-27,8,9,2164.53
T007,2027-08-27,9,32,7158.61
T007,2027-08-27,10,67,15460.92
T007,2027-08-27,11,105,24916.52
T007,2027-08-27,12,168,40068.56
T007,2027-08-27,13,163,40735.58
T007,2027-08-27,14,273,67121.05
T007,2027-08-27,15,273,59933.93
T007,2027-08-27,16,210,52818.07
T007,2027-08-27,17,267,60121.87
T007,2027-08-27,18,264,64427.98
T007,2027-08-27,19,231,53690.84
T007,2027-08-27,20,187,42498.61
T007,2027-08-27,21,144,30269.0
T007,2027-08-27,22,95,21906.19
T007,2027-08-27,23,0,0.0
T007,2027-08-28,0,0,0.0
T007,2027-08-28,1,0,0.0
T007,2027-08-28,2,0,0.0
T007,2027-08-28,3,0,0.0
T007,2027-08-28,4,0,0.0
T007,2027-08-28,5,0,0.0
T007,2027-08-28,6,0,0.0
T007,2027-08-28,7,6,1328.5
T007,2027-08-28,8,26,6655.5
T007,2027-08-28,9,51,11430.98
T007,2027-08-28,10,91,22081.72
T007,2027-08-28,11,168,39056.51
T007,2027-08-28,12,239,57575.65
T007,2027-08-28,13,374,84585.05
T007,2027-08-28,14,385,88960.6
T007,2027-08-28,15,359,82579.0
T007,2027-08-28,16,439,97442.54
T007,2027-08-28,17,416,99559.57
T007,2027-08-28,18,424,101426.63
T007,2027-08-28,19,381,90731.83
T007,2027-08-28,20,266,66221.17
T007,2027-08-28,21,225,55959.07
T007,2027-08-28,22,162,36832.43
T007,2027-08-28,23,0,0.0
T001,2027-08-29,0,0,0.0
T001,2027-08-29,1,0,0.0
T001,2027-08-29,2,0,0.0
T001,2027-08-29,3,0,0.0
T001,2027-08-29,4,0,0.0
T001,2027-08-29,5,0,0.0
T001,2027-08-29,6,0,0.0
T001,2027-08-29,7,0,0.0
T001,2027-08-29,8,7,831.88
T001,2027-08-29,9,9,1144.74
T001,2027-08-29,10,37,4853.67
T001,2027-08-29,11,43,4920.62
T001,2027-08-29,12,80,10410.6
T001,2027-08-29,13,153,19589.77
T001,2027-08-29,14,153,18784.51
T001,2027-08-29,15,144,16879.58
T001,2027-08-29,16,135,17092.08
T001,2027-08-29,17,183,22531.49
T001,2027-08-29,18,129,16492.52
T001,2027-08-29,19,155,19672.23
T001,2027-08-29,20,110,15093.03
T001,2027-08-29,21,92,11505.53
T001,2027-08-29,22,0,0.0
T001,2027-08-29,23,0,0.0
T001,2027-08-30,0,0,0.0
T001,2027-08-30,1,0,0.0
T001,2027-08-30,2,0,0.0
T001,2027-08-30,3,0,0.0
T001,2027-08-30,4,0,0.0
T001,2027-08-30,5,0,0.0
T001,2027-08-30,6,0,0.0
T001,2027-08-30,7,0,0.0
T001,2027-08-30,8,3,372.32
T001,2027-08-30,9,9,1060.76
T001,2027-08-30,10,21,2742.49
T001,2027-08-30,11,43,5382.25
T001,2027-08-30,12,54,6332.4
T001,2027-08-30,13,69,8290.18
T001,2027-08-30,14,100,12855.91
T001,2027-08-30,15,85,11209.74
T001,2027-08-30,16,84,11693.79
T001,2027-08-30,17,85,12326.36
T001,2027-08-30,18,89,11498.59
T001,2027-08-30,19,64,7699.99
T001,2027-08-30,20,67,7576.48
T001,2027-08-30,21,56,7183.08
T001,2027-08-30,22,0,0.0
T001,2027-08-30,23,0,0.0
T001,2027-08-31,0,0,0.0
T001,2027-08-31,1,0,0.0
T001,2027-08-31,2,0,0.0
T001,2027-08-31,3,0,0.0
T001,2027-08-31,4,0,0.0
T001,2027-08-31,5,0,0.0
T001,2027-08-31,6,0,0.0
T001,2027-08-31,7,0,0.0
T001,2027-08-31,8,4,504.94
T001,2027-08-31,9,13,1790.93
T001,2027-08-31,10,32,4076.78
T001,2027-08-31,11,45,5975.75
T001,2027-08-31,12,73,9009.3
T001,2027-08-31,13,102,12145.73
T001,2027-08-31,14,114,13733.23
T001,2027-08-31,15,107,13052.41
T001,2027-08-31,16,102,14284.64
T001,2027-08-31,17,118,14322.44
T001,2027-08-31,18,106,13979.44
T001,2027-08-31,19,106,12811.22
T001,2027-08-31,20,93,12319.77
T001,2027-08-31,21,61,7869.68
T001,2027-08-31,22,0,0.0
T001,2027-08-31,23,0,0.0
T001,2027-09-01,0,0,0.0
T001,2027-09-01,1,0,0.0
T001,2027-09-01,2,0,0.0
T001,2027-09-01,3,0,0.0
T001,2027-09-01,4,0,0.0
T001,2027-09-01,5,0,0.0
T001,2027-09-01,6,0,0.0
T001,2027-09-01,7,0,0.0
T001,2027-09-01,8,2,251.65
T001,2027-09-01,9,8,1027.07
T001,2027-09-01,10,16,2157.44
T001,2027-09-01,11,33,4222.79
T001,2027-09-01,12,48,5950.77
T001,2027-09-01,13,65,8682.46
T001,2027-09-01,14,58,7498.73
T001,2027-09-01,15,72,9813.19
T001,2027-09-01,16,59,7536.34
T001,2027-09-01,17,73,8674.27
T001,2027-09-01,18,71,8372.05
T001,2027-09-01,19,70,9591.63
T001,2027-09-01,20,62,8523.98
T001,2027-09-01,21,43,5393.87
T001,2027-09-01,22,0,0.0
T001,2027-09-01,23,0,0.0
T001,2027-09-02,0,0,0.0
T001,2027-09-02,1,0,0.0
T001,2027-09-02,2,0,0.0
T001,2027-09-02,3,0,0.0
T001,2027-09-02,4,0,0.0
T001,2027-09-02,5,0,0.0
T001,2027-09-02,6,0,0.0
T001,2027-09-02,7,0,0.0
T001,2027-09-02,8,3,381.44
T001,2027-09-02,9,8,1045.2
T001,2027-09-02,10,16,1817.6
T001,2027-09-02,11,31,3914.27
T001,2027-09-02,12,45,5455.73
T001,2027-09-02,13,70,8320.3
T001,2027-09-02,14,67,8108.16
T001,2027-09-02,15,68,8463.3
T001,2027-09-02,16,64,8471.77
T001,2027-09-02,17,66,7799.92
T001,2027-09-02,18,73,9254.12
T001,2027-09-02,19,83,10251.39
T001,2027-09-02,20,45,5602.55
T001,2027-09-02,21,46,6114.37
T001,2027-09-02,22,0,0.0
T001,2027-09-02,23,0,0.0
T001,2027-09-03,0,0,0.0
T001,2027-09-03,1,0,0.0
T001,2027-09-03,2,0,0.0
T001,2027-09-03,3,0,0.0
T001,2027-09-03,4,0,0.0
T001,2027-09-03,5,0,0.0
T001,2027-09-03,6,0,0.0
T001,2027-09-03,7,0,0.0
T001,2027-09-03,8,2,285.01
T001,2027-09-03,9,8,1107.62
T001,2027-09-03,10,20,2423.5
T001,2027-09-03,11,34,4241.71
T001,2027-09-03,12,47,5513.72
T001,2027-09-03,13,59,7247.35
T001,2027-09-03,14,74,9514.35
T001,2027-09-03,15,63,8455.01
T001,2027-09-03,16,64,7805.49
T001,2027-09-03,17,64,7835.84
T001,2027-09-03,18,75,8473.9
T001,2027-09-03,19,72,9039.27
T001,2027-09-03,20,51,6112.41
T001,2027-09-03,21,45,5545.09
T001,2027-09-03,22,0,0.0
T001,2027-09-03,23,0,0.0
T001,2027-09-04,0,0,0.0
T001,2027-09-04,1,0,0.0
T001,2027-09-04,2,0,0.0
T001,2027-09-04,3,0,0.0
T001,2027-09-04,4,0,0.0
T001,2027-09-04,5,0,0.0
T001,2027-09-04,6,0,0.0
T001,2027-09-04,7,0,0.0
T001,2027-09-04,8,5,621.22
T001,2027-09-04,9,13,1673.58
T001,2027-09-04,10,27,3712.92
T001,2027-09-04,11,50,6016.47
T001,2027-09-04,12,69,8626.56
T001,2027-09-04,13,100,13149.45
T001,2027-09-04,14,124,16036.48
T001,2027-09-04,15,111,13785.57
T001,2027-09-04,16,123,15464.55
T001,2027-09-04,17,126,14852.07
T001,2027-09-04,18,116,14507.84
T001,2027-09-04,19,99,12364.02
T001,2027-09-04,20,83,10627.68
T001,2027-09-04,21,64,7875.87
T001,2027-09-04,22,0,0.0
T001,2027-09-04,23,0,0.0
T005,2027-08-29,0,0,0.0
T005,2027-08-29,1,0,0.0
T005,2027-08-29,2,0,0.0
T005,2027-08-29,3,0,0.0
T005,2027-08-29,4,0,0.0
T005,2027-08-29,5,0,0.0
T005,2027-08-29,6,0,0.0
T005,2027-08-29,7,5,689.69
T005,2027-08-29,8,14,2034.91
T005,2027-08-29,9,28,3793.3
T005,2027-08-29,10,70,10286.61
T005,2027-08-29,11,132,19365.05
T005,2027-08-29,12,161,25796.55
T005,2027-08-29,13,284,43626.32
T005,2027-08-29,14,261,38399.88
T005,2027-08-29,15,305,45359.73
T005,2027-08-29,16,306,45070.9
T005,2027-08-29,17,274,39829.4
T005,2027-08-29,18,240,33422.37
T005,2027-08-29,19,268,39094.8
T005,2027-08-29,20,185,26204.15
T005,2027-08-29,21,167,22981.99
T005,2027-08-29,22,0,0.0
T005,2027-08-29,23,0,0.0
T005,2027-08-30,0,0,0.0
T005,2027-08-30,1,0,0.0
T005,2027-08-30,2,0,0.0
T005,2027-08-30,3,0,0.0
T005,2027-08-30,4,0,0.0
T005,2027-08-30,5,0,0.0
T005,2027-08-30,6,0,0.0
T005,2027-08-30,7,2,278.1
T005,2027-08-30,8,7,1046.83
T005,2027-08-30,9,21,3145.83
T005,2027-08-30,10,39,6102.58
T005,2027-08-30,11,58,8995.76
T005,2027-08-30,12,86,12559.59
T005,2027-08-30,13,143,19715.11
T005,2027-08-30,14,148,21410.87
T005,2027-08-30,15,174,25858.22
T005,2027-08-30,16,180,26195.08
T005,2027-08-30,17,134,19130.61
T005,2027-08-30,18,125,18609.07
T005,2027-08-30,19,157,22499.55
T005,2027-08-30,20,128,18226.81
T005,2027-08-30,21,83,12392.15
T005,2027-08-30,22,0,0.0
T005,2027-08-30,23,0,0.0
T005,2027-08-31,0,0,0.0
T005,2027-08-31,1,0,0.0
T005,2027-08-31,2,0,0.0
T005,2027-08-31,3,0,0.0
T005,2027-08-31,4,0,0.0
T005,2027-08-31,5,0,0.0
T005,2027-08-31,6,0,0.0
T005,2027-08-31,7,1,147.23
T005,2027-08-31,8,8,1177.93
T005,2027-08-31,9,22,3215.28
T005,2027-08-31,10,52,8108.82
T005,2027-08-31,11,74,9425.12
T005,2027-08-31,12,163,24437.62
T005,2027-08-31,13,199,31539.77
T005,2027-08-31,14,234,32461.35
T005,2027-08-31,15,208,29998.14
T005,2027-08-31,16,252,35652.81
T005,2027-08-31,17,178,24998.25
T005,2027-08-31,18,218,31526.16
T005,2027-08-31,19,174,27406.16
T005,2027-08-31,20,134,21509.64
T005,2027-08-31,21,109,15755.33
T005,2027-08-31,22,0,0.0
T005,2027-08-31,23,0,0.0
T005,2027-09-01,0,0,0.0
T005,2027-09-01,1,0,0.0
T005,2027-09-01,2,0,0.0
T005,2027-09-01,3,0,0.0
T005,2027-09-01,4,0,0.0
T005,2027-09-01,5,0,0.0
T005,2027-09-01,6,0,0.0
T005,2027-09-01,7,2,308.27
T005,2027-09-01,8,6,866.12
T005,2027-09-01,9,16,2294.62
T005,2027-09-01,10,37,5686.62
T005,2027-09-01,11,52,7656.59
T005,2027-09-01,12,92,13713.65
T005,2027-09-01,13,109,16035.7
T005,2027-09-01,14,129,19283.93
T005,2027-09-01,15,137,20568.83
T005,2027-09-01,16,130,17260.83
T005,2027-09-01,17,137,20812.14
T005,2027-09-01,18,116,16216.24
T005,2027-09-01,19,134,18279.18
T005,2027-09-01,20,89,13046.0
T005,2027-09-01,21,74,10924.69
T005,2027-09-01,22,0,0.0
T005,2027-09-01,23,0,0.0
T005,2027-09-02,0,0,0.0
T005,2027-09-02,1,0,0.0
T005,2027-09-02,2,0,0.0
T005,2027-09-02,3,0,0.0
T005,2027-09-02,4,0,0.0
T005,2027-09-02,5,0,0.0
T005,2027-09-02,6,0,0.0
T005,2027-09-02,7,0,0.0
T005,2027-09-02,8,6,798.64
T005,2027-09-02,9,14,1856.63
T005,2027-09-02,10,33,4848.46
T005,2027-09-02,11,60,8723.36
T005,2027-09-02,12,96,14040.33
T005,2027-09-02,13,111,16295.69
T005,2027-09-02,14,132,19624.66
T005,2027-09-02,15,123,18939.48
T005,2027-09-02,16,142,19716.17
T005,2027-09-02,17,122,16884.66
T005,2027-09-02,18,134,18622.92
T005,2027-09-02,19,132,19686.14
T005,2027-09-02,20,95,14835.66
T005,2027-09-02,21,76,10932.07
T005,2027-09-02,22,0,0.0
T005,2027-09-02,23,0,0.0
T005,2027-09-03,0,0,0.0
T005,2027-09-03,1,0,0.0
T005,2027-09-03,2,0,0.0
T005,2027-09-03,3,0,0.0
T005,2027-09-03,4,0,0.0
T005,2027-09-03,5,0,0.0
T005,2027-09-03,6,0,0.0
T005,2027-09-03,7,2,281.35
T005,2027-09-03,8,5,752.67
T005,2027-09-03,9,15,2035.88
T005,2027-09-03,10,29,4346.47
T005,2027-09-03,11,68,10048.19
T005,2027-09-03,12,97,14155.2
T005,2027-09-03,13,118,18725.25
T005,2027-09-03,14,142,20226.48
T005,2027-09-03,15,127,20594.1
T005,2027-09-03,16,158,22966.34
T005,2027-09-03,17,140,19267.74
T005,2027-09-03,18,119,17555.79
T005,2027-09-03,19,132,18361.53
T005,2027-09-03,20,99,14007.29
T005,2027-09-03,21,78,11694.71
T005,2027-09-03,22,0,0.0
T005,2027-09-03,23,0,0.0
T005,2027-09-04,0,0,0.0
T005,2027-09-04,1,0,0.0
T005,2027-09-04,2,0,0.0
T005,2027-09-04,3,0,0.0
T005,2027-09-04,4,0,0.0
T005,2027-09-04,5,0,0.0
T005,2027-09-04,6,0,0.0
T005,2027-09-04,7,2,281.28
T005,2027-09-04,8,10,1478.9
T005,2027-09-04,9,24,3427.52
T005,2027-09-04,10,45,6560.65
T005,2027-09-04,11,102,16406.59
T005,2027-09-04,12,136,19824.19
T005,2027-09-04,13,194,29110.73
T005,2027-09-04,14,218,31676.78
T005,2027-09-04,15,215,31727.6
T005,2027-09-04,16,185,27205.71
T005,2027-09-04,17,211,31715.23
T005,2027-09-04,18,191,29715.68
T005,2027-09-04,19,155,24664.09
T005,2027-09-04,20,137,20452.67
T005,2027-09-04,21,111,16799.54
T005,2027-09-04,22,0,0.0
T005,2027-09-04,23,0,0.0
T007,2027-08-29,0,0,0.0
T007,2027-08-29,1,0,0.0
T007,2027-08-29,2,0,0.0
T007,2027-08-29,3,0,0.0
T007,2027-08-29,4,0,0.0
T007,2027-08-29,5,0,0.0
T007,2027-08-29,6,0,0.0
T007,2027-08-29,7,6,1315.07
T007,2027-08-29,8,20,4548.72
T007,2027-08-29,9,53,12294.19
T007,2027-08-29,10,91,22222.99
T007,2027-08-29,11,154,35028.26
T007,2027-08-29,12,227,53367.2
T007,2027-08-29,13,342,75157.15
T007,2027-08-29,14,324,76762.57
T007,2027-08-29,15,397,91857.99
T007,2027-08-29,16,376,83788.24
T007,2027-08-29,17,350,79974.68
T007,2027-08-29,18,352,80711.22
T007,2027-08-29,19,356,81411.49
T007,2027-08-29,20,241,60856.21
T007,2027-08-29,21,200,46093.17
T007,2027-08-29,22,137,31293.1
T007,2027-08-29,23,0,0.0
T007,2027-08-30,0,0,0.0
T007,2027-08-30,1,0,0.0
T007,2027-08-30,2,0,0.0
T007,2027-08-30,3,0,0.0
T007,2027-08-30,4,0,0.0
T007,2027-08-30,5,0,0.0
T007,2027-08-30,6,0,0.0
T007,2027-08-30,7,3,695.76
T007,2027-08-30,8,9,2074.16
T007,2027-08-30,9,28,6482.95
T007,2027-08-30,10,62,15585.83
T007,2027-08-30,11,106,21692.03
T007,2027-08-30,12,129,26873.7
T007,2027-08-30,13,210,47292.67
T007,2027-08-30,14,192,44478.39
T007,2027-08-30,15,266,63701.09
T007,2027-08-30,16,266,63032.93
T007,2027-08-30,17,242,54944.33
T007,2027-08-30,18,199,48413.73
T007,2027-08-30,19,216,52577.46
T007,2027-08-30,20,167,39014.63
T007,2027-08-30,21,149,36152.23
T007,2027-08-30,22,86,20179.55
T007,2027-08-30,23,0,0.0
T007,2027-08-31,0,0,0.0
T007,2027-08-31,1,0,0.0
T007,2027-08-31,2,0,0.0
T007,2027-08-31,3,0,0.0
T007,2027-08-31,4,0,0.0
T007,2027-08-31,5,0,0.0
T007,2027-08-31,6,0,0.0
T007,2027-08-31,7,5,1136.43
T007,2027-08-31,8,10,2285.43
T007,2027-08-31,9,39,8347.7
T007,2027-08-31,10,68,14965.95
T007,2027-08-31,11,130,28798.42
T007,2027-08-31,12,199,51726.79
T007,2027-08-31,13,279,70404.09
T007,2027-08-31,14,299,67790.58
T007,2027-08-31,15,316,71821.06
T007,2027-08-31,16,314,68511.24
T007,2027-08-31,17,322,67428.24
T007,2027-08-31,18,286,65819.27
T007,2027-08-31,19,291,64002.69
T007,2027-08-31,20,240,55321.93
T007,2027-08-31,21,139,29602.63
T007,2027-08-31,22,133,29615.2
T007,2027-08-31,23,0,0.0
T007,2027-09-01,0,0,0.0
T007,2027-09-01,1,0,0.0
T007,2027-09-01,2,0,0.0
T007,2027-09-01,3,0,0.0
T007,2027-09-01,4,0,0.0
T007,2027-09-01,5,0,0.0
T007,2027-09-01,6,0,0.0
T007,2027-09-01,7,3,646.68
T007,2027-09-01,8,9,2050.47
T007,2027-09-01,9,17,4007.22
T007,2027-09-01,10,43,10259.15
T007,2027-09-01,11,93,21376.82
T007,2027-09-01,12,128,31900.13
T007,2027-09-01,13,173,42065.22
T007,2027-09-01,14,185,42276.11
T007,2027-09-01,15,197,47313.97
T007,2027-09-01,16,229,58136.88
T007,2027-09-01,17,142,36093.81
T007,2027-09-01,18,186,40413.46
T007,2027-09-01,19,160,35322.56
T007,2027-09-01,20,128,31830.7
T007,2027-09-01,21,107,23458.79
T007,2027-09-01,22,76,16429.86
T007,2027-09-01,23,0,0.0
T007,2027-09-02,0,0,0.0
T007,2027-09-02,1,0,0.0
T007,2027-09-02,2,0,0.0
T007,2027-09-02,3,0,0.0
T007,2027-09-02,4,0,0.0
T007,2027-09-02,5,0,0.0
T007,2027-09-02,6,0,0.0
T007,2027-09-02,7,2,469.87
T007,2027-09-02,8,6,1450.52
T007,2027-09-02,9,19,4290.76
T007,2027-09-02,10,53,12154.9
T007,2027-09-02,11,79,17635.26
T007,2027-09-02,12,119,23894.95
T007,2027-09-02,13,178,38366.19
T007,2027-09-02,14,164,34527.43
T007,2027-09-02,15,196,40268.2
T007,2027-09-02,16,186,40483.73
T007,2027-09-02,17,192,47390.56
T007,2027-09-02,18,210,48504.92
T007,2027-09-02,19,164,40414.16
T007,2027-09-02,20,157,37090.79
T007,2027-09-02,21,116,27903.55
T007,2027-09-02,22,65,14369.08
T007,2027-09-02,23,0,0.0
T007,2027-09-03,0,0,0.0
T007,2027-09-03,1,0,0.0
T007,2027-09-03,2,0,0.0
T007,2027-09-03,3,0,0.0
T007,2027-09-03,4,0,0.0
T007,2027-09-03,5,0,0.0
T007,2027-09-03,6,0,0.0
T007,2027-09-03,7,3,697.47
T007,2027-09-03,8,7,1646.93
T007,2027-09-03,9,23,5113.29
T007,2027-09-03,10,44,10199.11
T007,2027-09-03,11,73,17380.85
T007,2027-09-03,12,114,27205.58
T007,2027-09-03,13,133,33177.17
T007,2027-09-03,14,182,44821.24
T007,2027-09-03,15,198,43540.34
T007,2027-09-03,16,176,44171.92
T007,2027-09-03,17,202,45519.56
T007,2027-09-03,18,183,44575.88
T007,2027-09-03,19,174,40416.21
T007,2027-09-03,20,127,28793.4
T007,2027-09-03,21,106,22320.1
T007,2027-09-03,22,64,14688.28
T007,2027-09-03,23,0,0.0
T007,2027-09-04,0,0,0.0
T007,2027-09-04,1,0,0.0
T007,2027-09-04,2,0,0.0
T007,2027-09-04,3,0,0.0
T007,2027-09-04,4,0,0.0
T007,2027-09-04,5,0,0.0
T007,2027-09-04,6,0,0.0
T007,2027-09-04,7,3,693.13
T007,2027-09-04,8,19,4780.89
T007,2027-09-04,9,34,7680.89
T007,2027-09-04,10,59,14340.36
T007,2027-09-04,11,140,32566.47
T007,2027-09-04,12,163,39234.24
T007,2027-09-04,13,258,58389.15
T007,2027-09-04,14,256,59114.63
T007,2027-09-04,15,256,58919.25
T007,2027-09-04,16,335,74307.42
T007,2027-09-04,17,312,74615.87
T007,2027-09-04,18,321,76724.28
T007,2027-09-04,19,264,62927.11
T007,2027-09-04,20,212,52847.31
T007,2027-09-04,21,172,42701.68
T007,2027-09-04,22,112,25440.84
T007,2027-09-04,23,0,0.0
T001,2027-09-05,0,0,0.0
T001,2027-09-05,1,0,0.0
T001,2027-09-05,2,0,0.0
T001,2027-09-05,3,0,0.0
T001,2027-09-05,4,0,0.0
T001,2027-09-05,5,0,0.0
T001,2027-09-05,6,0,0.0
T001,2027-09-05,7,0,0.0
T001,2027-09-05,8,4,482.25
T001,2027-09-05,9,8,995.43
T001,2027-09-05,10,27,3561.11
T001,2027-09-05,11,28,3238.01
T001,2027-09-05,12,63,8147.43
T001,2027-09-05,13,102,13064.11
T001,2027-09-05,14,114,14000.88
T001,2027-09-05,15,102,11977.17
T001,2027-09-05,16,110,13973.46
T001,2027-09-05,17,119,14663.65
T001,2027-09-05,18,97,12420.61
T001,2027-09-05,19,118,14952.16
T001,2027-09-05,20,80,10936.98
T001,2027-09-05,21,59,7378.55
T001,2027-09-05,22,0,0.0
T001,2027-09-05,23,0,0.0
T001,2027-09-06,0,0,0.0
T001,2027-09-06,1,0,0.0
T001,2027-09-06,2,0,0.0
T001,2027-09-06,3,0,0.0
T001,2027-09-06,4,0,0.0
T001,2027-09-06,5,0,0.0
T001,2027-09-06,6,0,0.0
T001,2027-09-06,7,0,0.0
T001,2027-09-06,8,2,248.22
T001,2027-09-06,9,9,1060.76
T001,2027-09-06,10,16,2089.51
T001,2027-09-06,11,31,3880.23
T001,2027-09-06,12,41,4807.93
T001,2027-09-06,13,53,6367.82
T001,2027-09-06,14,82,10541.85
T001,2027-09-06,15,70,9231.55
T001,2027-09-06,16,67,9327.19
T001,2027-09-06,17,72,10441.16
T001,2027-09-06,18,74,9560.63
T001,2027-09-06,19,57,6857.81
T001,2027-09-06,20,55,6219.5
T001,2027-09-06,21,43,5515.58
T001,2027-09-06,22,0,0.0
T001,2027-09-06,23,0,0.0
T001,2027-09-07,0,0,0.0
T001,2027-09-07,1,0,0.0
T001,2027-09-07,2,0,0.0
T001,2027-09-07,3,0,0.0
T001,2027-09-07,4,0,0.0
T001,2027-09-07,5,0,0.0
T001,2027-09-07,6,0,0.0
T001,2027-09-07,7,0,0.0
T001,2027-09-07,8,3,378.7
T001,2027-09-07,9,8,1102.11
T001,2027-09-07,10,19,2420.59
T001,2027-09-07,11,30,3983.83
T001,2027-09-07,12,46,5677.09
T001,2027-09-07,13,67,7978.07
T001,2027-09-07,14,70,8432.69
T001,2027-09-07,15,69,8416.98
T001,2027-09-07,16,70,9803.18
T001,2027-09-07,17,75,9103.24
T001,2027-09-07,18,68,8967.94
T001,2027-09-07,19,68,8218.52
T001,2027-09-07,20,56,7418.36
T001,2027-09-07,21,40,5160.45
T001,2027-09-07,22,0,0.0
T001,2027-09-07,23,0,0.0
T001,2027-09-08,0,0,0.0
T001,2027-09-08,1,0,0.0
T001,2027-09-08,2,0,0.0
T001,2027-09-08,3,0,0.0
T001,2027-09-08,4,0,0.0
T001,2027-09-08,5,0,0.0
T001,2027-09-08,6,0,0.0
T001,2027-09-08,7,0,0.0
T001,2027-09-08,8,2,251.65
T001,2027-09-08,9,8,1027.07
T001,2027-09-08,10,19,2561.97
T001,2027-09-08,11,31,3966.86
T001,2027-09-08,12,50,6198.71
T001,2027-09-08,13,68,9083.19
T001,2027-09-08,14,62,8015.88
T001,2027-09-08,15,76,10358.37
T001,2027-09-08,16,52,6642.2
T001,2027-09-08,17,65,7723.66
T001,2027-09-08,18,74,8725.8
T001,2027-09-08,19,75,10276.74
T001,2027-09-08,20,62,8523.98
T001,2027-09-08,21,40,5017.55
T001,2027-09-08,22,0,0.0
T001,2027-09-08,23,0,0.0
T001,2027-09-09,0,0,0.0
T001,2027-09-09,1,0,0.0
T001,2027-09-09,2,0,0.0
T001,2027-09-09,3,0,0.0
T001,2027-09-09,4,0,0.0
T001,2027-09-09,5,0,0.0
T001,2027-09-09,6,0,0.0
T001,2027-09-09,7,0,0.0
T001,2027-09-09,8,3,381.44
T001,2027-09-09,9,8,1045.2
T001,2027-09-09,10,16,1817.6
T001,2027-09-09,11,28,3535.47
T001,2027-09-09,12,47,5698.2
T001,2027-09-09,13,70,8320.3
T001,2027-09-09,14,66,7987.14
T001,2027-09-09,15,82,10205.75
T001,2027-09-09,16,63,8339.4
T001,2027-09-09,17,70,8272.64
T001,2027-09-09,18,72,9127.35
T001,2027-09-09,19,84,10374.9
T001,2027-09-09,20,46,5727.05
T001,2027-09-09,21,43,5715.61
T001,2027-09-09,22,0,0.0
T001,2027-09-09,23,0,0.0
T001,2027-09-10,0,0,0.0
T001,2027-09-10,1,0,0.0
T001,2027-09-10,2,0,0.0
T001,2027-09-10,3,0,0.0
T001,2027-09-10,4,0,0.0
T001,2027-09-10,5,0,0.0
T001,2027-09-10,6,0,0.0
T001,2027-09-10,7,0,0.0
T001,2027-09-10,8,2,285.01
T001,2027-09-10,9,8,1107.62
T001,2027-09-10,10,19,2302.32
T001,2027-09-10,11,29,3617.93
T001,2027-09-10,12,48,5631.03
T001,2027-09-10,13,56,6878.84
T001,2027-09-10,14,71,9128.64
T001,2027-09-10,15,60,8052.39
T001,2027-09-10,16,74,9025.1
T001,2027-09-10,17,76,9305.06
T001,2027-09-10,18,85,9603.75
T001,2027-09-10,19,79,9918.09
T001,2027-09-10,20,45,5393.3
T001,2027-09-10,21,46,5668.32
T001,2027-09-10,22,0,0.0
T001,2027-09-10,23,0,0.0
T001,2027-09-11,0,0,0.0
T001,2027-09-11,1,0,0.0
T001,2027-09-11,2,0,0.0
T001,2027-09-11,3,0,0.0
T001,2027-09-11,4,0,0.0
T001,2027-09-11,5,0,0.0
T001,2027-09-11,6,0,0.0
T001,2027-09-11,7,0,0.0
T001,2027-09-11,8,4,496.98
T001,2027-09-11,9,13,1673.58
T001,2027-09-11,10,28,3850.43
T001,2027-09-11,11,51,6136.8
T001,2027-09-11,12,62,7751.4
T001,2027-09-11,13,107,14069.91
T001,2027-09-11,14,124,16036.48
T001,2027-09-11,15,121,15027.52
T001,2027-09-11,16,124,15590.27
T001,2027-09-11,17,116,13673.33
T001,2027-09-11,18,121,15133.18
T001,2027-09-11,19,91,11364.9
T001,2027-09-11,20,87,11139.85
T001,2027-09-11,21,63,7752.81
T001,2027-09-11,22,0,0.0
T001,2027-09-11,23,0,0.0
T005,2027-09-05,0,0,0.0
T005,2027-09-05,1,0,0.0
T005,2027-09-05,2,0,0.0
T005,2027-09-05,3,0,0.0
T005,2027-09-05,4,0,0.0
T005,2027-09-05,5,0,0.0
T005,2027-09-05,6,0,0.0
T005,2027-09-05,7,2,299.86
T005,2027-09-05,8,11,1622.03
T005,2027-09-05,9,22,3023.64
T005,2027-09-05,10,53,7771.78
T005,2027-09-05,11,89,13032.06
T005,2027-09-05,12,118,18906.78
T005,2027-09-05,13,207,31792.46
T005,2027-09-05,14,169,24859.53
T005,2027-09-05,15,234,34829.13
T005,2027-09-05,16,213,31383.14
T005,2027-09-05,17,199,28958.9
T005,2027-09-05,18,186,25864.62
T005,2027-09-05,19,201,29326.57
T005,2027-09-05,20,131,18540.34
T005,2027-09-05,21,116,15987.47
T005,2027-09-05,22,0,0.0
T005,2027-09-05,23,0,0.0
T005,2027-09-06,0,0,0.0
T005,2027-09-06,1,0,0.0
T005,2027-09-06,2,0,0.0
T005,2027-09-06,3,0,0.0
T005,2027-09-06,4,0,0.0
T005,2027-09-06,5,0,0.0
T005,2027-09-06,6,0,0.0
T005,2027-09-06,7,0,0.0
T005,2027-09-06,8,5,747.73
T005,2027-09-06,9,16,2396.83
T005,2027-09-06,10,37,5789.63
T005,2027-09-06,11,53,8220.26
T005,2027-09-06,12,69,10076.88
T005,2027-09-06,13,125,17233.49
T005,2027-09-06,14,115,16636.82
T005,2027-09-06,15,156,23183.23
T005,2027-09-06,16,144,20956.06
T005,2027-09-06,17,116,16560.83
T005,2027-09-06,18,108,16078.24
T005,2027-09-06,19,145,20779.84
T005,2027-09-06,20,107,15236.47
T005,2027-09-06,21,70,10451.21
T005,2027-09-06,22,0,0.0
T005,2027-09-06,23,0,0.0
T005,2027-09-07,0,0,0.0
T005,2027-09-07,1,0,0.0
T005,2027-09-07,2,0,0.0
T005,2027-09-07,3,0,0.0
T005,2027-09-07,4,0,0.0
T005,2027-09-07,5,0,0.0
T005,2027-09-07,6,0,0.0
T005,2027-09-07,7,0,0.0
T005,2027-09-07,8,6,883.45
T005,2027-09-07,9,15,2192.24
T005,2027-09-07,10,37,5769.74
T005,2027-09-07,11,48,6113.59
T005,2027-09-07,12,99,14842.48
T005,2027-09-07,13,125,19811.41
T005,2027-09-07,14,143,19837.49
T005,2027-09-07,15,140,20191.06
T005,2027-09-07,16,146,20655.99
T005,2027-09-07,17,113,15869.68
T005,2027-09-07,18,132,19089.24
T005,2027-09-07,19,109,17168.23
T005,2027-09-07,20,84,13483.66
T005,2027-09-07,21,67,9684.47
T005,2027-09-07,22,0,0.0
T005,2027-09-07,23,0,0.0
T005,2027-09-08,0,0,0.0
T005,2027-09-08,1,0,0.0
T005,2027-09-08,2,0,0.0
T005,2027-09-08,3,0,0.0
T005,2027-09-08,4,0,0.0
T005,2027-09-08,5,0,0.0
T005,2027-09-08,6,0,0.0
T005,2027-09-08,7,1,154.14
T005,2027-09-08,8,6,866.12
T005,2027-09-08,9,14,2007.79
T005,2027-09-08,10,37,5686.62
T005,2027-09-08,11,54,7951.08
T005,2027-09-08,12,91,13564.59
T005,2027-09-08,13,113,16624.16
T005,2027-09-08,14,120,17938.53
T005,2027-09-08,15,131,19668.01
T005,2027-09-08,16,144,19119.69
T005,2027-09-08,17,123,18685.35
T005,2027-09-08,18,107,14958.08
T005,2027-09-08,19,127,17324.3
T005,2027-09-08,20,94,13778.93
T005,2027-09-08,21,74,10924.69
T005,2027-09-08,22,0,0.0
T005,2027-09-08,23,0,0.0
T005,2027-09-09,0,0,0.0
T005,2027-09-09,1,0,0.0
T005,2027-09-09,2,0,0.0
T005,2027-09-09,3,0,0.0
T005,2027-09-09,4,0,0.0
T005,2027-09-09,5,0,0.0
T005,2027-09-09,6,0,0.0
T005,2027-09-09,7,1,147.48
T005,2027-09-09,8,6,798.64
T005,2027-09-09,9,16,2121.87
T005,2027-09-09,10,36,5289.23
T005,2027-09-09,11,60,8723.36
T005,2027-09-09,12,102,14917.85
T005,2027-09-09,13,96,14093.57
T005,2027-09-09,14,119,17691.93
T005,2027-09-09,15,125,19247.44
T005,2027-09-09,16,140,19438.48
T005,2027-09-09,17,132,18268.65
T005,2027-09-09,18,141,19595.76
T005,2027-09-09,19,133,19835.28
T005,2027-09-09,20,95,14835.66
T005,2027-09-09,21,70,10069.01
T005,2027-09-09,22,0,0.0
T005,2027-09-09,23,0,0.0
T005,2027-09-10,0,0,0.0
T005,2027-09-10,1,0,0.0
T005,2027-09-10,2,0,0.0
T005,2027-09-10,3,0,0.0
T005,2027-09-10,4,0,0.0
T005,2027-09-10,5,0,0.0
T005,2027-09-10,6,0,0.0
T005,2027-09-10,7,1,140.68
T005,2027-09-10,8,5,752.67
T005,2027-09-10,9,12,1628.71
T005,2027-09-10,10,29,4346.47
T005,2027-09-10,11,76,11230.33
T005,2027-09-10,12,95,13863.34
T005,2027-09-10,13,111,17614.43
T005,2027-09-10,14,130,18517.2
T005,2027-09-10,15,127,20594.1
T005,2027-09-10,16,141,20495.28
T005,2027-09-10,17,116,15964.7
T005,2027-09-10,18,134,19768.7
T005,2027-09-10,19,120,16692.3
T005,2027-09-10,20,102,14431.75
T005,2027-09-10,21,72,10795.11
T005,2027-09-10,22,0,0.0
T005,2027-09-10,23,0,0.0
T005,2027-09-11,0,0,0.0
T005,2027-09-11,1,0,0.0
T005,2027-09-11,2,0,0.0
T005,2027-09-11,3,0,0.0
T005,2027-09-11,4,0,0.0
T005,2027-09-11,5,0,0.0
T005,2027-09-11,6,0,0.0
T005,2027-09-11,7,2,281.28
T005,2027-09-11,8,8,1183.12
T005,2027-09-11,9,22,3141.89
T005,2027-09-11,10,45,6560.65
T005,2027-09-11,11,99,15924.05
T005,2027-09-11,12,130,18949.6
T005,2027-09-11,13,199,29861.01
T005,2027-09-11,14,206,29933.11
T005,2027-09-11,15,213,31432.46
T005,2027-09-11,16,191,28088.06
T005,2027-09-11,17,197,29610.91
T005,2027-09-11,18,220,34227.49
T005,2027-09-11,19,161,25618.83
T005,2027-09-11,20,136,20303.38
T005,2027-09-11,21,112,16950.89
T005,2027-09-11,22,0,0.0
T005,2027-09-11,23,0,0.0
T007,2027-09-05,0,0,0.0
T007,2027-09-05,1,0,0.0
T007,2027-09-05,2,0,0.0
T007,2027-09-05,3,0,0.0
T007,2027-09-05,4,0,0.0
T007,2027-09-05,5,0,0.0
T007,2027-09-05,6,0,0.0
T007,2027-09-05,7,4,914.83
T007,2027-09-05,8,14,3257.4
T007,2027-09-05,9,36,8366.56
T007,2027-09-05,10,70,17122.84
T007,2027-09-05,11,114,25913.18
T007,2027-09-05,12,199,46877.39
T007,2027-09-05,13,276,60733.05
T007,2027-09-05,14,237,56098.46
T007,2027-09-05,15,259,59965.27
T007,2027-09-05,16,256,57039.73
T007,2027-09-05,17,280,64052.95
T007,2027-09-05,18,248,56880.88
T007,2027-09-05,19,249,56862.45
T007,2027-09-05,20,181,45610.65
T007,2027-09-05,21,142,32709.8
T007,2027-09-05,22,97,22180.72
T007,2027-09-05,23,0,0.0
T007,2027-09-06,0,0,0.0
T007,2027-09-06,1,0,0.0
T007,2027-09-06,2,0,0.0
T007,2027-09-06,3,0,0.0
T007,2027-09-06,4,0,0.0
T007,2027-09-06,5,0,0.0
T007,2027-09-06,6,0,0.0
T007,2027-09-06,7,2,463.84
T007,2027-09-06,8,7,1613.24
T007,2027-09-06,9,22,5093.75
T007,2027-09-06,10,45,11312.3
T007,2027-09-06,11,90,18417.76
T007,2027-09-06,12,111,23123.88
T007,2027-09-06,13,177,39860.97
T007,2027-09-06,14,185,42856.79
T007,2027-09-06,15,223,53403.54
T007,2027-09-06,16,220,52132.5
T007,2027-09-06,17,201,45635.58
T007,2027-09-06,18,169,41115.18
T007,2027-09-06,19,173,42110.65
T007,2027-09-06,20,139,32473.25
T007,2027-09-06,21,126,30571.69
T007,2027-09-06,22,67,15721.27
T007,2027-09-06,23,0,0.0
T007,2027-09-07,0,0,0.0
T007,2027-09-07,1,0,0.0
T007,2027-09-07,2,0,0.0
T007,2027-09-07,3,0,0.0
T007,2027-09-07,4,0,0.0
T007,2027-09-07,5,0,0.0
T007,2027-09-07,6,0,0.0
T007,2027-09-07,7,2,454.57
T007,2027-09-07,8,5,1142.72
T007,2027-09-07,9,26,5565.13
T007,2027-09-07,10,46,10124.02
T007,2027-09-07,11,79,17500.58
T007,2027-09-07,12,125,32491.7
T007,2027-09-07,13,165,41636.83
T007,2027-09-07,14,176,39903.49
T007,2027-09-07,15,206,46820.06
T007,2027-09-07,16,201,43855.92
T007,2027-09-07,17,214,44812.56
T007,2027-09-07,18,187,43035.68
T007,2027-09-07,19,204,44867.86
T007,2027-09-07,20,165,38033.83
T007,2027-09-07,21,83,17676.39
T007,2027-09-07,22,89,19817.69
T007,2027-09-07,23,0,0.0
T007,2027-09-08,0,0,0.0
T007,2027-09-08,1,0,0.0
T007,2027-09-08,2,0,0.0
T007,2027-09-08,3,0,0.0
T007,2027-09-08,4,0,0.0
T007,2027-09-08,5,0,0.0
T007,2027-09-08,6,0,0.0
T007,2027-09-08,7,3,646.68
T007,2027-09-08,8,9,2050.47
T007,2027-09-08,9,16,3771.5
T007,2027-09-08,10,50,11929.25
T007,2027-09-08,11,89,20457.39
T007,2027-09-08,12,121,30155.59
T007,2027-09-08,13,187,45469.35
T007,2027-09-08,14,179,40904.99
T007,2027-09-08,15,188,45152.42
T007,2027-09-08,16,204,51790.06
T007,2027-09-08,17,131,33297.81
T007,2027-09-08,18,196,42586.22
T007,2027-09-08,19,163,35984.86
T007,2027-09-08,20,133,33074.09
T007,2027-09-08,21,123,26966.65
T007,2027-09-08,22,77,16646.04
T007,2027-09-08,23,0,0.0
T007,2027-09-09,0,0,0.0
T007,2027-09-09,1,0,0.0
T007,2027-09-09,2,0,0.0
T007,2027-09-09,3,0,0.0
T007,2027-09-09,4,0,0.0
T007,2027-09-09,5,0,0.0
T007,2027-09-09,6,0,0.0
T007,2027-09-09,7,3,704.8
T007,2027-09-09,8,7,1692.28
T007,2027-09-09,9,19,4290.76
T007,2027-09-09,10,48,11008.21
T007,2027-09-09,11,77,17188.8
T007,2027-09-09,12,125,25099.74
T007,2027-09-09,13,179,38581.73
T007,2027-09-09,14,160,33685.3
T007,2027-09-09,15,175,35953.75
T007,2027-09-09,16,186,40483.73
T007,2027-09-09,17,191,47143.74
T007,2027-09-09,18,189,43654.43
T007,2027-09-09,19,149,36717.74
T007,2027-09-09,20,160,37799.53
T007,2027-09-09,21,117,28144.1
T007,2027-09-09,22,73,16137.58
T007,2027-09-09,23,0,0.0
T007,2027-09-10,0,0,0.0
T007,2027-09-10,1,0,0.0
T007,2027-09-10,2,0,0.0
T007,2027-09-10,3,0,0.0
T007,2027-09-10,4,0,0.0
T007,2027-09-10,5,0,0.0
T007,2027-09-10,6,0,0.0
T007,2027-09-10,7,2,464.98
T007,2027-09-10,8,7,1646.93
T007,2027-09-10,9,22,4890.98
T007,2027-09-10,10,47,10894.5
T007,2027-09-10,11,74,17618.94
T007,2027-09-10,12,126,30069.32
T007,2027-09-10,13,146,36420.05
T007,2027-09-10,14,212,52209.36
T007,2027-09-10,15,195,42880.63
T007,2027-09-10,16,161,40407.27
T007,2027-09-10,17,204,45970.25
T007,2027-09-10,18,182,44332.29
T007,2027-09-10,19,191,44364.92
T007,2027-09-10,20,131,29700.28
T007,2027-09-10,21,103,21688.4
T007,2027-09-10,22,65,14917.78
T007,2027-09-10,23,0,0.0
T007,2027-09-11,0,0,0.0
T007,2027-09-11,1,0,0.0
T007,2027-09-11,2,0,0.0
T007,2027-09-11,3,0,0.0
T007,2027-09-11,4,0,0.0
T007,2027-09-11,5,0,0.0
T007,2027-09-11,6,0,0.0
T007,2027-09-11,7,4,924.18
T007,2027-09-11,8,18,4529.26
T007,2027-09-11,9,36,8132.71
T007,2027-09-11,10,55,13368.13
T007,2027-09-11,11,143,33264.33
T007,2027-09-11,12,165,39715.65
T007,2027-09-11,13,265,59973.35
T007,2027-09-11,14,258,59576.46
T007,2027-09-11,15,274,63062.01
T007,2027-09-11,16,310,68762.09
T007,2027-09-11,17,319,76289.94
T007,2027-09-11,18,285,68119.69
T007,2027-09-11,19,271,64595.63
T007,2027-09-11,20,197,49108.11
T007,2027-09-11,21,156,38729.43
T007,2027-09-11,22,107,24305.09
T007,2027-09-11,23,0,0.0
T001,2027-09-12,0,0,0.0
T001,2027-09-12,1,0,0.0
T001,2027-09-12,2,0,0.0
T001,2027-09-12,3,0,0.0
T001,2027-09-12,4,0,0.0
T001,2027-09-12,5,0,0.0
T001,2027-09-12,6,0,0.0
T001,2027-09-12,7,0,0.0
T001,2027-09-12,8,4,482.25
T001,2027-09-12,9,9,1119.86
T001,2027-09-12,10,27,3561.11
T001,2027-09-12,11,27,3122.37
T001,2027-09-12,12,57,7371.49
T001,2027-09-12,13,107,13704.51
T001,2027-09-12,14,110,13509.62
T001,2027-09-12,15,105,12329.44
T001,2027-09-12,16,102,12957.21
T001,2027-09-12,17,121,14910.09
T001,2027-09-12,18,105,13444.99
T001,2027-09-12,19,127,16092.58
T001,2027-09-12,20,86,11757.25
T001,2027-09-12,21,66,8253.97
T001,2027-09-12,22,0,0.0
T001,2027-09-12,23,0,0.0
T001,2027-09-13,0,0,0.0
T001,2027-09-13,1,0,0.0
T001,2027-09-13,2,0,0.0
T001,2027-09-13,3,0,0.0
T001,2027-09-13,4,0,0.0
T001,2027-09-13,5,0,0.0
T001,2027-09-13,6,0,0.0
T001,2027-09-13,7,0,0.0
T001,2027-09-13,8,2,248.22
T001,2027-09-13,9,8,942.9
T001,2027-09-13,10,16,2089.51
T001,2027-09-13,11,32,4005.39
T001,2027-09-13,12,40,4690.66
T001,2027-09-13,13,64,7689.45
T001,2027-09-13,14,78,10027.61
T001,2027-09-13,15,69,9099.67
T001,2027-09-13,16,64,8909.55
T001,2027-09-13,17,67,9716.07
T001,2027-09-13,18,71,9173.03
T001,2027-09-13,19,53,6376.56
T001,2027-09-13,20,54,6106.42
T001,2027-09-13,21,44,5643.85
T001,2027-09-13,22,0,0.0
T001,2027-09-13,23,0,0.0
T001,2027-09-14,0,0,0.0
T001,2027-09-14,1,0,0.0
T001,2027-09-14,2,0,0.0
T001,2027-09-14,3,0,0.0
T001,2027-09-14,4,0,0.0
T001,2027-09-14,5,0,0.0
T001,2027-09-14,6,0,0.0
T001,2027-09-14,7,0,0.0
T001,2027-09-14,8,3,378.7
T001,2027-09-14,9,8,1102.11
T001,2027-09-14,10,19,2420.59
T001,2027-09-14,11,29,3851.04
T001,2027-09-14,12,45,5553.68
T001,2027-09-14,13,65,7739.92
T001,2027-09-14,14,77,9275.96
T001,2027-09-14,15,64,7807.05
T001,2027-09-14,16,70,9803.18
T001,2027-09-14,17,77,9346.0
T001,2027-09-14,18,69,9099.83
T001,2027-09-14,19,64,7735.08
T001,2027-09-14,20,58,7683.3
T001,2027-09-14,21,38,4902.43
T001,2027-09-14,22,0,0.0
T001,2027-09-14,23,0,0.0
T001,2027-09-15,0,0,0.0
T001,2027-09-15,1,0,0.0
T001,2027-09-15,2,0,0.0
T001,2027-09-15,3,0,0.0
T001,2027-09-15,4,0,0.0
T001,2027-09-15,5,0,0.0
T001,2027-09-15,6,0,0.0
T001,2027-09-15,7,0,0.0
T001,2027-09-15,8,4,490.71
T001,2027-09-15,9,14,1835.89
T001,2027-09-15,10,31,4207.02
T001,2027-09-15,11,52,6654.09
T001,2027-09-15,12,88,10959.32
T001,2027-09-15,13,121,16149.38
T001,2027-09-15,14,98,12605.62
T001,2027-09-15,15,116,15769.26
T001,2027-09-15,16,99,12620.18
T001,2027-09-15,17,136,16219.7
T001,2027-09-15,18,121,14256.07
T001,2027-09-15,19,108,14784.81
T001,2027-09-15,20,101,13940.84
T001,2027-09-15,21,81,10110.37
T001,2027-09-15,22,0,0.0
T001,2027-09-15,23,0,0.0
T001,2027-09-16,0,0,0.0
T001,2027-09-16,1,0,0.0
T001,2027-09-16,2,0,0.0
T001,2027-09-16,3,0,0.0
T001,2027-09-16,4,0,0.0
T001,2027-09-16,5,0,0.0
T001,2027-09-16,6,0,0.0
T001,2027-09-16,7,0,0.0
T001,2027-09-16,8,2,254.3
T001,2027-09-16,9,8,1045.2
T001,2027-09-16,10,16,1817.6
T001,2027-09-16,11,29,3661.73
T001,2027-09-16,12,42,5092.01
T001,2027-09-16,13,64,7607.13
T001,2027-09-16,14,66,7987.14
T001,2027-09-16,15,84,10454.67
T001,2027-09-16,16,62,8207.03
T001,2027-09-16,17,65,7681.74
T001,2027-09-16,18,72,9127.35
T001,2027-09-16,19,86,10621.93
T001,2027-09-16,20,46,5727.05
T001,2027-09-16,21,48,6380.22
T001,2027-09-16,22,0,0.0
T001,2027-09-16,23,0,0.0
T001,2027-09-17,0,0,0.0
T001,2027-09-17,1,0,0.0
T001,2027-09-17,2,0,0.0
T001,2027-09-17,3,0,0.0
T001,2027-09-17,4,0,0.0
T001,2027-09-17,5,0,0.0
T001,2027-09-17,6,0,0.0
T001,2027-09-17,7,0,0.0
T001,2027-09-17,8,2,285.01
T001,2027-09-17,9,8,1107.62
T001,2027-09-17,10,19,2302.32
T001,2027-09-17,11,29,3617.93
T001,2027-09-17,12,47,5513.72
T001,2027-09-17,13,48,5896.15
T001,2027-09-17,14,76,9771.5
T001,2027-09-17,15,64,8589.22
T001,2027-09-17,16,70,8537.25
T001,2027-09-17,17,70,8570.45
T001,2027-09-17,18,82,9264.79
T001,2027-09-17,19,82,10294.73
T001,2027-09-17,20,51,6112.41
T001,2027-09-17,21,44,5421.87
T001,2027-09-17,22,0,0.0
T001,2027-09-17,23,0,0.0
T001,2027-09-18,0,0,0.0
T001,2027-09-18,1,0,0.0
T001,2027-09-18,2,0,0.0
T001,2027-09-18,3,0,0.0
T001,2027-09-18,4,0,0.0
T001,2027-09-18,5,0,0.0
T001,2027-09-18,6,0,0.0
T001,2027-09-18,7,0,0.0
T001,2027-09-18,8,5,621.22
T001,2027-09-18,9,13,1673.58
T001,2027-09-18,10,27,3712.92
T001,2027-09-18,11,46,5535.15
T001,2027-09-18,12,64,8001.45
T001,2027-09-18,13,102,13412.44
T001,2027-09-18,14,127,16424.46
T001,2027-09-18,15,113,14033.96
T001,2027-09-18,16,126,15841.73
T001,2027-09-18,17,126,14852.07
T001,2027-09-18,18,121,15133.18
T001,2027-09-18,19,97,12114.24
T001,2027-09-18,20,87,11139.85
T001,2027-09-18,21,65,7998.93
T001,2027-09-18,22,0,0.0
T001,2027-09-18,23,0,0.0
T005,2027-09-12,0,0,0.0
T005,2027-09-12,1,0,0.0
T005,2027-09-12,2,0,0.0
T005,2027-09-12,3,0,0.0
T005,2027-09-12,4,0,0.0
T005,2027-09-12,5,0,0.0
T005,2027-09-12,6,0,0.0
T005,2027-09-12,7,3,449.8
T005,2027-09-12,8,12,1769.49
T005,2027-09-12,9,22,3023.64
T005,2027-09-12,10,53,7771.78
T005,2027-09-12,11,92,13471.34
T005,2027-09-12,12,110,17624.97
T005,2027-09-12,13,212,32560.39
T005,2027-09-12,14,163,23976.94
T005,2027-09-12,15,211,31405.75
T005,2027-09-12,16,202,29762.41
T005,2027-09-12,17,191,27794.72
T005,2027-09-12,18,174,24195.93
T005,2027-09-12,19,190,27721.63
T005,2027-09-12,20,124,17549.64
T005,2027-09-12,21,121,16676.58
T005,2027-09-12,22,0,0.0
T005,2027-09-12,23,0,0.0
T005,2027-09-13,0,0,0.0
T005,2027-09-13,1,0,0.0
T005,2027-09-13,2,0,0.0
T005,2027-09-13,3,0,0.0
T005,2027-09-13,4,0,0.0
T005,2027-09-13,5,0,0.0
T005,2027-09-13,6,0,0.0
T005,2027-09-13,7,1,139.05
T005,2027-09-13,8,5,747.73
T005,2027-09-13,9,16,2396.83
T005,2027-09-13,10,34,5320.2
T005,2027-09-13,11,48,7444.77
T005,2027-09-13,12,74,10807.09
T005,2027-09-13,13,105,14476.13
T005,2027-09-13,14,124,17938.83
T005,2027-09-13,15,162,24074.9
T005,2027-09-13,16,141,20519.48
T005,2027-09-13,17,125,17845.72
T005,2027-09-13,18,112,16673.73
T005,2027-09-13,19,133,19060.13
T005,2027-09-13,20,107,15236.47
T005,2027-09-13,21,69,10301.91
T005,2027-09-13,22,0,0.0
T005,2027-09-13,23,0,0.0
T005,2027-09-14,0,0,0.0
T005,2027-09-14,1,0,0.0
T005,2027-09-14,2,0,0.0
T005,2027-09-14,3,0,0.0
T005,2027-09-14,4,0,0.0
T005,2027-09-14,5,0,0.0
T005,2027-09-14,6,0,0.0
T005,2027-09-14,7,1,147.23
T005,2027-09-14,8,6,883.45
T005,2027-09-14,9,13,1899.94
T005,2027-09-14,10,33,5145.98
T005,2027-09-14,11,48,6113.59
T005,2027-09-14,12,107,16041.87
T005,2027-09-14,13,119,18860.47
T005,2027-09-14,14,151,20947.28
T005,2027-09-14,15,145,20912.17
T005,2027-09-14,16,156,22070.79
T005,2027-09-14,17,113,15869.68
T005,2027-09-14,18,141,20390.78
T005,2027-09-14,19,112,17640.75
T005,2027-09-14,20,82,13162.62
T005,2027-09-14,21,73,10551.73
T005,2027-09-14,22,0,0.0
T005,2027-09-14,23,0,0.0
T005,2027-09-15,0,0,0.0
T005,2027-09-15,1,0,0.0
T005,2027-09-15,2,0,0.0
T005,2027-09-15,3,0,0.0
T005,2027-09-15,4,0,0.0
T005,2027-09-15,5,0,0.0
T005,2027-09-15,6,0,0.0
T005,2027-09-15,7,3,400.75
T005,2027-09-15,8,10,1501.28
T005,2027-09-15,9,26,3728.75
T005,2027-09-15,10,65,9990.02
T005,2027-09-15,11,96,14164.7
T005,2027-09-15,12,142,21122.0
T005,2027-09-15,13,188,27731.46
T005,2027-09-15,14,226,33814.14
T005,2027-09-15,15,214,32204.48
T005,2027-09-15,16,204,27099.51
T005,2027-09-15,17,225,34165.34
T005,2027-09-15,18,213,29804.33
T005,2027-09-15,19,199,27132.3
T005,2027-09-15,20,150,21914.36
T005,2027-09-15,21,130,19192.03
T005,2027-09-15,22,0,0.0
T005,2027-09-15,23,0,0.0
T005,2027-09-16,0,0,0.0
T005,2027-09-16,1,0,0.0
T005,2027-09-16,2,0,0.0
T005,2027-09-16,3,0,0.0
T005,2027-09-16,4,0,0.0
T005,2027-09-16,5,0,0.0
T005,2027-09-16,6,0,0.0
T005,2027-09-16,7,0,0.0
T005,2027-09-16,8,6,798.64
T005,2027-09-16,9,16,2121.87
T005,2027-09-16,10,33,4848.46
T005,2027-09-16,11,58,8432.59
T005,2027-09-16,12,90,13162.81
T005,2027-09-16,13,111,16295.69
T005,2027-09-16,14,125,18583.96
T005,2027-09-16,15,135,20787.24
T005,2027-09-16,16,133,18466.56
T005,2027-09-16,17,126,17438.26
T005,2027-09-16,18,136,18900.87
T005,2027-09-16,19,125,18642.18
T005,2027-09-16,20,99,15460.32
T005,2027-09-16,21,70,10069.01
T005,2027-09-16,22,0,0.0
T005,2027-09-16,23,0,0.0
T005,2027-09-17,0,0,0.0
T005,2027-09-17,1,0,0.0
T005,2027-09-17,2,0,0.0
T005,2027-09-17,3,0,0.0
T005,2027-09-17,4,0,0.0
T005,2027-09-17,5,0,0.0
T005,2027-09-17,6,0,0.0
T005,2027-09-17,7,2,281.35
T005,2027-09-17,8,4,602.13
T005,2027-09-17,9,13,1764.43
T005,2027-09-17,10,29,4346.47
T005,2027-09-17,11,72,10639.26
T005,2027-09-17,12,95,13863.34
T005,2027-09-17,13,118,18725.25
T005,2027-09-17,14,133,18944.52
T005,2027-09-17,15,127,20594.1
T005,2027-09-17,16,140,20349.92
T005,2027-09-17,17,134,18441.98
T005,2027-09-17,18,126,18588.48
T005,2027-09-17,19,124,17248.71
T005,2027-09-17,20,95,13441.34
T005,2027-09-17,21,80,11994.57
T005,2027-09-17,22,0,0.0
T005,2027-09-17,23,0,0.0
T005,2027-09-18,0,0,0.0
T005,2027-09-18,1,0,0.0
T005,2027-09-18,2,0,0.0
T005,2027-09-18,3,0,0.0
T005,2027-09-18,4,0,0.0
T005,2027-09-18,5,0,0.0
T005,2027-09-18,6,0,0.0
T005,2027-09-18,7,1,140.64
T005,2027-09-18,8,9,1331.01
T005,2027-09-18,9,23,3284.7
T005,2027-09-18,10,47,6852.24
T005,2027-09-18,11,111,17854.23
T005,2027-09-18,12,124,18075.0
T005,2027-09-18,13,191,28660.57
T005,2027-09-18,14,210,30514.33
T005,2027-09-18,15,228,33646.01
T005,2027-09-18,16,195,28676.29
T005,2027-09-18,17,195,29310.29
T005,2027-09-18,18,204,31738.21
T005,2027-09-18,19,154,24504.96
T005,2027-09-18,20,130,19407.65
T005,2027-09-18,21,99,14983.38
T005,2027-09-18,22,0,0.0
T005,2027-09-18,23,0,0.0
T007,2027-09-12,0,0,0.0
T007,2027-09-12,1,0,0.0
T007,2027-09-12,2,0,0.0
T007,2027-09-12,3,0,0.0
T007,2027-09-12,4,0,0.0
T007,2027-09-12,5,0,0.0
T007,2027-09-12,6,0,0.0
T007,2027-09-12,7,4,914.83
T007,2027-09-12,8,14,3257.4
T007,2027-09-12,9,37,8598.96
T007,2027-09-12,10,66,16144.39
T007,2027-09-12,11,107,24322.02
T007,2027-09-12,12,188,44286.18
T007,2027-09-12,13,245,53911.58
T007,2027-09-12,14,259,61305.91
T007,2027-09-12,15,259,59965.27
T007,2027-09-12,16,263,58599.41
T007,2027-09-12,17,270,61765.35
T007,2027-09-12,18,255,58486.39
T007,2027-09-12,19,250,57090.81
T007,2027-09-12,20,171,43090.73
T007,2027-09-12,21,134,30866.99
T007,2027-09-12,22,99,22638.05
T007,2027-09-12,23,0,0.0
T007,2027-09-13,0,0,0.0
T007,2027-09-13,1,0,0.0
T007,2027-09-13,2,0,0.0
T007,2027-09-13,3,0,0.0
T007,2027-09-13,4,0,0.0
T007,2027-09-13,5,0,0.0
T007,2027-09-13,6,0,0.0
T007,2027-09-13,7,2,463.84
T007,2027-09-13,8,6,1382.77
T007,2027-09-13,9,22,5093.75
T007,2027-09-13,10,48,12066.45
T007,2027-09-13,11,96,19645.61
T007,2027-09-13,12,116,24165.5
T007,2027-09-13,13,182,40986.98
T007,2027-09-13,14,182,42161.81
T007,2027-09-13,15,217,51966.68
T007,2027-09-13,16,230,54502.16
T007,2027-09-13,17,184,41775.85
T007,2027-09-13,18,169,41115.18
T007,2027-09-13,19,179,43571.13
T007,2027-09-13,20,141,32940.49
T007,2027-09-13,21,116,28145.36
T007,2027-09-13,22,75,17598.44
T007,2027-09-13,23,0,0.0
T007,2027-09-14,0,0,0.0
T007,2027-09-14,1,0,0.0
T007,2027-09-14,2,0,0.0
T007,2027-09-14,3,0,0.0
T007,2027-09-14,4,0,0.0
T007,2027-09-14,5,0,0.0
T007,2027-09-14,6,0,0.0
T007,2027-09-14,7,3,681.86
T007,2027-09-14,8,6,1371.26
T007,2027-09-14,9,23,4923.0
T007,2027-09-14,10,43,9463.76
T007,2027-09-14,11,80,17722.11
T007,2027-09-14,12,125,32491.7
T007,2027-09-14,13,172,43403.24
T007,2027-09-14,14,200,45344.87
T007,2027-09-14,15,217,49320.16
T007,2027-09-14,16,209,45601.43
T007,2027-09-14,17,213,44603.15
T007,2027-09-14,18,183,42115.13
T007,2027-09-14,19,188,41348.81
T007,2027-09-14,20,162,37342.3
T007,2027-09-14,21,90,19167.17
T007,2027-09-14,22,87,19372.35
T007,2027-09-14,23,0,0.0
T007,2027-09-15,0,0,0.0
T007,2027-09-15,1,0,0.0
T007,2027-09-15,2,0,0.0
T007,2027-09-15,3,0,0.0
T007,2027-09-15,4,0,0.0
T007,2027-09-15,5,0,0.0
T007,2027-09-15,6,1,300.78
T007,2027-09-15,7,4,840.68
T007,2027-09-15,8,17,3850.33
T007,2027-09-15,9,29,6741.57
T007,2027-09-15,10,87,20780.75
T007,2027-09-15,11,155,35559.08
T007,2027-09-15,12,225,56049.51
T007,2027-09-15,13,289,70173.54
T007,2027-09-15,14,298,68030.26
T007,2027-09-15,15,350,83988.31
T007,2027-09-15,16,387,98350.34
T007,2027-09-15,17,277,70382.94
T007,2027-09-15,18,348,75699.18
T007,2027-09-15,19,278,61417.1
T007,2027-09-15,20,205,51078.33
T007,2027-09-15,21,190,41611.96
T007,2027-09-15,22,146,31476.16
T007,2027-09-15,23,0,0.0
T007,2027-09-16,0,0,0.0
T007,2027-09-16,1,0,0.0
T007,2027-09-16,2,0,0.0
T007,2027-09-16,3,0,0.0
T007,2027-09-16,4,0,0.0
T007,2027-09-16,5,0,0.0
T007,2027-09-16,6,0,0.0
T007,2027-09-16,7,3,704.8
T007,2027-09-16,8,8,1934.03
T007,2027-09-16,9,16,3613.27
T007,2027-09-16,10,45,10320.2
T007,2027-09-16,11,73,16295.87
T007,2027-09-16,12,124,24898.94
T007,2027-09-16,13,187,40306.05
T007,2027-09-16,14,160,33685.3
T007,2027-09-16,15,183,37597.35
T007,2027-09-16,16,192,41789.66
T007,2027-09-16,17,219,54054.86
T007,2027-09-16,18,209,48273.95
T007,2027-09-16,19,152,37457.02
T007,2027-09-16,20,149,35200.81
T007,2027-09-16,21,116,27903.55
T007,2027-09-16,22,64,14148.01
T007,2027-09-16,23,0,0.0
T007,2027-09-17,0,0,0.0
T007,2027-09-17,1,0,0.0
T007,2027-09-17,2,0,0.0
T007,2027-09-17,3,0,0.0
T007,2027-09-17,4,0,0.0
T007,2027-09-17,5,0,0.0
T007,2027-09-17,6,0,0.0
T007,2027-09-17,7,2,464.98
T007,2027-09-17,8,7,1646.93
T007,2027-09-17,9,20,4446.34
T007,2027-09-17,10,46,10662.7
T007,2027-09-17,11,73,17380.85
T007,2027-09-17,12,103,24580.48
T007,2027-09-17,13,136,33925.53
T007,2027-09-17,14,218,53686.98
T007,2027-09-17,15,192,42220.93
T007,2027-09-17,16,150,37646.52
T007,2027-09-17,17,179,40336.64
T007,2027-09-17,18,177,43114.37
T007,2027-09-17,19,170,39487.1
T007,2027-09-17,20,144,32647.64
T007,2027-09-17,21,93,19582.73
T007,2027-09-17,22,66,15147.29
T007,2027-09-17,23,0,0.0
T007,2027-09-18,0,0,0.0
T007,2027-09-18,1,0,0.0
T007,2027-09-18,2,0,0.0
T007,2027-09-18,3,0,0.0
T007,2027-09-18,4,0,0.0
T007,2027-09-18,5,0,0.0
T007,2027-09-18,6,0,0.0
T007,2027-09-18,7,3,693.13
T007,2027-09-18,8,18,4529.26
T007,2027-09-18,9,35,7906.8
T007,2027-09-18,10,56,13611.19
T007,2027-09-18,11,135,31403.38
T007,2027-09-18,12,165,39715.65
T007,2027-09-18,13,266,60199.66
T007,2027-09-18,14,276,63732.96
T007,2027-09-18,15,273,62831.85
T007,2027-09-18,16,329,72976.54
T007,2027-09-18,17,301,71985.18
T007,2027-09-18,18,302,72182.97
T007,2027-09-18,19,260,61973.67
T007,2027-09-18,20,201,50105.23
T007,2027-09-18,21,158,39225.96
T007,2027-09-18,22,118,26803.74
T007,2027-09-18,23,0,0.0
T001,2027-09-19,0,0,0.0
T001,2027-09-19,1,0,0.0
T001,2027-09-19,2,0,0.0
T001,2027-09-19,3,0,0.0
T001,2027-09-19,4,0,0.0
T001,2027-09-19,5,0,0.0
T001,2027-09-19,6,0,0.0
T001,2027-09-19,7,0,0.0
T001,2027-09-19,8,4,482.25
T001,2027-09-19,9,8,995.43
T001,2027-09-19,10,26,3429.22
T001,2027-09-19,11,31,3584.94
T001,2027-09-19,12,59,7630.13
T001,2027-09-19,13,102,13064.11
T001,2027-09-19,14,103,12649.92
T001,2027-09-19,15,101,11859.74
T001,2027-09-19,16,102,12957.21
T001,2027-09-19,17,124,15279.77
T001,2027-09-19,18,102,13060.84
T001,2027-09-19,19,121,15332.3
T001,2027-09-19,20,82,11210.4
T001,2027-09-19,21,65,8128.91
T001,2027-09-19,22,0,0.0
T001,2027-09-19,23,0,0.0
T001,2027-09-20,0,0,0.0
T001,2027-09-20,1,0,0.0
T001,2027-09-20,2,0,0.0
T001,2027-09-20,3,0,0.0
T001,2027-09-20,4,0,0.0
T001,2027-09-20,5,0,0.0
T001,2027-09-20,6,0,0.0
T001,2027-09-20,7,0,0.0
T001,2027-09-20,8,2,248.22
T001,2027-09-20,9,8,942.9
T001,2027-09-20,10,18,2350.7
T001,2027-09-20,11,33,4130.56
T001,2027-09-20,12,42,4925.2
T001,2027-09-20,13,51,6127.53
T001,2027-09-20,14,81,10413.29
T001,2027-09-20,15,71,9363.43
T001,2027-09-20,16,64,8909.55
T001,2027-09-20,17,74,10731.19
T001,2027-09-20,18,79,10206.61
T001,2027-09-20,19,56,6737.49
T001,2027-09-20,20,59,6671.82
T001,2027-09-20,21,48,6156.92
T001,2027-09-20,22,0,0.0
T001,2027-09-20,23,0,0.0
T001,2027-09-21,0,0,0.0
T001,2027-09-21,1,0,0.0
T001,2027-09-21,2,0,0.0
T001,2027-09-21,3,0,0.0
T001,2027-09-21,4,0,0.0
T001,2027-09-21,5,0,0.0
T001,2027-09-21,6,0,0.0
T001,2027-09-21,7,0,0.0
T001,2027-09-21,8,3,378.7
T001,2027-09-21,9,8,1102.11
T001,2027-09-21,10,18,2293.19
T001,2027-09-21,11,32,4249.42
T001,2027-09-21,12,47,5800.51
T001,2027-09-21,13,70,8335.3
T001,2027-09-21,14,72,8673.62
T001,2027-09-21,15,70,8538.96
T001,2027-09-21,16,72,10083.28
T001,2027-09-21,17,77,9346.0
T001,2027-09-21,18,69,9099.83
T001,2027-09-21,19,67,8097.66
T001,2027-09-21,20,59,7815.77
T001,2027-09-21,21,42,5418.47
T001,2027-09-21,22,0,0.0
T001,2027-09-21,23,0,0.0
T001,2027-09-22,0,0,0.0
T001,2027-09-22,1,0,0.0
T001,2027-09-22,2,0,0.0
T001,2027-09-22,3,0,0.0
T001,2027-09-22,4,0,0.0
T001,2027-09-22,5,0,0.0
T001,2027-09-22,6,0,0.0
T001,2027-09-22,7,0,0.0
T001,2027-09-22,8,2,251.65
T001,2027-09-22,9,7,898.69
T001,2027-09-22,10,17,2292.29
T001,2027-09-22,11,35,4478.72
T001,2027-09-22,12,49,6074.74
T001,2027-09-22,13,66,8816.04
T001,2027-09-22,14,55,7110.86
T001,2027-09-22,15,74,10085.78
T001,2027-09-22,16,66,8430.48
T001,2027-09-22,17,65,7723.66
T001,2027-09-22,18,67,7900.39
T001,2027-09-22,19,72,9865.67
T001,2027-09-22,20,61,8386.5
T001,2027-09-22,21,43,5393.87
T001,2027-09-22,22,0,0.0
T001,2027-09-22,23,0,0.0
T001,2027-09-23,0,0,0.0
T001,2027-09-23,1,0,0.0
T001,2027-09-23,2,0,0.0
T001,2027-09-23,3,0,0.0
T001,2027-09-23,4,0,0.0
T001,2027-09-23,5,0,0.0
T001,2027-09-23,6,0,0.0
T001,2027-09-23,7,0,0.0
T001,2027-09-23,8,3,381.44
T001,2027-09-23,9,8,1045.2
T001,2027-09-23,10,16,1817.6
T001,2027-09-23,11,27,3409.2
T001,2027-09-23,12,49,5940.68
T001,2027-09-23,13,62,7369.41
T001,2027-09-23,14,67,8108.16
T001,2027-09-23,15,77,9583.45
T001,2027-09-23,16,62,8207.03
T001,2027-09-23,17,73,8627.18
T001,2027-09-23,18,65,8239.97
T001,2027-09-23,19,75,9263.31
T001,2027-09-23,20,44,5478.05
T001,2027-09-23,21,48,6380.22
T001,2027-09-23,22,0,0.0
T001,2027-09-23,23,0,0.0
T001,2027-09-24,0,0,0.0
T001,2027-09-24,1,0,0.0
T001,2027-09-24,2,0,0.0
T001,2027-09-24,3,0,0.0
T001,2027-09-24,4,0,0.0
T001,2027-09-24,5,0,0.0
T001,2027-09-24,6,0,0.0
T001,2027-09-24,7,0,0.0
T001,2027-09-24,8,2,285.01
T001,2027-09-24,9,8,1107.62
T001,2027-09-24,10,19,2302.32
T001,2027-09-24,11,32,3992.2
T001,2027-09-24,12,47,5513.72
T001,2027-09-24,13,54,6633.17
T001,2027-09-24,14,67,8614.35
T001,2027-09-24,15,71,9528.66
T001,2027-09-24,16,71,8659.21
T001,2027-09-24,17,81,9917.24
T001,2027-09-24,18,75,8473.9
T001,2027-09-24,19,82,10294.73
T001,2027-09-24,20,50,5992.56
T001,2027-09-24,21,46,5668.32
T001,2027-09-24,22,0,0.0
T001,2027-09-24,23,0,0.0
T001,2027-09-25,0,0,0.0
T001,2027-09-25,1,0,0.0
T001,2027-09-25,2,0,0.0
T001,2027-09-25,3,0,0.0
T001,2027-09-25,4,0,0.0
T001,2027-09-25,5,0,0.0
T001,2027-09-25,6,0,0.0
T001,2027-09-25,7,0,0.0
T001,2027-09-25,8,5,621.22
T001,2027-09-25,9,12,1544.84
T001,2027-09-25,10,29,3987.95
T001,2027-09-25,11,47,5655.48
T001,2027-09-25,12,64,8001.45
T001,2027-09-25,13,113,14858.88
T001,2027-09-25,14,130,16812.44
T001,2027-09-25,15,118,14654.93
T001,2027-09-25,16,116,14584.45
T001,2027-09-25,17,121,14262.7
T001,2027-09-25,18,118,14757.98
T001,2027-09-25,19,105,13113.35
T001,2027-09-25,20,91,11652.03
T001,2027-09-25,21,65,7998.93
T001,2027-09-25,22,0,0.0
T001,2027-09-25,23,0,0.0
T005,2027-09-19,0,0,0.0
T005,2027-09-19,1,0,0.0
T005,2027-09-19,2,0,0.0
T005,2027-09-19,3,0,0.0
T005,2027-09-19,4,0,0.0
T005,2027-09-19,5,0,0.0
T005,2027-09-19,6,0,0.0
T005,2027-09-19,7,2,299.86
T005,2027-09-19,8,11,1622.03
T005,2027-09-19,9,23,3161.08
T005,2027-09-19,10,53,7771.78
T005,2027-09-19,11,96,14057.05
T005,2027-09-19,12,112,17945.42
T005,2027-09-19,13,219,33635.5
T005,2027-09-19,14,156,22947.26
T005,2027-09-19,15,232,34531.44
T005,2027-09-19,16,226,33298.54
T005,2027-09-19,17,212,30850.69
T005,2027-09-19,18,205,28506.7
T005,2027-09-19,19,206,30056.09
T005,2027-09-19,20,121,17125.05
T005,2027-09-19,21,112,15436.18
T005,2027-09-19,22,0,0.0
T005,2027-09-19,23,0,0.0
T005,2027-09-20,0,0,0.0
T005,2027-09-20,1,0,0.0
T005,2027-09-20,2,0,0.0
T005,2027-09-20,3,0,0.0
T005,2027-09-20,4,0,0.0
T005,2027-09-20,5,0,0.0
T005,2027-09-20,6,0,0.0
T005,2027-09-20,7,0,0.0
T005,2027-09-20,8,4,598.19
T005,2027-09-20,9,15,2247.02
T005,2027-09-20,10,37,5789.63
T005,2027-09-20,11,45,6979.47
T005,2027-09-20,12,74,10807.09
T005,2027-09-20,13,137,18887.9
T005,2027-09-20,14,130,18806.84
T005,2027-09-20,15,138,20508.25
T005,2027-09-20,16,144,20956.06
T005,2027-09-20,17,128,18274.02
T005,2027-09-20,18,112,16673.73
T005,2027-09-20,19,132,18916.82
T005,2027-09-20,20,100,14239.7
T005,2027-09-20,21,75,11197.73
T005,2027-09-20,22,0,0.0
T005,2027-09-20,23,0,0.0
T005,2027-09-21,0,0,0.0
T005,2027-09-21,1,0,0.0
T005,2027-09-21,2,0,0.0
T005,2027-09-21,3,0,0.0
T005,2027-09-21,4,0,0.0
T005,2027-09-21,5,0,0.0
T005,2027-09-21,6,0,0.0
T005,2027-09-21,7,0,0.0
T005,2027-09-21,8,6,883.45
T005,2027-09-21,9,14,2046.09
T005,2027-09-21,10,37,5769.74
T005,2027-09-21,11,52,6623.06
T005,2027-09-21,12,93,13942.94
T005,2027-09-21,13,134,21237.84
T005,2027-09-21,14,148,20531.11
T005,2027-09-21,15,142,20479.5
T005,2027-09-21,16,150,21221.91
T005,2027-09-21,17,103,14465.28
T005,2027-09-21,18,132,19089.24
T005,2027-09-21,19,111,17483.24
T005,2027-09-21,20,79,12681.06
T005,2027-09-21,21,66,9539.92
T005,2027-09-21,22,0,0.0
T005,2027-09-21,23,0,0.0
T005,2027-09-22,0,0,0.0
T005,2027-09-22,1,0,0.0
T005,2027-09-22,2,0,0.0
T005,2027-09-22,3,0,0.0
T005,2027-09-22,4,0,0.0
T005,2027-09-22,5,0,0.0
T005,2027-09-22,6,0,0.0
T005,2027-09-22,7,1,154.14
T005,2027-09-22,8,6,866.12
T005,2027-09-22,9,16,2294.62
T005,2027-09-22,10,37,5686.62
T005,2027-09-22,11,53,7803.84
T005,2027-09-22,12,91,13564.59
T005,2027-09-22,13,116,17065.51
T005,2027-09-22,14,124,18536.49
T005,2027-09-22,15,144,21619.79
T005,2027-09-22,16,135,17924.71
T005,2027-09-22,17,128,19444.92
T005,2027-09-22,18,113,15796.85
T005,2027-09-22,19,120,16369.41
T005,2027-09-22,20,87,12752.84
T005,2027-09-22,21,85,12548.63
T005,2027-09-22,22,0,0.0
T005,2027-09-22,23,0,0.0
T005,2027-09-23,0,0,0.0
T005,2027-09-23,1,0,0.0
T005,2027-09-23,2,0,0.0
T005,2027-09-23,3,0,0.0
T005,2027-09-23,4,0,0.0
T005,2027-09-23,5,0,0.0
T005,2027-09-23,6,0,0.0
T005,2027-09-23,7,1,147.48
T005,2027-09-23,8,6,798.64
T005,2027-09-23,9,16,2121.87
T005,2027-09-23,10,34,4995.39
T005,2027-09-23,11,60,8723.36
T005,2027-09-23,12,106,15502.87
T005,2027-09-23,13,112,16442.49
T005,2027-09-23,14,112,16651.23
T005,2027-09-23,15,136,20941.22
T005,2027-09-23,16,136,18883.1
T005,2027-09-23,17,129,17853.46
T005,2027-09-23,18,141,19595.76
T005,2027-09-23,19,132,19686.14
T005,2027-09-23,20,92,14367.17
T005,2027-09-23,21,67,9637.48
T005,2027-09-23,22,0,0.0
T005,2027-09-23,23,0,0.0
T005,2027-09-24,0,0,0.0
T005,2027-09-24,1,0,0.0
T005,2027-09-24,2,0,0.0
T005,2027-09-24,3,0,0.0
T005,2027-09-24,4,0,0.0
T005,2027-09-24,5,0,0.0
T005,2027-09-24,6,0,0.0
T005,2027-09-24,7,1,140.68
T005,2027-09-24,8,5,752.67
T005,2027-09-24,9,14,1900.16
T005,2027-09-24,10,30,4496.35
T005,2027-09-24,11,62,9161.59
T005,2027-09-24,12,94,13717.41
T005,2027-09-24,13,106,16820.99
T005,2027-09-24,14,135,19229.4
T005,2027-09-24,15,119,19296.83
T005,2027-09-24,16,143,20785.99
T005,2027-09-24,17,136,18717.24
T005,2027-09-24,18,117,17260.73
T005,2027-09-24,19,140,19474.36
T005,2027-09-24,20,103,14573.24
T005,2027-09-24,21,72,10795.11
T005,2027-09-24,22,0,0.0
T005,2027-09-24,23,0,0.0
T005,2027-09-25,0,0,0.0
T005,2027-09-25,1,0,0.0
T005,2027-09-25,2,0,0.0
T005,2027-09-25,3,0,0.0
T005,2027-09-25,4,0,0.0
T005,2027-09-25,5,0,0.0
T005,2027-09-25,6,0,0.0
T005,2027-09-25,7,1,140.64
T005,2027-09-25,8,8,1183.12
T005,2027-09-25,9,21,2999.08
T005,2027-09-25,10,48,6998.03
T005,2027-09-25,11,100,16084.89
T005,2027-09-25,12,142,20698.79
T005,2027-09-25,13,194,29110.73
T005,2027-09-25,14,200,29061.27
T005,2027-09-25,15,195,28776.19
T005,2027-09-25,16,185,27205.71
T005,2027-09-25,17,205,30813.38
T005,2027-09-25,18,187,29093.36
T005,2027-09-25,19,144,22913.73
T005,2027-09-25,20,145,21646.99
T005,2027-09-25,21,124,18767.06
T005,2027-09-25,22,0,0.0
T005,2027-09-25,23,0,0.0
T007,2027-09-19,0,0,0.0
T007,2027-09-19,1,0,0.0
T007,2027-09-19,2,0,0.0
T007,2027-09-19,3,0,0.0
T007,2027-09-19,4,0,0.0
T007,2027-09-19,5,0,0.0
T007,2027-09-19,6,0,0.0
T007,2027-09-19,7,3,686.12
T007,2027-09-19,8,14,3257.4
T007,2027-09-19,9,38,8831.37
T007,2027-09-19,10,64,15655.16
T007,2027-09-19,11,109,24776.64
T007,2027-09-19,12,192,45228.44
T007,2027-09-19,13,252,55451.91
T007,2027-09-19,14,253,59885.69
T007,2027-09-19,15,271,62743.58
T007,2027-09-19,16,288,64169.69
T007,2027-09-19,17,276,63137.91
T007,2027-09-19,18,264,60550.62
T007,2027-09-19,19,269,61429.71
T007,2027-09-19,20,169,42586.74
T007,2027-09-19,21,127,29254.54
T007,2027-09-19,22,107,24467.39
T007,2027-09-19,23,0,0.0
T007,2027-09-20,0,0,0.0
T007,2027-09-20,1,0,0.0
T007,2027-09-20,2,0,0.0
T007,2027-09-20,3,0,0.0
T007,2027-09-20,4,0,0.0
T007,2027-09-20,5,0,0.0
T007,2027-09-20,6,0,0.0
T007,2027-09-20,7,3,695.76
T007,2027-09-20,8,7,1613.24
T007,2027-09-20,9,23,5325.28
T007,2027-09-20,10,46,11563.68
T007,2027-09-20,11,94,19236.33
T007,2027-09-20,12,112,23332.2
T007,2027-09-20,13,189,42563.41
T007,2027-09-20,14,181,41930.15
T007,2027-09-20,15,222,53164.06
T007,2027-09-20,16,201,47630.15
T007,2027-09-20,17,205,46543.75
T007,2027-09-20,18,179,43548.03
T007,2027-09-20,19,166,40406.75
T007,2027-09-20,20,139,32473.25
T007,2027-09-20,21,113,27417.47
T007,2027-09-20,22,69,16190.57
T007,2027-09-20,23,0,0.0
T007,2027-09-21,0,0,0.0
T007,2027-09-21,1,0,0.0
T007,2027-09-21,2,0,0.0
T007,2027-09-21,3,0,0.0
T007,2027-09-21,4,0,0.0
T007,2027-09-21,5,0,0.0
T007,2027-09-21,6,0,0.0
T007,2027-09-21,7,2,454.57
T007,2027-09-21,8,6,1371.26
T007,2027-09-21,9,26,5565.13
T007,2027-09-21,10,43,9463.76
T007,2027-09-21,11,85,18829.74
T007,2027-09-21,12,134,34831.11
T007,2027-09-21,13,166,41889.17
T007,2027-09-21,14,185,41944.0
T007,2027-09-21,15,207,47047.34
T007,2027-09-21,16,219,47783.32
T007,2027-09-21,17,223,46697.2
T007,2027-09-21,18,189,43495.95
T007,2027-09-21,19,199,43768.16
T007,2027-09-21,20,136,31349.09
T007,2027-09-21,21,89,18954.2
T007,2027-09-21,22,93,20708.37
T007,2027-09-21,23,0,0.0
T007,2027-09-22,0,0,0.0
T007,2027-09-22,1,0,0.0
T007,2027-09-22,2,0,0.0
T007,2027-09-22,3,0,0.0
T007,2027-09-22,4,0,0.0
T007,2027-09-22,5,0,0.0
T007,2027-09-22,6,0,0.0
T007,2027-09-22,7,3,646.68
T007,2027-09-22,8,9,2050.47
T007,2027-09-22,9,17,4007.22
T007,2027-09-22,10,49,11690.66
T007,2027-09-22,11,91,20917.1
T007,2027-09-22,12,116,28909.49
T007,2027-09-22,13,162,39390.56
T007,2027-09-22,14,171,39076.83
T007,2027-09-22,15,199,47794.32
T007,2027-09-22,16,224,56867.52
T007,2027-09-22,17,143,36348.0
T007,2027-09-22,18,196,42586.22
T007,2027-09-22,19,163,35984.86
T007,2027-09-22,20,133,33074.09
T007,2027-09-22,21,110,24116.52
T007,2027-09-22,22,82,17726.96
T007,2027-09-22,23,0,0.0
T007,2027-09-23,0,0,0.0
T007,2027-09-23,1,0,0.0
T007,2027-09-23,2,0,0.0
T007,2027-09-23,3,0,0.0
T007,2027-09-23,4,0,0.0
T007,2027-09-23,5,0,0.0
T007,2027-09-23,6,0,0.0
T007,2027-09-23,7,2,469.87
T007,2027-09-23,8,8,1934.03
T007,2027-09-23,9,18,4064.93
T007,2027-09-23,10,50,11466.89
T007,2027-09-23,11,76,16965.56
T007,2027-09-23,12,128,25702.13
T007,2027-09-23,13,176,37935.1
T007,2027-09-23,14,164,34527.43
T007,2027-09-23,15,219,44993.55
T007,2027-09-23,16,172,37436.57
T007,2027-09-23,17,199,49118.35
T007,2027-09-23,18,198,45733.21
T007,2027-09-23,19,145,35732.03
T007,2027-09-23,20,149,35200.81
T007,2027-09-23,21,118,28384.65
T007,2027-09-23,22,67,14811.2
T007,2027-09-23,23,0,0.0
T007,2027-09-24,0,0,0.0
T007,2027-09-24,1,0,0.0
T007,2027-09-24,2,0,0.0
T007,2027-09-24,3,0,0.0
T007,2027-09-24,4,0,0.0
T007,2027-09-24,5,0,0.0
T007,2027-09-24,6,0,0.0
T007,2027-09-24,7,3,697.47
T007,2027-09-24,8,7,1646.93
T007,2027-09-24,9,22,4890.98
T007,2027-09-24,10,46,10662.7
T007,2027-09-24,11,76,18095.13
T007,2027-09-24,12,116,27682.87
T007,2027-09-24,13,149,37168.41
T007,2027-09-24,14,191,47037.68
T007,2027-09-24,15,202,44419.94
T007,2027-09-24,16,154,38650.43
T007,2027-09-24,17,189,42590.08
T007,2027-09-24,18,192,46768.13
T007,2027-09-24,19,149,34609.28
T007,2027-09-24,20,147,33327.8
T007,2027-09-24,21,93,19582.73
T007,2027-09-24,22,68,15606.3
T007,2027-09-24,23,0,0.0
T007,2027-09-25,0,0,0.0
T007,2027-09-25,1,0,0.0
T007,2027-09-25,2,0,0.0
T007,2027-09-25,3,0,0.0
T007,2027-09-25,4,0,0.0
T007,2027-09-25,5,0,0.0
T007,2027-09-25,6,0,0.0
T007,2027-09-25,7,4,924.18
T007,2027-09-25,8,18,4529.26
T007,2027-09-25,9,34,7680.89
T007,2027-09-25,10,56,13611.19
T007,2027-09-25,11,131,30472.91
T007,2027-09-25,12,170,40919.15
T007,2027-09-25,13,272,61557.55
T007,2027-09-25,14,299,69044.04
T007,2027-09-25,15,299,68815.84
T007,2027-09-25,16,336,74529.23
T007,2027-09-25,17,299,71506.87
T007,2027-09-25,18,286,68358.71
T007,2027-09-25,19,265,63165.47
T007,2027-09-25,20,192,47861.72
T007,2027-09-25,21,176,43694.75
T007,2027-09-25,22,122,27712.34
T007,2027-09-25,23,0,0.0
T001,2027-09-26,0,0,0.0
T001,2027-09-26,1,0,0.0
T001,2027-09-26,2,0,0.0
T001,2027-09-26,3,0,0.0
T001,2027-09-26,4,0,0.0
T001,2027-09-26,5,0,0.0
T001,2027-09-26,6,0,0.0
T001,2027-09-26,7,0,0.0
T001,2027-09-26,8,5,602.81
T001,2027-09-26,9,9,1119.86
T001,2027-09-26,10,27,3561.11
T001,2027-09-26,11,30,3469.3
T001,2027-09-26,12,63,8147.43
T001,2027-09-26,13,94,12039.47
T001,2027-09-26,14,110,13509.62
T001,2027-09-26,15,99,11624.9
T001,2027-09-26,16,108,13719.39
T001,2027-09-26,17,108,13308.18
T001,2027-09-26,18,99,12676.7
T001,2027-09-26,19,121,15332.3
T001,2027-09-26,20,83,11347.11
T001,2027-09-26,21,64,8003.85
T001,2027-09-26,22,0,0.0
T001,2027-09-26,23,0,0.0
T001,2027-09-27,0,0,0.0
T001,2027-09-27,1,0,0.0
T001,2027-09-27,2,0,0.0
T001,2027-09-27,3,0,0.0
T001,2027-09-27,4,0,0.0
T001,2027-09-27,5,0,0.0
T001,2027-09-27,6,0,0.0
T001,2027-09-27,7,0,0.0
T001,2027-09-27,8,2,248.22
T001,2027-09-27,9,8,942.9
T001,2027-09-27,10,18,2350.7
T001,2027-09-27,11,32,4005.39
T001,2027-09-27,12,46,5394.26
T001,2027-09-27,13,62,7449.15
T001,2027-09-27,14,81,10413.29
T001,2027-09-27,15,70,9231.55
T001,2027-09-27,16,62,8631.13
T001,2027-09-27,17,71,10296.14
T001,2027-09-27,18,72,9302.23
T001,2027-09-27,19,56,6737.49
T001,2027-09-27,20,55,6219.5
T001,2027-09-27,21,43,5515.58
T001,2027-09-27,22,0,0.0
T001,2027-09-27,23,0,0.0
T001,2027-09-28,0,0,0.0
T001,2027-09-28,1,0,0.0
T001,2027-09-28,2,0,0.0
T001,2027-09-28,3,0,0.0
T001,2027-09-28,4,0,0.0
T001,2027-09-28,5,0,0.0
T001,2027-09-28,6,0,0.0
T001,2027-09-28,7,0,0.0
T001,2027-09-28,8,2,252.47
T001,2027-09-28,9,8,1102.11
T001,2027-09-28,10,21,2675.39
T001,2027-09-28,11,31,4116.63
T001,2027-09-28,12,48,5923.92
T001,2027-09-28,13,62,7382.7
T001,2027-09-28,14,72,8673.62
T001,2027-09-28,15,65,7929.04
T001,2027-09-28,16,74,10363.37
T001,2027-09-28,17,77,9346.0
T001,2027-09-28,18,67,8836.06
T001,2027-09-28,19,61,7372.49
T001,2027-09-28,20,65,8610.59
T001,2027-09-28,21,40,5160.45
T001,2027-09-28,22,0,0.0
T001,2027-09-28,23,0,0.0
T001,2027-09-29,0,0,0.0
T001,2027-09-29,1,0,0.0
T001,2027-09-29,2,0,0.0
T001,2027-09-29,3,0,0.0
T001,2027-09-29,4,0,0.0
T001,2027-09-29,5,0,0.0
T001,2027-09-29,6,0,0.0
T001,2027-09-29,7,0,0.0
T001,2027-09-29,8,2,251.65
T001,2027-09-29,9,8,1027.07
T001,2027-09-29,10,18,2427.13
T001,2027-09-29,11,32,4094.83
T001,2027-09-29,12,47,5826.79
T001,2027-09-29,13,70,9350.35
T001,2027-09-29,14,55,7110.86
T001,2027-09-29,15,72,9813.19
T001,2027-09-29,16,56,7153.14
T001,2027-09-29,17,68,8080.14
T001,2027-09-29,18,72,8489.97
T001,2027-09-29,19,72,9865.67
T001,2027-09-29,20,58,7974.05
T001,2027-09-29,21,43,5393.87
T001,2027-09-29,22,0,0.0
T001,2027-09-29,23,0,0.0
T001,2027-09-30,0,0,0.0
T001,2027-09-30,1,0,0.0
T001,2027-09-30,2,0,0.0
T001,2027-09-30,3,0,0.0
T001,2027-09-30,4,0,0.0
T001,2027-09-30,5,0,0.0
T001,2027-09-30,6,0,0.0
T001,2027-09-30,7,0,0.0
T001,2027-09-30,8,5,635.74
T001,2027-09-30,9,11,1437.15
T001,2027-09-30,10,22,2499.2
T001,2027-09-30,11,37,4671.86
T001,2027-09-30,12,62,7516.78
T001,2027-09-30,13,91,10816.39
T001,2027-09-30,14,88,10649.53
T001,2027-09-30,15,113,14064.02
T001,2027-09-30,16,89,11781.06
T001,2027-09-30,17,102,12054.42
T001,2027-09-30,18,94,11916.27
T001,2027-09-30,19,103,12721.61
T001,2027-09-30,20,64,7968.08
T001,2027-09-30,21,60,7975.27
T001,2027-09-30,22,0,0.0
T001,2027-09-30,23,0,0.0
T001,2027-10-01,0,0,0.0
T001,2027-10-01,1,0,0.0
T001,2027-10-01,2,0,0.0
T001,2027-10-01,3,0,0.0
T001,2027-10-01,4,0,0.0
T001,2027-10-01,5,0,0.0
T001,2027-10-01,6,0,0.0
T001,2027-10-01,7,0,0.0
T001,2027-10-01,8,2,285.01
T001,2027-10-01,9,8,1107.62
T001,2027-10-01,10,18,2181.15
T001,2027-10-01,11,32,3992.2
T001,2027-10-01,12,45,5279.09
T001,2027-10-01,13,55,6756.01
T001,2027-10-01,14,75,9642.92
T001,2027-10-01,15,61,8186.6
T001,2027-10-01,16,78,9512.94
T001,2027-10-01,17,75,9182.63
T001,2027-10-01,18,76,8586.88
T001,2027-10-01,19,76,9541.46
T001,2027-10-01,20,52,6232.26
T001,2027-10-01,21,48,5914.76
T001,2027-10-01,22,0,0.0
T001,2027-10-01,23,0,0.0
T001,2027-10-02,0,0,0.0
T001,2027-10-02,1,0,0.0
T001,2027-10-02,2,0,0.0
T001,2027-10-02,3,0,0.0
T001,2027-10-02,4,0,0.0
T001,2027-10-02,5,0,0.0
T001,2027-10-02,6,0,0.0
T001,2027-10-02,7,0,0.0
T001,2027-10-02,8,5,621.22
T001,2027-10-02,9,13,1673.58
T001,2027-10-02,10,28,3850.43
T001,2027-10-02,11,51,6136.8
T001,2027-10-02,12,73,9126.65
T001,2027-10-02,13,104,13675.43
T001,2027-10-02,14,121,15648.5
T001,2027-10-02,15,119,14779.13
T001,2027-10-02,16,119,14961.63
T001,2027-10-02,17,113,13319.71
T001,2027-10-02,18,108,13507.3
T001,2027-10-02,19,98,12239.13
T001,2027-10-02,20,87,11139.85
T001,2027-10-02,21,67,8245.05
T001,2027-10-02,22,0,0.0
T001,2027-10-02,23,0,0.0
T005,2027-09-26,0,0,0.0
T005,2027-09-26,1,0,0.0
T005,2027-09-26,2,0,0.0
T005,2027-09-26,3,0,0.0
T005,2027-09-26,4,0,0.0
T005,2027-09-26,5,0,0.0
T005,2027-09-26,6,0,0.0
T005,2027-09-26,7,2,299.86
T005,2027-09-26,8,10,1474.58
T005,2027-09-26,9,20,2748.77
T005,2027-09-26,10,53,7771.78
T005,2027-09-26,11,95,13910.62
T005,2027-09-26,12,111,17785.19
T005,2027-09-26,13,207,31792.46
T005,2027-09-26,14,174,25595.02
T005,2027-09-26,15,224,33340.7
T005,2027-09-26,16,205,30204.43
T005,2027-09-26,17,197,28667.86
T005,2027-09-26,18,189,26281.79
T005,2027-09-26,19,187,27283.92
T005,2027-09-26,20,132,18681.87
T005,2027-09-26,21,116,15987.47
T005,2027-09-26,22,0,0.0
T005,2027-09-26,23,0,0.0
T005,2027-09-27,0,0,0.0
T005,2027-09-27,1,0,0.0
T005,2027-09-27,2,0,0.0
T005,2027-09-27,3,0,0.0
T005,2027-09-27,4,0,0.0
T005,2027-09-27,5,0,0.0
T005,2027-09-27,6,0,0.0
T005,2027-09-27,7,1,139.05
T005,2027-09-27,8,4,598.19
T005,2027-09-27,9,16,2396.83
T005,2027-09-27,10,33,5163.72
T005,2027-09-27,11,49,7599.86
T005,2027-09-27,12,76,11099.17
T005,2027-09-27,13,127,17509.22
T005,2027-09-27,14,117,16926.16
T005,2027-09-27,15,136,20211.02
T005,2027-09-27,16,149,21683.71
T005,2027-09-27,17,118,16846.36
T005,2027-09-27,18,106,15780.49
T005,2027-09-27,19,145,20779.84
T005,2027-09-27,20,99,14097.3
T005,2027-09-27,21,70,10451.21
T005,2027-09-27,22,0,0.0
T005,2027-09-27,23,0,0.0
T005,2027-09-28,0,0,0.0
T005,2027-09-28,1,0,0.0
T005,2027-09-28,2,0,0.0
T005,2027-09-28,3,0,0.0
T005,2027-09-28,4,0,0.0
T005,2027-09-28,5,0,0.0
T005,2027-09-28,6,0,0.0
T005,2027-09-28,7,0,0.0
T005,2027-09-28,8,6,883.45
T005,2027-09-28,9,14,2046.09
T005,2027-09-28,10,36,5613.8
T005,2027-09-28,11,49,6240.96
T005,2027-09-28,12,99,14842.48
T005,2027-09-28,13,126,19969.91
T005,2027-09-28,14,161,22334.52
T005,2027-09-28,15,136,19614.17
T005,2027-09-28,16,152,21504.87
T005,2027-09-28,17,121,16993.19
T005,2027-09-28,18,138,19956.93
T005,2027-09-28,19,120,18900.8
T005,2027-09-28,20,82,13162.62
T005,2027-09-28,21,74,10696.28
T005,2027-09-28,22,0,0.0
T005,2027-09-28,23,0,0.0
T005,2027-09-29,0,0,0.0
T005,2027-09-29,1,0,0.0
T005,2027-09-29,2,0,0.0
T005,2027-09-29,3,0,0.0
T005,2027-09-29,4,0,0.0
T005,2027-09-29,5,0,0.0
T005,2027-09-29,6,0,0.0
T005,2027-09-29,7,1,154.14
T005,2027-09-29,8,5,721.77
T005,2027-09-29,9,16,2294.62
T005,2027-09-29,10,36,5532.93
T005,2027-09-29,11,50,7362.11
T005,2027-09-29,12,91,13564.59
T005,2027-09-29,13,108,15888.58
T005,2027-09-29,14,128,19134.44
T005,2027-09-29,15,136,20418.7
T005,2027-09-29,16,144,19119.69
T005,2027-09-29,17,136,20660.23
T005,2027-09-29,18,128,17893.78
T005,2027-09-29,19,132,18006.36
T005,2027-09-29,20,82,12019.91
T005,2027-09-29,21,71,10481.8
T005,2027-09-29,22,0,0.0
T005,2027-09-29,23,0,0.0
T005,2027-09-30,0,0,0.0
T005,2027-09-30,1,0,0.0
T005,2027-09-30,2,0,0.0
T005,2027-09-30,3,0,0.0
T005,2027-09-30,4,0,0.0
T005,2027-09-30,5,0,0.0
T005,2027-09-30,6,0,0.0
T005,2027-09-30,7,2,294.95
T005,2027-09-30,8,9,1197.96
T005,2027-09-30,9,20,2652.33
T005,2027-09-30,10,49,7199.23
T005,2027-09-30,11,78,11340.37
T005,2027-09-30,12,122,17842.92
T005,2027-09-30,13,147,21580.77
T005,2027-09-30,14,161,23936.14
T005,2027-09-30,15,187,28794.18
T005,2027-09-30,16,186,25825.41
T005,2027-09-30,17,167,23112.61
T005,2027-09-30,18,186,25849.72
T005,2027-09-30,19,182,27143.01
T005,2027-09-30,20,116,18115.13
T005,2027-09-30,21,105,15103.52
T005,2027-09-30,22,0,0.0
T005,2027-09-30,23,0,0.0
T005,2027-10-01,0,0,0.0
T005,2027-10-01,1,0,0.0
T005,2027-10-01,2,0,0.0
T005,2027-10-01,3,0,0.0
T005,2027-10-01,4,0,0.0
T005,2027-10-01,5,0,0.0
T005,2027-10-01,6,0,0.0
T005,2027-10-01,7,2,281.35
T005,2027-10-01,8,5,752.67
T005,2027-10-01,9,14,1900.16
T005,2027-10-01,10,33,4945.98
T005,2027-10-01,11,65,9604.89
T005,2027-10-01,12,99,14447.06
T005,2027-10-01,13,107,16979.68
T005,2027-10-01,14,134,19086.96
T005,2027-10-01,15,132,21404.89
T005,2027-10-01,16,153,22239.56
T005,2027-10-01,17,124,17065.71
T005,2027-10-01,18,132,19473.65
T005,2027-10-01,19,120,16692.3
T005,2027-10-01,20,99,14007.29
T005,2027-10-01,21,77,11544.77
T005,2027-10-01,22,0,0.0
T005,2027-10-01,23,0,0.0
T005,2027-10-02,0,0,0.0
T005,2027-10-02,1,0,0.0
T005,2027-10-02,2,0,0.0
T005,2027-10-02,3,0,0.0
T005,2027-10-02,4,0,0.0
T005,2027-10-02,5,0,0.0
T005,2027-10-02,6,0,0.0
T005,2027-10-02,7,1,140.64
T005,2027-10-02,8,8,1183.12
T005,2027-10-02,9,24,3427.52
T005,2027-10-02,10,47,6852.24
T005,2027-10-02,11,98,15763.2
T005,2027-10-02,12,141,20553.02
T005,2027-10-02,13,209,31361.56
T005,2027-10-02,14,207,30078.41
T005,2027-10-02,15,211,31137.32
T005,2027-10-02,16,188,27646.89
T005,2027-10-02,17,182,27356.27
T005,2027-10-02,18,171,26604.09
T005,2027-10-02,19,153,24345.84
T005,2027-10-02,20,128,19109.07
T005,2027-10-02,21,110,16648.2
T005,2027-10-02,22,0,0.0
T005,2027-10-02,23,0,0.0
T007,2027-09-26,0,0,0.0
T007,2027-09-26,1,0,0.0
T007,2027-09-26,2,0,0.0
T007,2027-09-26,3,0,0.0
T007,2027-09-26,4,0,0.0
T007,2027-09-26,5,0,0.0
T007,2027-09-26,6,0,0.0
T007,2027-09-26,7,4,914.83
T007,2027-09-26,8,13,3024.72
T007,2027-09-26,9,35,8134.15
T007,2027-09-26,10,68,16633.61
T007,2027-09-26,11,109,24776.64
T007,2027-09-26,12,198,46641.82
T007,2027-09-26,13,258,56772.2
T007,2027-09-26,14,222,52547.92
T007,2027-09-26,15,269,62280.53
T007,2027-09-26,16,294,65506.56
T007,2027-09-26,17,283,64739.23
T007,2027-09-26,18,252,57798.32
T007,2027-09-26,19,257,58689.35
T007,2027-09-26,20,181,45610.65
T007,2027-09-26,21,149,34322.25
T007,2027-09-26,22,107,24467.39
T007,2027-09-26,23,0,0.0
T007,2027-09-27,0,0,0.0
T007,2027-09-27,1,0,0.0
T007,2027-09-27,2,0,0.0
T007,2027-09-27,3,0,0.0
T007,2027-09-27,4,0,0.0
T007,2027-09-27,5,0,0.0
T007,2027-09-27,6,0,0.0
T007,2027-09-27,7,3,695.76
T007,2027-09-27,8,7,1613.24
T007,2027-09-27,9,22,5093.75
T007,2027-09-27,10,45,11312.3
T007,2027-09-27,11,93,19031.69
T007,2027-09-27,12,114,23748.85
T007,2027-09-27,13,160,36032.51
T007,2027-09-27,14,195,45173.37
T007,2027-09-27,15,209,50050.85
T007,2027-09-27,16,210,49762.84
T007,2027-09-27,17,199,45181.5
T007,2027-09-27,18,182,44277.88
T007,2027-09-27,19,150,36512.12
T007,2027-09-27,20,137,32006.01
T007,2027-09-27,21,123,29843.79
T007,2027-09-27,22,66,15486.63
T007,2027-09-27,23,0,0.0
T007,2027-09-28,0,0,0.0
T007,2027-09-28,1,0,0.0
T007,2027-09-28,2,0,0.0
T007,2027-09-28,3,0,0.0
T007,2027-09-28,4,0,0.0
T007,2027-09-28,5,0,0.0
T007,2027-09-28,6,0,0.0
T007,2027-09-28,7,3,681.86
T007,2027-09-28,8,6,1371.26
T007,2027-09-28,9,24,5137.05
T007,2027-09-28,10,46,10124.02
T007,2027-09-28,11,82,18165.16
T007,2027-09-28,12,126,32751.64
T007,2027-09-28,13,157,39618.07
T007,2027-09-28,14,206,46705.22
T007,2027-09-28,15,192,43638.12
T007,2027-09-28,16,218,47565.13
T007,2027-09-28,17,230,48163.03
T007,2027-09-28,18,177,40734.3
T007,2027-09-28,19,201,44208.04
T007,2027-09-28,20,145,33423.67
T007,2027-09-28,21,86,18315.3
T007,2027-09-28,22,89,19817.69
T007,2027-09-28,23,0,0.0
T007,2027-09-29,0,0,0.0
T007,2027-09-29,1,0,0.0
T007,2027-09-29,2,0,0.0
T007,2027-09-29,3,0,0.0
T007,2027-09-29,4,0,0.0
T007,2027-09-29,5,0,0.0
T007,2027-09-29,6,0,0.0
T007,2027-09-29,7,3,646.68
T007,2027-09-29,8,9,2050.47
T007,2027-09-29,9,18,4242.94
T007,2027-09-29,10,49,11690.66
T007,2027-09-29,11,86,19767.81
T007,2027-09-29,12,116,28909.49
T007,2027-09-29,13,171,41578.92
T007,2027-09-29,14,165,37705.72
T007,2027-09-29,15,193,46353.28
T007,2027-09-29,16,230,58390.76
T007,2027-09-29,17,139,35331.27
T007,2027-09-29,18,175,38023.41
T007,2027-09-29,19,153,33777.2
T007,2027-09-29,20,122,30338.64
T007,2027-09-29,21,107,23458.79
T007,2027-09-29,22,79,17078.41
T007,2027-09-29,23,0,0.0
T007,2027-09-30,0,0,0.0
T007,2027-09-30,1,0,0.0
T007,2027-09-30,2,0,0.0
T007,2027-09-30,3,0,0.0
T007,2027-09-30,4,0,0.0
T007,2027-09-30,5,0,0.0
T007,2027-09-30,6,0,0.0
T007,2027-09-30,7,3,704.8
T007,2027-09-30,8,9,2175.79
T007,2027-09-30,9,23,5194.07
T007,2027-09-30,10,75,17200.33
T007,2027-09-30,11,112,25001.88
T007,2027-09-30,12,192,38553.2
T007,2027-09-30,13,252,54316.17
T007,2027-09-30,14,212,44633.02
T007,2027-09-30,15,253,51978.85
T007,2027-09-30,16,256,55719.54
T007,2027-09-30,17,243,59978.68
T007,2027-09-30,18,280,64673.23
T007,2027-09-30,19,180,44357.0
T007,2027-09-30,20,215,50793.12
T007,2027-09-30,21,146,35119.99
T007,2027-09-30,22,90,19895.64
T007,2027-09-30,23,0,0.0
T007,2027-10-01,0,0,0.0
T007,2027-10-01,1,0,0.0
T007,2027-10-01,2,0,0.0
T007,2027-10-01,3,0,0.0
T007,2027-10-01,4,0,0.0
T007,2027-10-01,5,0,0.0
T007,2027-10-01,6,0,0.0
T007,2027-10-01,7,3,697.47
T007,2027-10-01,8,7,1646.93
T007,2027-10-01,9,23,5113.29
T007,2027-10-01,10,43,9967.31
T007,2027-10-01,11,78,18571.32
T007,2027-10-01,12,116,27682.87
T007,2027-10-01,13,120,29934.29
T007,2027-10-01,14,192,47283.95
T007,2027-10-01,15,188,41341.33
T007,2027-10-01,16,157,39403.36
T007,2027-10-01,17,189,42590.08
T007,2027-10-01,18,170,41409.29
T007,2027-10-01,19,165,38325.71
T007,2027-10-01,20,138,31287.32
T007,2027-10-01,21,100,21056.69
T007,2027-10-01,22,61,13999.77
T007,2027-10-01,23,0,0.0
T007,2027-10-02,0,0,0.0
T007,2027-10-02,1,0,0.0
T007,2027-10-02,2,0,0.0
T007,2027-10-02,3,0,0.0
T007,2027-10-02,4,0,0.0
T007,2027-10-02,5,0,0.0
T007,2027-10-02,6,0,0.0
T007,2027-10-02,7,3,693.13
T007,2027-10-02,8,19,4780.89
T007,2027-10-02,9,34,7680.89
T007,2027-10-02,10,59,14340.36
T007,2027-10-02,11,132,30705.53
T007,2027-10-02,12,176,42363.36
T007,2027-10-02,13,295,66762.78
T007,2027-10-02,14,276,63732.96
T007,2027-10-02,15,281,64673.08
T007,2027-10-02,16,345,76525.55
T007,2027-10-02,17,279,66723.8
T007,2027-10-02,18,291,69553.79
T007,2027-10-02,19,270,64357.27
T007,2027-10-02,20,194,48360.27
T007,2027-10-02,21,174,43198.21
T007,2027-10-02,22,113,25667.99
T007,2027-10-02,23,0,0.0
