empleado_id,nombre,tienda_id,rol,tipo_contrato,salario_diario_mxn,antiguedad_meses,disponibilidad
E00001,Guadalupe Martínez,T001,piso_reposicion,completo,210.37,36,completa
E00002,Juan Torres,T001,piso_reposicion,completo,249.35,111,completa
E00003,Roberto Romero,T001,piso_reposicion,completo,243.24,119,completa
E00004,Salvador Herrera,T001,piso_reposicion,completo,245.26,70,completa
E00005,Óscar Jiménez,T001,perecederos,completo,284.65,54,completa
E00006,Luis Guerrero,T001,cajas,completo,247.53,41,completa
E00007,Fernanda Núñez,T001,cajas,completo,254.12,74,completa
E00008,Víctor Pérez,T001,perecederos,completo,239.79,71,parcial_manana
E00009,Ángel Contreras,T001,cajas,completo,226.87,35,completa
E00010,Brenda Mendoza,T001,piso_reposicion,completo,243.42,2,completa
E00011,Patricia Aguilar,T001,cajas,completo,248.27,18,completa
E00012,Rubén Hernández,T001,piso_reposicion,completo,238.26,115,completa
E00013,Alejandro Mendoza,T001,piso_reposicion,completo,248.25,50,parcial_tarde
E00014,Ángel Castro,T001,perecederos,completo,274.43,58,completa
E00015,Sergio Romero,T001,piso_reposicion,completo,237.68,56,parcial_manana
E00016,Ramón Hernández,T001,cajas,completo,253.55,94,completa
E00017,Mónica Jiménez,T001,piso_reposicion,completo,225.2,7,completa
E00018,Arturo Luna,T001,cajas,completo,221.85,10,completa
E00019,Raúl Vargas,T001,cajas,completo,246.2,33,completa
E00020,Ramón Pérez,T001,cajas,completo,232.88,58,completa
E00021,Eduardo Contreras,T001,piso_reposicion,completo,230.43,81,completa
E00022,Carlos Contreras,T001,almacen,completo,242.67,59,parcial_tarde
E00023,Fernanda Sánchez,T001,almacen,completo,211.7,53,completa
E00024,Javier Juárez,T001,almacen,completo,202.92,113,parcial_tarde
E00025,Alejandro Ortiz,T001,perecederos,completo,249.7,19,completa
E00026,Alejandra Romero,T001,almacen,completo,214.68,69,completa
E00027,Rubén Gutiérrez,T001,cajas,completo,259.71,65,completa
E00028,Víctor Álvarez,T001,cajas,completo,253.42,57,completa
E00029,Fernanda Silva,T001,perecederos,completo,284.87,97,completa
E00030,Verónica Álvarez,T001,piso_reposicion,completo,243.22,32,completa
E00031,Karla Luna,T001,cajas,completo,244.38,115,completa
E00032,Andrea Luna,T001,piso_reposicion,completo,250.7,40,completa
E00033,Óscar Hernández,T001,perecederos,completo,241.69,65,completa
E00034,Mónica Rivera,T001,almacen,completo,201.14,63,completa
E00035,Jorge Vargas,T001,cajas,completo,225.4,102,parcial_tarde
E00036,Elena Romero,T001,perecederos,completo,280.57,53,completa
E00037,Ana López,T001,almacen,completo,223.09,34,completa
E00038,Carlos Hernández,T001,piso_reposicion,completo,218.06,2,completa
E00039,Diana Jiménez,T001,piso_reposicion,completo,235.05,44,completa
E00040,Verónica Mendoza,T001,cajas,completo,229.14,99,completa
E00041,Miguel Sánchez,T001,almacen,completo,234.82,1,parcial_tarde
E00042,Roberto Sánchez,T001,perecederos,completo,261.23,108,completa
E00043,Raúl Pérez,T001,cajas,completo,242.86,65,completa
E00044,Patricia Castillo,T001,cajas,completo,238.09,16,completa
E00045,Alejandro García,T001,piso_reposicion,completo,241.51,36,completa
E00046,Fernando Castillo,T001,piso_reposicion,completo,228.09,67,completa
E00047,Alejandra Ramos,T001,cajas,completo,225.26,38,completa
E00048,Fernando Chávez,T001,piso_reposicion,completo,215.9,13,completa
E00049,Eduardo Herrera,T001,piso_reposicion,completo,258.09,80,completa
E00050,Alejandro Jiménez,T001,piso_reposicion,completo,255.43,81,completa
E00051,Diana Castro,T001,perecederos,completo,278.98,14,completa
E00052,Fernando Ruiz,T001,perecederos,completo,248.61,34,completa
E00053,Rosa Núñez,T001,cajas,completo,278.15,29,completa
E00054,Óscar Álvarez,T001,piso_reposicion,completo,248.94,79,parcial_tarde
E00055,Patricia Jiménez,T001,piso_reposicion,completo,245.84,88,completa
E00056,Ricardo Ramos,T001,cajas,completo,246.96,87,completa
E00057,Karla Flores,T001,almacen,completo,213.61,113,completa
E00058,Cecilia Romero,T001,almacen,completo,204.82,93,completa
E00059,Gabriela Pérez,T001,perecederos,completo,293.18,38,completa
E00060,Brenda Luna,T001,piso_reposicion,completo,232.79,13,completa
E00061,Víctor Delgado,T001,cajas,completo,232.14,74,completa
E00062,Manuel González,T001,piso_reposicion,completo,225.3,110,completa
E00063,Ramón Álvarez,T001,almacen,completo,228.96,117,completa
E00064,Alejandro González,T001,cajas,completo,230.61,27,completa
E00065,Verónica Vargas,T001,almacen,completo,242.83,28,completa
E00066,Javier Hernández,T001,piso_reposicion,completo,247.93,4,completa
E00067,Rubén Ramos,T001,cajas,completo,263.17,17,completa
E00068,Víctor Medina,T001,cajas,completo,245.93,67,parcial_manana
E00069,Manuel Castro,T001,piso_reposicion,completo,241.37,66,parcial_manana
E00070,Arturo Ortiz,T001,perecederos,completo,270.89,44,completa
E00071,Francisco Núñez,T001,piso_reposicion,completo,242.49,37,completa
E00072,Ángel Ruiz,T001,cajas,completo,225.07,100,completa
E00073,Claudia Torres,T001,piso_reposicion,completo,230.79,55,completa
E00074,Javier Medina,T001,cajas,completo,222.5,97,completa
E00075,Ramón Castro,T001,cajas,completo,249.64,116,completa
E00076,Mónica Reyes,T001,perecederos,completo,253.09,38,completa
E00077,Ana Castro,T001,piso_reposicion,completo,217.23,24,completa
E00078,Ricardo Rojas,T001,perecederos,completo,237.24,115,completa
E00079,Miguel Juárez,T001,almacen,completo,229.38,76,completa
E00080,Eduardo Ruiz,T001,cajas,completo,230.24,35,completa
E00081,Javier Romero,T002,piso_reposicion,completo,252.47,62,completa
E00082,Silvia Álvarez,T002,piso_reposicion,completo,212.86,101,completa
E00083,Mónica Aguilar,T002,almacen,completo,240.05,46,completa
E00084,Ricardo Gutiérrez,T002,cajas,completo,275.67,59,parcial_tarde
E00085,Ramón Guerrero,T002,almacen,completo,238.61,5,completa
E00086,Roberto Ramos,T002,cajas,completo,261.89,14,completa
E00087,Javier Luna,T002,almacen,completo,241.9,6,completa
E00088,Carlos Silva,T002,cajas,completo,222.41,8,completa
E00089,Guadalupe Romero,T002,cajas,completo,232.11,105,completa
E00090,Sergio Medina,T002,piso_reposicion,completo,216.25,101,completa
E00091,Rosa Rivera,T002,cajas,completo,250.27,99,completa
E00092,Silvia Juárez,T002,cajas,completo,264.71,6,parcial_manana
E00093,Víctor Medina,T002,perecederos,completo,274.1,9,completa
E00094,Paola Núñez,T002,almacen,completo,242.56,33,completa
E00095,Eduardo Rivera,T002,piso_reposicion,completo,217.76,68,completa
E00096,Adriana Álvarez,T002,cajas,completo,264.08,40,parcial_manana
E00097,Ana Chávez,T002,piso_reposicion,completo,219.65,58,completa
E00098,Andrea Ramírez,T002,piso_reposicion,completo,223.54,20,parcial_manana
E00099,Manuel Sánchez,T002,piso_reposicion,completo,245.5,88,completa
E00100,Brenda Castillo,T002,piso_reposicion,completo,259.01,37,parcial_manana
E00101,Francisco Díaz,T002,piso_reposicion,completo,240.58,8,completa
E00102,Manuel González,T002,perecederos,completo,233.82,89,completa
E00103,Daniela Gutiérrez,T002,cajas,completo,256.98,109,completa
E00104,Carlos Medina,T002,piso_reposicion,completo,212.12,1,completa
E00105,Guadalupe Díaz,T002,perecederos,completo,291.89,52,completa
E00106,Fernando Contreras,T002,cajas,completo,262.57,100,parcial_manana
E00107,Luis Álvarez,T002,almacen,completo,208.66,85,parcial_manana
E00108,Ana Jiménez,T002,piso_reposicion,completo,214.59,103,completa
E00109,Daniela Luna,T002,cajas,completo,231.01,50,completa
E00110,Francisco Gutiérrez,T002,almacen,completo,249.0,45,completa
E00111,Claudia Pérez,T002,perecederos,completo,262.1,85,completa
E00112,María Martínez,T002,cajas,completo,267.04,18,completa
E00113,Sofía Luna,T002,perecederos,completo,274.55,28,completa
E00114,Antonio Contreras,T002,cajas,completo,254.34,72,completa
E00115,Rubén Castro,T002,almacen,completo,207.26,80,completa
E00116,Mónica González,T002,almacen,completo,247.3,14,parcial_tarde
E00117,Mario Gómez,T002,piso_reposicion,completo,225.07,61,completa
E00118,Daniela Martínez,T002,piso_reposicion,completo,238.9,44,parcial_tarde
E00119,Antonio López,T002,cajas,completo,261.99,60,completa
E00120,Diana Flores,T002,piso_reposicion,completo,242.46,115,completa
E00121,Mario Castillo,T002,cajas,completo,276.44,9,completa
E00122,Cecilia López,T002,piso_reposicion,completo,217.42,120,completa
E00123,Rubén Silva,T002,cajas,completo,250.5,54,completa
E00124,Lucía Chávez,T002,cajas,completo,244.24,93,parcial_manana
E00125,Alejandra Rivera,T002,perecederos,completo,263.19,51,completa
E00126,Claudia Jiménez,T002,perecederos,completo,238.35,37,completa
E00127,Silvia Álvarez,T002,almacen,completo,206.7,93,completa
E00128,Ricardo Díaz,T002,perecederos,completo,249.47,83,completa
E00129,Daniela Martínez,T002,cajas,completo,238.28,17,completa
E00130,Mario López,T002,perecederos,completo,259.95,85,completa
E00131,Andrea Guerrero,T002,almacen,completo,230.55,91,completa
E00132,Patricia González,T002,perecederos,completo,274.42,46,completa
E00133,Sergio Aguilar,T002,piso_reposicion,completo,230.59,112,parcial_tarde
E00134,Alejandro Morales,T002,cajas,completo,244.53,77,completa
E00135,Mario Álvarez,T002,cajas,completo,233.06,40,completa
E00136,Brenda López,T002,cajas,completo,255.3,1,completa
E00137,Sofía Rojas,T002,piso_reposicion,completo,225.85,81,completa
E00138,Javier Herrera,T002,perecederos,completo,232.52,25,completa
E00139,Silvia Gutiérrez,T002,perecederos,completo,259.29,91,parcial_manana
E00140,Lucía Torres,T002,piso_reposicion,completo,233.71,63,completa
E00141,Francisco Silva,T002,almacen,completo,211.28,56,completa
E00142,Adriana Díaz,T002,cajas,completo,254.35,19,completa
E00143,Raúl Ramos,T002,cajas,completo,253.95,86,completa
E00144,Arturo Morales,T002,piso_reposicion,completo,245.1,20,completa
E00145,José Flores,T002,piso_reposicion,completo,242.4,50,parcial_manana
E00146,Ricardo Ortiz,T002,perecederos,completo,275.67,101,completa
E00147,Víctor Sánchez,T002,piso_reposicion,completo,225.81,111,completa
E00148,Jorge García,T002,piso_reposicion,completo,249.37,119,parcial_manana
E00149,Ricardo Gómez,T002,piso_reposicion,completo,237.46,115,completa
E00150,Alejandro González,T002,piso_reposicion,completo,231.57,67,parcial_tarde
E00151,Miguel Ortiz,T002,perecederos,completo,273.82,24,completa
E00152,Laura Guerrero,T002,cajas,completo,241.64,101,completa
E00153,Daniela Sánchez,T002,almacen,completo,225.64,96,completa
E00154,Itzel García,T002,piso_reposicion,completo,246.84,119,completa
E00155,María González,T002,cajas,completo,273.18,78,parcial_tarde
E00156,Ricardo Jiménez,T002,cajas,completo,275.26,17,completa
E00157,Ana Rivera,T002,piso_reposicion,completo,235.18,60,completa
E00158,Sergio Ramos,T002,piso_reposicion,completo,236.01,54,completa
E00159,Jorge Martínez,T002,piso_reposicion,completo,249.99,101,completa
E00160,Karla Reyes,T002,cajas,completo,238.87,47,completa
E00161,Alejandra Ramos,T003,piso_reposicion,completo,246.26,20,completa
E00162,Verónica Gutiérrez,T003,almacen,completo,235.4,42,completa
E00163,Antonio Aguilar,T003,cajas,completo,264.31,73,completa
E00164,Jorge Juárez,T003,perecederos,completo,252.2,69,completa
E00165,Carlos Reyes,T003,cajas,completo,273.4,70,completa
E00166,Fernanda Juárez,T003,cajas,completo,255.63,46,completa
E00167,Luis Flores,T003,almacen,completo,206.3,49,parcial_manana
E00168,Alejandro Ortiz,T003,piso_reposicion,completo,217.19,1,completa
E00169,Gabriela Núñez,T003,cajas,completo,261.59,72,parcial_tarde
E00170,Carlos Contreras,T003,piso_reposicion,completo,218.65,69,completa
E00171,Arturo Núñez,T003,piso_reposicion,completo,235.36,113,completa
E00172,Eduardo Díaz,T003,almacen,completo,249.59,61,completa
E00173,Gabriela Delgado,T003,piso_reposicion,completo,210.2,56,completa
E00174,Sofía Luna,T003,cajas,completo,220.99,8,completa
E00175,María Silva,T003,piso_reposicion,completo,259.65,23,completa
E00176,Mario García,T003,cajas,completo,255.08,40,parcial_manana
E00177,Alejandro Castro,T003,almacen,completo,206.35,45,completa
E00178,Ángel Silva,T003,cajas,completo,273.84,43,completa
E00179,Rosa Ruiz,T003,cajas,completo,272.82,47,completa
E00180,Miguel Flores,T003,almacen,completo,226.81,93,completa
E00181,Ramón Ruiz,T003,piso_reposicion,completo,241.09,15,completa
E00182,Salvador González,T003,cajas,completo,236.39,40,completa
E00183,Itzel Ramos,T003,perecederos,completo,233.54,19,parcial_tarde
E00184,Lucía Aguilar,T003,piso_reposicion,completo,239.73,37,completa
E00185,Jorge Chávez,T003,cajas,completo,237.69,82,completa
E00186,Brenda Herrera,T003,piso_reposicion,completo,243.18,5,completa
E00187,Gabriela Flores,T003,piso_reposicion,completo,251.81,41,completa
E00188,Miguel Mendoza,T003,cajas,completo,221.09,2,parcial_tarde
E00189,Carlos Aguilar,T003,cajas,completo,255.74,115,completa
E00190,Itzel Aguilar,T003,perecederos,completo,246.19,87,completa
E00191,Elena Gómez,T003,piso_reposicion,completo,253.69,29,completa
E00192,Ramón Díaz,T003,piso_reposicion,completo,222.68,23,completa
E00193,Carlos Rivera,T003,perecederos,completo,272.75,11,completa
E00194,Ricardo Chávez,T003,almacen,completo,227.68,57,completa
E00195,Ricardo Romero,T003,cajas,completo,243.77,91,completa
E00196,Ricardo Cruz,T003,perecederos,completo,277.43,70,completa
E00197,Gabriela Ortiz,T003,piso_reposicion,completo,246.29,106,parcial_manana
E00198,Brenda Gómez,T003,cajas,completo,254.02,41,completa
E00199,Brenda Torres,T003,piso_reposicion,completo,247.92,33,completa
E00200,Lucía Medina,T003,cajas,completo,279.01,57,completa
E00201,Francisco Juárez,T003,perecederos,completo,259.35,24,parcial_manana
E00202,Rubén Gómez,T003,cajas,completo,250.87,118,completa
E00203,Claudia Guerrero,T003,perecederos,completo,230.87,22,completa
E00204,Claudia Castillo,T003,cajas,completo,267.76,57,completa
E00205,Paola Sánchez,T003,almacen,completo,226.01,63,completa
E00206,Ramón Cruz,T003,perecederos,completo,258.56,6,completa
E00207,Cecilia García,T003,cajas,completo,225.64,56,completa
E00208,Adriana Martínez,T003,piso_reposicion,completo,254.48,55,completa
E00209,Raúl Reyes,T003,piso_reposicion,completo,229.75,31,parcial_tarde
E00210,Lucía Chávez,T003,almacen,completo,234.13,15,completa
E00211,Jorge Álvarez,T003,piso_reposicion,completo,217.47,5,completa
E00212,Sofía Pérez,T003,cajas,completo,277.69,1,completa
E00213,Mónica Delgado,T003,perecederos,completo,242.49,58,completa
E00214,Ana Flores,T003,cajas,completo,231.97,10,completa
E00215,Alejandro Pérez,T003,piso_reposicion,completo,252.95,116,completa
E00216,Paola Herrera,T003,piso_reposicion,completo,255.63,29,parcial_manana
E00217,Rubén Ruiz,T003,piso_reposicion,completo,220.61,78,completa
E00218,Alejandra Mendoza,T003,piso_reposicion,completo,233.49,81,completa
E00219,Andrea González,T003,piso_reposicion,completo,246.67,59,completa
E00220,Antonio González,T003,perecederos,completo,291.49,106,completa
E00221,Óscar Morales,T003,almacen,completo,218.95,13,completa
E00222,Claudia Chávez,T003,cajas,completo,251.02,28,completa
E00223,José Silva,T003,piso_reposicion,completo,247.09,30,parcial_tarde
E00224,Javier Gómez,T003,cajas,completo,263.87,16,completa
E00225,Roberto Ramírez,T003,perecederos,completo,284.81,35,parcial_manana
E00226,Paola Luna,T003,cajas,completo,254.2,37,completa
E00227,Itzel Sánchez,T003,piso_reposicion,completo,215.23,92,completa
E00228,Rubén Martínez,T003,piso_reposicion,completo,255.2,36,completa
E00229,Raúl Ortiz,T003,cajas,completo,271.93,106,parcial_manana
E00230,Fernando Ortiz,T003,piso_reposicion,completo,249.9,93,completa
E00231,Antonio Mendoza,T003,cajas,completo,225.99,109,completa
E00232,Miguel Rojas,T003,perecederos,completo,244.31,12,completa
E00233,Salvador Luna,T003,piso_reposicion,completo,247.18,119,completa
E00234,Víctor Gómez,T003,piso_reposicion,completo,211.16,74,completa
E00235,Víctor Silva,T003,almacen,completo,248.96,118,completa
E00236,Alejandro Aguilar,T003,perecederos,completo,256.4,42,parcial_manana
E00237,Alejandro López,T003,perecederos,completo,280.35,115,completa
E00238,Víctor Luna,T003,almacen,completo,244.38,71,completa
E00239,Claudia Pérez,T003,almacen,completo,219.73,8,completa
E00240,Paola Romero,T003,cajas,completo,239.15,49,completa
E00241,Raúl Medina,T004,perecederos,completo,248.02,6,completa
E00242,Víctor Guerrero,T004,perecederos,completo,282.66,13,parcial_tarde
E00243,Fernando Mendoza,T004,piso_reposicion,completo,235.21,55,parcial_manana
E00244,Cecilia Luna,T004,piso_reposicion,completo,247.51,74,parcial_manana
E00245,Mónica Pérez,T004,perecederos,completo,262.53,49,completa
E00246,Carlos Reyes,T004,almacen,completo,218.4,14,completa
E00247,Salvador González,T004,cajas,completo,233.15,24,parcial_manana
E00248,Karla Hernández,T004,piso_reposicion,completo,220.42,103,completa
E00249,Sofía Chávez,T004,almacen,completo,237.57,116,completa
E00250,Claudia Flores,T004,perecederos,completo,238.32,91,completa
E00251,Andrea Ortiz,T004,piso_reposicion,completo,214.3,12,completa
E00252,Claudia Gutiérrez,T004,piso_reposicion,completo,218.81,99,completa
E00253,Rubén Mendoza,T004,cajas,completo,230.52,83,parcial_tarde
E00254,Mario Luna,T004,perecederos,completo,287.62,63,completa
E00255,Francisco Delgado,T004,piso_reposicion,completo,229.93,17,completa
E00256,Rubén Morales,T004,piso_reposicion,completo,259.52,120,completa
E00257,Diana Reyes,T004,piso_reposicion,completo,216.86,53,completa
E00258,Paola Ruiz,T004,piso_reposicion,completo,242.68,5,completa
E00259,Ramón González,T004,piso_reposicion,completo,232.44,25,completa
E00260,Manuel Vázquez,T004,cajas,completo,243.58,48,completa
E00261,Antonio Ortiz,T004,perecederos,completo,291.26,7,completa
E00262,Antonio Ramírez,T004,perecederos,completo,298.29,39,completa
E00263,Itzel Mendoza,T004,perecederos,completo,291.1,56,parcial_tarde
E00264,Andrea Díaz,T004,piso_reposicion,completo,219.62,114,completa
E00265,Elena Ramírez,T004,perecederos,completo,245.46,10,completa
E00266,Fernando Medina,T004,almacen,completo,232.8,69,completa
E00267,Rosa Sánchez,T004,cajas,completo,237.35,110,completa
E00268,Andrea Medina,T004,piso_reposicion,completo,246.74,97,completa
E00269,Guadalupe Sánchez,T004,almacen,completo,228.32,111,completa
E00270,Luis Gutiérrez,T004,perecederos,completo,268.56,20,completa
E00271,Eduardo Juárez,T004,cajas,completo,269.71,96,completa
E00272,Ana Flores,T004,perecederos,completo,279.74,118,completa
E00273,Sergio Ruiz,T004,cajas,completo,221.59,39,completa
E00274,Ramón Vargas,T004,almacen,completo,202.47,60,completa
E00275,Eduardo Núñez,T004,almacen,completo,230.08,64,completa
E00276,Antonio Sánchez,T004,almacen,completo,224.31,59,completa
E00277,Rosa Vargas,T004,piso_reposicion,completo,223.01,35,completa
E00278,Salvador Luna,T004,piso_reposicion,completo,230.93,117,completa
E00279,Fernanda Ruiz,T004,piso_reposicion,completo,247.9,115,completa
E00280,Raúl Ramírez,T004,piso_reposicion,completo,251.33,46,parcial_tarde
E00281,Luis Juárez,T004,piso_reposicion,completo,238.06,97,completa
E00282,José González,T004,cajas,completo,243.12,48,completa
E00283,Sofía Romero,T004,cajas,completo,236.24,96,parcial_tarde
E00284,Laura Ramos,T004,piso_reposicion,completo,236.1,70,completa
E00285,Itzel Vázquez,T004,piso_reposicion,completo,225.74,56,completa
E00286,Francisco Jiménez,T004,almacen,completo,228.2,15,parcial_manana
E00287,Ricardo Martínez,T004,piso_reposicion,completo,243.83,79,completa
E00288,Rubén Jiménez,T004,almacen,completo,203.3,38,completa
E00289,Ángel Luna,T004,piso_reposicion,completo,210.05,26,completa
E00290,Francisco Gutiérrez,T004,cajas,completo,232.74,23,completa
E00291,Andrea Gómez,T004,piso_reposicion,completo,254.73,118,completa
E00292,Alejandra Silva,T004,cajas,completo,258.78,12,parcial_manana
E00293,Gabriela Hernández,T004,cajas,completo,230.32,96,parcial_manana
E00294,Salvador Ramos,T004,cajas,completo,273.42,104,completa
E00295,Itzel Jiménez,T004,cajas,completo,248.2,3,completa
E00296,Rubén Ramos,T004,cajas,completo,248.57,71,completa
E00297,Juan Núñez,T004,cajas,completo,276.13,69,parcial_manana
E00298,Patricia Ortiz,T004,piso_reposicion,completo,212.97,43,completa
E00299,Sergio Contreras,T004,perecederos,completo,245.06,80,parcial_manana
E00300,Juan López,T004,cajas,completo,255.15,49,completa
E00301,Daniela Castro,T004,piso_reposicion,completo,219.77,53,completa
E00302,Laura Romero,T004,cajas,completo,260.77,52,completa
E00303,Salvador Flores,T004,piso_reposicion,completo,220.7,96,completa
E00304,Ana Flores,T004,cajas,completo,225.95,76,completa
E00305,Laura Vargas,T004,perecederos,completo,244.49,45,completa
E00306,Rosa Aguilar,T004,cajas,completo,245.36,112,parcial_manana
E00307,Laura Mendoza,T004,cajas,completo,230.57,97,completa
E00308,Sergio López,T004,piso_reposicion,completo,216.73,112,completa
E00309,Fernando Romero,T004,cajas,completo,271.62,88,completa
E00310,Brenda Silva,T004,perecederos,completo,252.43,47,completa
E00311,Elena García,T004,cajas,completo,241.65,93,parcial_tarde
E00312,Javier Chávez,T004,cajas,completo,223.32,39,completa
E00313,Gabriela Ramos,T004,cajas,completo,241.44,32,completa
E00314,Mónica Rojas,T004,piso_reposicion,completo,223.24,54,completa
E00315,Karla Gómez,T004,almacen,completo,230.52,117,parcial_tarde
E00316,Francisco Ramos,T004,piso_reposicion,completo,220.27,68,completa
E00317,Alejandra Vargas,T004,almacen,completo,244.42,46,parcial_manana
E00318,Ángel López,T004,cajas,completo,275.78,55,completa
E00319,Itzel Juárez,T004,cajas,completo,225.99,35,completa
E00320,Raúl Juárez,T004,almacen,completo,205.37,79,parcial_manana
E00321,Mario Reyes,T005,almacen,completo,213.64,68,completa
E00322,Ana Ramos,T005,cajas,completo,227.85,49,completa
E00323,Mario Castillo,T005,almacen,completo,221.94,52,completa
E00324,Ramón Chávez,T005,piso_reposicion,completo,225.15,58,parcial_manana
E00325,Francisco Contreras,T005,cajas,completo,242.16,89,parcial_manana
E00326,Sofía Contreras,T005,cajas,completo,234.16,104,completa
E00327,Lucía Jiménez,T005,cajas,completo,265.79,63,completa
E00328,Francisco Chávez,T005,perecederos,completo,295.1,77,completa
E00329,Antonio Romero,T005,cajas,completo,249.88,89,completa
E00330,Óscar Ramírez,T005,piso_reposicion,completo,242.15,83,completa
E00331,Arturo Gutiérrez,T005,perecederos,completo,290.7,16,completa
E00332,Brenda Torres,T005,piso_reposicion,completo,259.94,118,completa
E00333,Guadalupe Pérez,T005,cajas,completo,256.81,19,completa
E00334,Ricardo Hernández,T005,cajas,completo,273.39,49,completa
E00335,Silvia Romero,T005,piso_reposicion,completo,255.43,78,completa
E00336,Sergio García,T005,perecederos,completo,285.4,48,completa
E00337,Jorge Aguilar,T005,piso_reposicion,completo,233.05,29,completa
E00338,Ricardo Gutiérrez,T005,almacen,completo,204.06,111,completa
E00339,Alejandro Cruz,T005,almacen,completo,200.79,8,parcial_manana
E00340,Claudia Ruiz,T005,piso_reposicion,completo,233.86,29,completa
E00341,Ricardo Vázquez,T005,cajas,completo,249.66,120,completa
E00342,Mónica Castro,T005,piso_reposicion,completo,230.37,88,parcial_tarde
E00343,Antonio Vargas,T005,cajas,completo,254.09,10,completa
E00344,Raúl Martínez,T005,cajas,completo,253.13,91,completa
E00345,Laura Torres,T005,piso_reposicion,completo,251.83,117,completa
E00346,Mónica Castillo,T005,almacen,completo,205.43,11,parcial_tarde
E00347,Salvador Silva,T005,piso_reposicion,completo,221.26,50,completa
E00348,Carlos Sánchez,T005,almacen,completo,239.65,56,parcial_tarde
E00349,Alejandro González,T005,cajas,completo,270.87,15,completa
E00350,Óscar Luna,T005,piso_reposicion,completo,259.74,24,completa
E00351,Raúl Contreras,T005,cajas,completo,272.37,21,completa
E00352,Gabriela Sánchez,T005,cajas,completo,273.39,22,completa
E00353,Claudia Ortiz,T005,piso_reposicion,completo,225.72,48,completa
E00354,Óscar Aguilar,T005,piso_reposicion,completo,230.08,56,completa
E00355,Raúl Ramírez,T005,perecederos,completo,248.77,28,parcial_manana
E00356,Ana Reyes,T005,piso_reposicion,completo,240.31,35,completa
E00357,Lucía Morales,T005,cajas,completo,276.33,23,completa
E00358,Antonio Aguilar,T005,piso_reposicion,completo,227.23,96,completa
E00359,Juan Díaz,T005,almacen,completo,227.85,25,completa
E00360,Roberto Ortiz,T005,cajas,completo,237.78,109,completa
E00361,Diana Gómez,T005,cajas,completo,230.19,65,completa
E00362,Luis Ruiz,T005,piso_reposicion,completo,219.76,97,completa
E00363,Silvia Sánchez,T005,perecederos,completo,234.06,77,completa
E00364,Patricia Flores,T005,almacen,completo,247.46,32,parcial_tarde
E00365,Alejandro Flores,T005,piso_reposicion,completo,230.14,72,completa
E00366,Antonio Núñez,T005,cajas,completo,270.05,33,completa
E00367,Fernanda Luna,T005,piso_reposicion,completo,244.07,14,completa
E00368,Lucía Jiménez,T005,almacen,completo,209.6,30,completa
E00369,Ramón Sánchez,T005,cajas,completo,230.53,33,parcial_tarde
E00370,Patricia Ruiz,T005,perecederos,completo,286.84,16,parcial_tarde
E00371,Víctor Ramos,T005,perecederos,completo,248.53,2,parcial_manana
E00372,Fernanda Delgado,T005,perecederos,completo,293.93,114,completa
E00373,Verónica Cruz,T005,perecederos,completo,239.8,62,completa
E00374,Claudia Silva,T005,cajas,completo,260.66,48,completa
E00375,José Juárez,T005,piso_reposicion,completo,250.72,112,completa
E00376,Ramón Torres,T005,piso_reposicion,completo,221.76,27,completa
E00377,Rubén Castro,T005,cajas,completo,236.57,48,completa
E00378,Verónica Gómez,T005,cajas,completo,277.87,102,parcial_tarde
E00379,Claudia Reyes,T005,piso_reposicion,completo,223.23,76,completa
E00380,Manuel Rivera,T005,cajas,completo,245.8,48,completa
E00381,Luis Herrera,T005,perecederos,completo,260.28,30,completa
E00382,Raúl Rivera,T005,almacen,completo,212.65,4,completa
E00383,Eduardo Aguilar,T005,almacen,completo,238.79,10,completa
E00384,Salvador Romero,T005,piso_reposicion,completo,248.59,19,completa
E00385,Salvador Ruiz,T005,cajas,completo,242.7,95,parcial_manana
E00386,Manuel Silva,T005,piso_reposicion,completo,251.76,77,completa
E00387,Cecilia García,T005,perecederos,completo,244.92,52,completa
E00388,Javier Silva,T005,piso_reposicion,completo,210.22,94,completa
E00389,Arturo González,T005,piso_reposicion,completo,238.56,19,completa
E00390,Raúl Vázquez,T005,piso_reposicion,completo,259.7,25,completa
E00391,Silvia Reyes,T005,perecederos,completo,232.71,47,completa
E00392,Eduardo Aguilar,T005,piso_reposicion,completo,220.4,111,completa
E00393,Carlos Vargas,T005,piso_reposicion,completo,235.95,74,completa
E00394,Ana Guerrero,T005,perecederos,completo,286.7,102,completa
E00395,Roberto Ortiz,T005,piso_reposicion,completo,214.45,30,completa
E00396,Alejandra Luna,T005,cajas,completo,243.71,102,completa
E00397,Gabriela Díaz,T005,perecederos,completo,282.3,8,completa
E00398,Manuel Torres,T005,almacen,completo,218.58,27,completa
E00399,Alejandra Morales,T005,cajas,completo,231.33,63,completa
E00400,Salvador Vázquez,T005,cajas,completo,231.73,6,parcial_tarde
E00401,Rosa Ramírez,T006,piso_reposicion,completo,221.22,43,completa
E00402,Juan Rivera,T006,piso_reposicion,completo,212.3,22,completa
E00403,Itzel Díaz,T006,piso_reposicion,completo,227.61,14,completa
E00404,Rosa González,T006,perecederos,completo,279.8,42,completa
E00405,Elena Romero,T006,almacen,completo,200.92,107,completa
E00406,Itzel Reyes,T006,perecederos,completo,260.74,83,completa
E00407,Mario Vargas,T006,cajas,completo,258.64,59,completa
E00408,Brenda Ramos,T006,piso_reposicion,completo,240.52,34,parcial_tarde
E00409,Diana Gutiérrez,T006,cajas,completo,266.6,17,completa
E00410,Lucía Chávez,T006,piso_reposicion,completo,250.53,32,completa
E00411,Alejandro Sánchez,T006,piso_reposicion,completo,245.59,18,parcial_manana
E00412,Lucía Vargas,T006,cajas,completo,226.17,22,completa
E00413,Alejandra González,T006,cajas,completo,248.5,83,completa
E00414,Juan Vargas,T006,piso_reposicion,completo,240.17,16,completa
E00415,Roberto Silva,T006,piso_reposicion,completo,222.28,5,completa
E00416,Verónica Ruiz,T006,cajas,completo,222.55,65,completa
E00417,Jorge Chávez,T006,perecederos,completo,245.65,34,completa
E00418,Fernando Díaz,T006,cajas,completo,247.29,55,completa
E00419,Alejandra Guerrero,T006,cajas,completo,244.84,16,completa
E00420,Juan Rivera,T006,cajas,completo,230.6,25,parcial_manana
E00421,Laura Ramos,T006,perecederos,completo,287.71,53,completa
E00422,Ramón Ruiz,T006,cajas,completo,275.54,83,completa
E00423,Daniela Núñez,T006,almacen,completo,210.07,50,completa
E00424,Raúl Núñez,T006,perecederos,completo,295.07,65,parcial_manana
E00425,Sergio Hernández,T006,almacen,completo,200.89,63,completa
E00426,Claudia Rojas,T006,piso_reposicion,completo,256.25,32,completa
E00427,Roberto González,T006,almacen,completo,247.6,33,completa
E00428,Manuel Romero,T006,cajas,completo,220.72,51,completa
E00429,Fernanda Luna,T006,piso_reposicion,completo,248.15,3,completa
E00430,Rubén Medina,T006,almacen,completo,248.51,82,completa
E00431,Jorge Luna,T006,cajas,completo,274.35,74,completa
E00432,Gabriela Reyes,T006,perecederos,completo,297.95,37,parcial_manana
E00433,Rubén Díaz,T006,piso_reposicion,completo,237.52,45,completa
E00434,María Reyes,T006,almacen,completo,203.91,39,completa
E00435,Karla Cruz,T006,piso_reposicion,completo,252.49,78,completa
E00436,Manuel Herrera,T006,almacen,completo,230.69,91,completa
E00437,Rubén Chávez,T006,piso_reposicion,completo,240.74,13,completa
E00438,Sergio Castro,T006,almacen,completo,220.86,50,completa
E00439,Fernanda Ortiz,T006,cajas,completo,254.31,1,completa
E00440,Miguel Díaz,T006,cajas,completo,229.21,54,completa
E00441,Laura Ramírez,T006,cajas,completo,264.39,30,completa
E00442,Salvador Castillo,T006,cajas,completo,224.5,40,completa
E00443,Javier Rojas,T006,piso_reposicion,completo,246.49,55,completa
E00444,Claudia Guerrero,T006,cajas,completo,270.94,39,completa
E00445,Miguel Rivera,T006,cajas,completo,248.35,47,completa
E00446,Patricia Ramos,T006,piso_reposicion,completo,235.49,92,completa
E00447,Ángel Vargas,T006,cajas,completo,238.73,98,completa
E00448,Sofía Mendoza,T006,piso_reposicion,completo,258.47,0,completa
E00449,Adriana López,T006,cajas,completo,263.99,45,parcial_tarde
E00450,Sofía Romero,T006,piso_reposicion,completo,228.45,102,parcial_tarde
E00451,Elena Martínez,T006,piso_reposicion,completo,218.74,64,completa
E00452,Miguel González,T006,cajas,completo,233.17,24,completa
E00453,Salvador Medina,T006,piso_reposicion,completo,233.2,71,completa
E00454,Cecilia González,T006,perecederos,completo,295.98,17,completa
E00455,Guadalupe Reyes,T006,almacen,completo,236.71,2,completa
E00456,Daniela Romero,T006,perecederos,completo,245.07,76,completa
E00457,Sergio Medina,T006,almacen,completo,242.98,62,parcial_manana
E00458,Andrea Gutiérrez,T006,perecederos,completo,256.47,91,completa
E00459,Eduardo Hernández,T006,cajas,completo,271.1,41,completa
E00460,Elena Álvarez,T006,piso_reposicion,completo,222.08,103,completa
E00461,Juan Luna,T006,cajas,completo,257.12,50,completa
E00462,Alejandro Rojas,T006,almacen,completo,246.33,89,parcial_tarde
E00463,Adriana Castro,T006,perecederos,completo,248.05,12,completa
E00464,Rosa Ortiz,T006,perecederos,completo,278.5,11,parcial_manana
E00465,Ángel Rojas,T006,piso_reposicion,completo,259.37,94,completa
E00466,María Ramos,T006,perecederos,completo,240.54,100,completa
E00467,Ana Pérez,T006,perecederos,completo,236.19,114,completa
E00468,Alejandra Guerrero,T006,cajas,completo,260.45,39,completa
E00469,Alejandra Díaz,T006,cajas,completo,240.38,2,completa
E00470,Ricardo Luna,T006,piso_reposicion,completo,213.56,118,completa
E00471,Jorge Cruz,T006,piso_reposicion,completo,233.77,72,completa
E00472,Ana Guerrero,T006,piso_reposicion,completo,247.69,29,parcial_manana
E00473,Gabriela Vázquez,T006,almacen,completo,214.26,92,completa
E00474,Fernando Chávez,T006,piso_reposicion,completo,226.75,109,completa
E00475,Guadalupe Gómez,T006,piso_reposicion,completo,252.28,34,completa
E00476,Andrea Delgado,T006,piso_reposicion,completo,236.0,93,completa
E00477,Salvador López,T006,cajas,completo,270.56,95,completa
E00478,Elena Chávez,T006,perecederos,completo,261.25,60,completa
E00479,Mario Cruz,T006,cajas,completo,277.18,76,completa
E00480,Jorge Vázquez,T006,piso_reposicion,completo,242.54,32,completa
E00481,Mónica Vázquez,T007,almacen,completo,201.98,36,completa
E00482,Brenda Sánchez,T007,cajas,completo,263.71,4,completa
E00483,Adriana Mendoza,T007,cajas,completo,222.59,18,completa
E00484,Miguel Rivera,T007,cajas,completo,220.29,97,completa
E00485,Karla Herrera,T007,almacen,completo,236.47,105,completa
E00486,Laura Juárez,T007,piso_reposicion,completo,257.44,25,parcial_tarde
E00487,Fernando Guerrero,T007,perecederos,completo,282.96,72,completa
E00488,Alejandro Luna,T007,cajas,completo,248.3,69,completa
E00489,María González,T007,perecederos,completo,264.02,16,completa
E00490,Ángel Pérez,T007,cajas,completo,246.17,54,completa
E00491,Alejandra Luna,T007,piso_reposicion,completo,226.23,83,completa
E00492,Sofía Morales,T007,piso_reposicion,completo,236.09,117,completa
E00493,Alejandra Martínez,T007,cajas,completo,245.87,102,completa
E00494,María Gómez,T007,perecederos,completo,271.87,11,completa
E00495,Diana Delgado,T007,piso_reposicion,completo,254.91,28,completa
E00496,Alejandra Cruz,T007,piso_reposicion,completo,259.75,52,completa
E00497,Alejandro Hernández,T007,piso_reposicion,completo,213.94,18,parcial_tarde
E00498,Fernanda Vargas,T007,piso_reposicion,completo,229.23,69,completa
E00499,Jorge Ramírez,T007,perecederos,completo,242.65,1,completa
E00500,Carlos Cruz,T007,cajas,completo,241.13,13,completa
E00501,Javier García,T007,cajas,completo,237.25,5,completa
E00502,Mario Mendoza,T007,piso_reposicion,completo,218.73,35,completa
E00503,Fernando Gutiérrez,T007,piso_reposicion,completo,248.2,92,completa
E00504,Juan Guerrero,T007,perecederos,completo,264.74,21,completa
E00505,Rubén Reyes,T007,cajas,completo,275.15,119,parcial_manana
E00506,Antonio Torres,T007,piso_reposicion,completo,211.63,32,completa
E00507,Miguel Sánchez,T007,cajas,completo,224.02,5,completa
E00508,Raúl Torres,T007,cajas,completo,244.2,40,completa
E00509,Sofía Chávez,T007,almacen,completo,204.01,90,completa
E00510,Salvador Hernández,T007,perecederos,completo,248.39,12,completa
E00511,Ricardo Ortiz,T007,piso_reposicion,completo,259.3,8,completa
E00512,Claudia Guerrero,T007,piso_reposicion,completo,220.45,102,completa
E00513,Claudia Ruiz,T007,almacen,completo,209.91,71,completa
E00514,Jorge Aguilar,T007,cajas,completo,254.42,41,completa
E00515,Manuel Rojas,T007,cajas,completo,249.88,91,completa
E00516,Guadalupe Álvarez,T007,cajas,completo,254.83,102,parcial_tarde
E00517,Arturo Medina,T007,perecederos,completo,256.37,43,completa
E00518,Lucía Guerrero,T007,piso_reposicion,completo,251.34,67,completa
E00519,Cecilia González,T007,perecederos,completo,239.7,1,parcial_manana
E00520,Alejandro Juárez,T007,piso_reposicion,completo,231.42,37,parcial_tarde
E00521,Ricardo Gómez,T007,almacen,completo,234.49,72,completa
E00522,Claudia Castro,T007,perecederos,completo,290.78,23,completa
E00523,Óscar Núñez,T007,cajas,completo,242.17,119,completa
E00524,Silvia Ramos,T007,piso_reposicion,completo,238.39,117,completa
E00525,José Hernández,T007,perecederos,completo,234.84,31,completa
E00526,Patricia Cruz,T007,cajas,completo,230.22,47,completa
E00527,Elena Ortiz,T007,cajas,completo,224.15,22,completa
E00528,Jorge Luna,T007,piso_reposicion,completo,246.39,60,parcial_manana
E00529,Verónica Luna,T007,piso_reposicion,completo,224.4,14,completa
E00530,Itzel Castillo,T007,piso_reposicion,completo,246.19,47,completa
E00531,José Contreras,T007,almacen,completo,203.32,67,completa
E00532,Ángel Gutiérrez,T007,piso_reposicion,completo,253.13,74,parcial_manana
E00533,Raúl Ortiz,T007,cajas,completo,270.13,72,parcial_tarde
E00534,Raúl Delgado,T007,almacen,completo,204.45,26,completa
E00535,Gabriela Medina,T007,almacen,completo,201.19,95,completa
E00536,Guadalupe Jiménez,T007,piso_reposicion,completo,212.81,83,completa
E00537,Lucía Chávez,T007,piso_reposicion,completo,252.68,91,completa
E00538,Jorge Vargas,T007,cajas,completo,234.08,56,completa
E00539,Alejandra Ruiz,T007,piso_reposicion,completo,237.41,107,completa
E00540,Gabriela Ramos,T007,cajas,completo,245.57,47,completa
E00541,Raúl Martínez,T007,cajas,completo,267.73,97,completa
E00542,Alejandro González,T007,almacen,completo,224.44,24,completa
E00543,Andrea Pérez,T007,cajas,completo,250.04,29,completa
E00544,Verónica Chávez,T007,almacen,completo,249.45,63,completa
E00545,Juan Mendoza,T007,cajas,completo,229.01,67,completa
E00546,Eduardo Juárez,T007,piso_reposicion,completo,251.54,90,completa
E00547,Luis Flores,T007,piso_reposicion,completo,212.59,35,completa
E00548,Antonio Álvarez,T007,cajas,completo,248.66,105,completa
E00549,Arturo Medina,T007,cajas,completo,273.18,39,completa
E00550,Luis López,T007,piso_reposicion,completo,243.26,64,parcial_tarde
E00551,Silvia Cruz,T007,piso_reposicion,completo,244.26,112,completa
E00552,Fernando Díaz,T007,almacen,completo,213.17,65,parcial_manana
E00553,María Rojas,T007,perecederos,completo,259.3,82,parcial_tarde
E00554,Arturo Núñez,T007,perecederos,completo,255.66,109,completa
E00555,Claudia Juárez,T007,perecederos,completo,266.5,117,completa
E00556,Arturo Vázquez,T007,piso_reposicion,completo,233.11,60,completa
E00557,Lucía Ramos,T007,cajas,completo,239.61,50,completa
E00558,Verónica Díaz,T007,piso_reposicion,completo,225.27,23,completa
E00559,Fernanda Ruiz,T007,almacen,completo,212.54,65,completa
E00560,Fernando Hernández,T007,perecederos,completo,255.55,111,parcial_tarde
E00561,Patricia Sánchez,T008,cajas,completo,246.84,74,completa
E00562,Itzel Hernández,T008,cajas,completo,243.92,4,completa
E00563,Laura Álvarez,T008,cajas,completo,248.31,87,completa
E00564,Alejandra Ramírez,T008,piso_reposicion,completo,239.1,64,completa
E00565,Javier Pérez,T008,cajas,completo,250.06,101,completa
E00566,Laura Chávez,T008,almacen,completo,223.61,13,completa
E00567,Gabriela Núñez,T008,piso_reposicion,completo,250.89,9,completa
E00568,Guadalupe Álvarez,T008,cajas,completo,264.74,68,completa
E00569,Antonio Jiménez,T008,cajas,completo,240.48,106,completa
E00570,Alejandro Ramírez,T008,perecederos,completo,286.04,49,completa
E00571,Laura Reyes,T008,perecederos,completo,289.76,96,completa
E00572,Fernanda Herrera,T008,piso_reposicion,completo,217.67,109,completa
E00573,Jorge Sánchez,T008,piso_reposicion,completo,239.13,105,completa
E00574,Jorge Jiménez,T008,cajas,completo,237.12,61,completa
E00575,Víctor García,T008,cajas,completo,264.35,84,completa
E00576,Itzel Reyes,T008,almacen,completo,211.94,63,completa
E00577,José Flores,T008,cajas,completo,260.28,81,completa
E00578,Elena Herrera,T008,piso_reposicion,completo,222.76,68,completa
E00579,Paola Núñez,T008,cajas,completo,250.67,63,completa
E00580,Ramón Pérez,T008,cajas,completo,276.92,52,completa
E00581,Silvia Álvarez,T008,almacen,completo,219.07,78,completa
E00582,Claudia Medina,T008,perecederos,completo,291.3,90,completa
E00583,María Contreras,T008,piso_reposicion,completo,259.35,111,completa
E00584,Itzel Núñez,T008,perecederos,completo,291.24,74,completa
E00585,Miguel González,T008,piso_reposicion,completo,218.29,12,parcial_manana
E00586,Carlos Castro,T008,piso_reposicion,completo,250.98,71,completa
E00587,Gabriela Romero,T008,cajas,completo,221.93,38,completa
E00588,Raúl González,T008,cajas,completo,243.6,3,completa
E00589,Juan Rivera,T008,piso_reposicion,completo,253.54,8,completa
E00590,Miguel Luna,T008,perecederos,completo,278.21,71,completa
E00591,Adriana Vázquez,T008,cajas,completo,251.96,114,completa
E00592,Jorge Reyes,T008,perecederos,completo,257.15,61,completa
E00593,Óscar Díaz,T008,piso_reposicion,completo,250.61,53,completa
E00594,Roberto Delgado,T008,cajas,completo,262.57,10,completa
E00595,Adriana Gómez,T008,piso_reposicion,completo,233.42,81,completa
E00596,Verónica Sánchez,T008,piso_reposicion,completo,254.62,6,completa
E00597,Fernando Castillo,T008,perecederos,completo,246.1,101,completa
E00598,Daniela Silva,T008,perecederos,completo,241.93,98,parcial_tarde
E00599,Óscar Ramírez,T008,cajas,completo,258.57,119,completa
E00600,Alejandra Rivera,T008,piso_reposicion,completo,258.6,34,completa
E00601,Adriana Chávez,T008,piso_reposicion,completo,222.36,19,completa
E00602,Sergio Ramírez,T008,cajas,completo,234.98,36,completa
E00603,Francisco Medina,T008,piso_reposicion,completo,216.97,96,completa
E00604,Brenda Rivera,T008,perecederos,completo,290.24,26,completa
E00605,Sergio Pérez,T008,piso_reposicion,completo,221.32,107,completa
E00606,Paola Rivera,T008,almacen,completo,225.16,18,completa
E00607,Mario Luna,T008,cajas,completo,279.45,5,completa
E00608,Salvador Luna,T008,almacen,completo,200.61,26,completa
E00609,Gabriela Jiménez,T008,cajas,completo,253.39,91,completa
E00610,Karla Ortiz,T008,cajas,completo,250.74,72,completa
E00611,Verónica Juárez,T008,piso_reposicion,completo,250.37,42,completa
E00612,Eduardo Ramírez,T008,cajas,completo,241.32,79,completa
E00613,Alejandro Medina,T008,almacen,completo,220.52,78,completa
E00614,Paola Herrera,T008,piso_reposicion,completo,218.4,67,completa
E00615,Luis Vargas,T008,perecederos,completo,281.86,62,completa
E00616,Brenda Torres,T008,piso_reposicion,completo,249.24,12,completa
E00617,Jorge Vargas,T008,almacen,completo,206.83,31,parcial_manana
E00618,Arturo Mendoza,T008,almacen,completo,219.67,63,completa
E00619,María Rojas,T008,piso_reposicion,completo,254.65,16,completa
E00620,Laura Sánchez,T008,piso_reposicion,completo,210.14,57,completa
E00621,Silvia Mendoza,T008,piso_reposicion,completo,224.94,14,parcial_manana
E00622,Fernanda Delgado,T008,almacen,completo,227.75,95,completa
E00623,Patricia Gómez,T008,almacen,completo,216.7,12,completa
E00624,Carlos Castro,T008,piso_reposicion,completo,223.6,11,parcial_tarde
E00625,Ángel Hernández,T008,piso_reposicion,completo,233.0,77,completa
E00626,Silvia Vargas,T008,piso_reposicion,completo,219.08,26,parcial_tarde
E00627,Miguel Mendoza,T008,perecederos,completo,267.07,42,completa
E00628,Gabriela Ramírez,T008,piso_reposicion,completo,245.33,38,completa
E00629,Ricardo López,T008,almacen,completo,228.76,26,completa
E00630,Lucía Castro,T008,cajas,completo,225.59,92,completa
E00631,Roberto Flores,T008,almacen,completo,242.22,83,parcial_tarde
E00632,Carlos Ramos,T008,perecederos,completo,242.25,28,completa
E00633,Alejandro López,T008,perecederos,completo,283.54,83,parcial_manana
E00634,Javier Contreras,T008,perecederos,completo,255.24,86,completa
E00635,Karla Vázquez,T008,cajas,completo,266.97,65,completa
E00636,José Luna,T008,piso_reposicion,completo,220.31,69,parcial_tarde
E00637,Cecilia Sánchez,T008,piso_reposicion,completo,219.33,113,completa
E00638,Arturo Torres,T008,cajas,completo,249.82,54,parcial_tarde
E00639,Itzel Mendoza,T008,cajas,completo,221.98,46,completa
E00640,Salvador Mendoza,T008,cajas,completo,233.52,65,completa
E00641,Mónica Ramos,T009,piso_reposicion,completo,214.88,28,completa
E00642,Eduardo Rivera,T009,almacen,completo,232.42,109,completa
E00643,Eduardo Herrera,T009,almacen,completo,239.14,65,completa
E00644,Sergio Martínez,T009,piso_reposicion,completo,240.73,11,completa
E00645,Claudia Hernández,T009,piso_reposicion,completo,234.78,83,completa
E00646,Manuel Flores,T009,piso_reposicion,completo,240.87,5,completa
E00647,Patricia Chávez,T009,cajas,completo,229.1,33,completa
E00648,Manuel Cruz,T009,cajas,completo,232.93,87,completa
E00649,María Ramírez,T009,almacen,completo,213.49,61,completa
E00650,Rubén Cruz,T009,perecederos,completo,271.84,92,completa
E00651,Fernando Reyes,T009,almacen,completo,222.1,69,completa
E00652,Lucía Jiménez,T009,cajas,completo,234.67,102,completa
E00653,Cecilia Castillo,T009,cajas,completo,272.97,68,completa
E00654,Manuel Rojas,T009,cajas,completo,242.44,6,completa
E00655,Itzel Juárez,T009,piso_reposicion,completo,232.3,8,completa
E00656,Verónica Gómez,T009,piso_reposicion,completo,230.49,94,completa
E00657,Carlos Núñez,T009,cajas,completo,230.92,4,completa
E00658,José Jiménez,T009,piso_reposicion,completo,246.58,45,completa
E00659,Carlos Ramírez,T009,piso_reposicion,completo,232.42,1,completa
E00660,Cecilia Reyes,T009,almacen,completo,200.81,36,completa
E00661,Verónica Castro,T009,cajas,completo,277.84,72,completa
E00662,Sofía Juárez,T009,piso_reposicion,completo,250.79,20,completa
E00663,Antonio Cruz,T009,cajas,completo,263.41,56,completa
E00664,Jorge Sánchez,T009,cajas,completo,272.15,120,completa
E00665,Itzel Ramírez,T009,piso_reposicion,completo,255.34,8,completa
E00666,Silvia González,T009,cajas,completo,240.25,7,parcial_manana
E00667,Luis Herrera,T009,cajas,completo,256.66,32,completa
E00668,Paola Jiménez,T009,cajas,completo,256.53,100,completa
E00669,Alejandro Chávez,T009,almacen,completo,213.36,49,completa
E00670,Juan Medina,T009,cajas,completo,233.32,77,parcial_manana
E00671,Salvador Delgado,T009,perecederos,completo,237.97,4,completa
E00672,Ana Álvarez,T009,piso_reposicion,completo,242.97,88,parcial_tarde
E00673,Francisco Pérez,T009,piso_reposicion,completo,249.05,8,completa
E00674,José Romero,T009,perecederos,completo,283.27,86,completa
E00675,Verónica Rojas,T009,piso_reposicion,completo,225.81,17,completa
E00676,Adriana Ruiz,T009,cajas,completo,232.32,103,completa
E00677,Alejandro Reyes,T009,perecederos,completo,261.75,35,completa
E00678,Ana Morales,T009,perecederos,completo,268.28,22,parcial_manana
E00679,Guadalupe Rojas,T009,piso_reposicion,completo,255.95,40,completa
E00680,Salvador Martínez,T009,cajas,completo,272.49,0,parcial_manana
E00681,Ángel Vázquez,T009,piso_reposicion,completo,255.8,19,completa
E00682,Salvador González,T009,cajas,completo,271.02,72,completa
E00683,Javier Rojas,T009,cajas,completo,277.87,36,completa
E00684,Claudia Martínez,T009,almacen,completo,223.27,42,completa
E00685,Karla García,T009,perecederos,completo,233.32,97,completa
E00686,Raúl Reyes,T009,piso_reposicion,completo,214.18,14,completa
E00687,Diana Torres,T009,almacen,completo,219.51,47,completa
E00688,Ricardo Ramos,T009,piso_reposicion,completo,222.88,22,completa
E00689,Manuel Gómez,T009,piso_reposicion,completo,218.5,58,completa
E00690,Ana Cruz,T009,perecederos,completo,296.72,40,completa
E00691,Rosa Castillo,T009,piso_reposicion,completo,219.77,5,completa
E00692,Eduardo Castillo,T009,cajas,completo,277.56,8,completa
E00693,Itzel Luna,T009,cajas,completo,265.65,103,completa
E00694,Guadalupe Ramos,T009,perecederos,completo,274.87,6,completa
E00695,Luis Castillo,T009,piso_reposicion,completo,243.8,94,completa
E00696,Luis Herrera,T009,cajas,completo,239.89,110,completa
E00697,Karla Sánchez,T009,perecederos,completo,275.25,56,completa
E00698,Sofía Medina,T009,cajas,completo,231.2,37,parcial_tarde
E00699,Alejandro Guerrero,T009,cajas,completo,276.26,93,completa
E00700,María Díaz,T009,cajas,completo,238.11,118,parcial_tarde
E00701,Rubén Ramírez,T009,piso_reposicion,completo,222.76,14,completa
E00702,Diana Reyes,T009,perecederos,completo,279.78,116,completa
E00703,Karla Gómez,T009,piso_reposicion,completo,242.82,114,completa
E00704,Paola Romero,T009,perecederos,completo,261.59,17,completa
E00705,Laura Guerrero,T009,piso_reposicion,completo,241.62,6,completa
E00706,Ángel Romero,T009,piso_reposicion,completo,217.97,86,completa
E00707,Claudia Pérez,T009,cajas,completo,260.4,9,completa
E00708,Raúl Díaz,T009,perecederos,completo,248.94,72,completa
E00709,Francisco Herrera,T009,cajas,completo,236.37,7,completa
E00710,Víctor Reyes,T009,perecederos,completo,241.35,83,completa
E00711,Salvador Romero,T009,almacen,completo,216.62,28,completa
E00712,Roberto Herrera,T009,piso_reposicion,completo,226.56,11,completa
E00713,Luis Reyes,T009,piso_reposicion,completo,232.71,8,completa
E00714,Víctor Aguilar,T009,cajas,completo,231.43,22,completa
E00715,Mario Morales,T009,almacen,completo,209.65,65,completa
E00716,Alejandra Pérez,T009,perecederos,completo,267.92,9,completa
E00717,Sergio Cruz,T009,almacen,completo,206.44,97,completa
E00718,Patricia Gutiérrez,T009,piso_reposicion,completo,244.44,73,completa
E00719,Ana García,T009,almacen,completo,247.2,35,completa
E00720,Cecilia Rojas,T009,piso_reposicion,completo,231.34,119,completa
E00721,Mario Vargas,T010,piso_reposicion,completo,238.13,62,completa
E00722,Daniela Guerrero,T010,perecederos,completo,269.03,116,completa
E00723,Víctor Ramírez,T010,perecederos,completo,298.92,72,completa
E00724,Raúl Ruiz,T010,piso_reposicion,completo,222.4,85,completa
E00725,Eduardo Contreras,T010,piso_reposicion,completo,213.8,15,completa
E00726,Ricardo Silva,T010,perecederos,completo,269.34,119,parcial_manana
E00727,José Romero,T010,almacen,completo,216.44,29,parcial_manana
E00728,Daniela Ruiz,T010,cajas,completo,239.34,117,parcial_tarde
E00729,Salvador Rojas,T010,cajas,completo,220.43,53,parcial_manana
E00730,Karla Guerrero,T010,cajas,completo,255.77,111,completa
E00731,Karla Rojas,T010,cajas,completo,235.84,107,completa
E00732,Itzel Delgado,T010,piso_reposicion,completo,219.39,91,completa
E00733,Fernando Morales,T010,piso_reposicion,completo,212.02,110,completa
E00734,Alejandro Castro,T010,almacen,completo,218.22,73,completa
E00735,Salvador Ortiz,T010,piso_reposicion,completo,253.95,102,parcial_tarde
E00736,Sergio Juárez,T010,piso_reposicion,completo,226.83,20,completa
E00737,Ricardo Juárez,T010,perecederos,completo,277.54,8,completa
E00738,Elena Luna,T010,cajas,completo,265.39,65,completa
E00739,Itzel Romero,T010,cajas,completo,239.69,97,completa
E00740,Juan Ramos,T010,perecederos,completo,287.51,92,completa
E00741,Ana Sánchez,T010,piso_reposicion,completo,244.59,63,completa
E00742,Eduardo Aguilar,T010,perecederos,completo,269.15,63,completa
E00743,María Castillo,T010,piso_reposicion,completo,210.05,73,completa
E00744,Miguel Jiménez,T010,cajas,completo,222.11,105,parcial_tarde
E00745,Silvia Herrera,T010,almacen,completo,249.54,101,completa
E00746,Diana Guerrero,T010,cajas,completo,266.94,13,completa
E00747,Eduardo Pérez,T010,almacen,completo,246.88,72,completa
E00748,Manuel Gutiérrez,T010,perecederos,completo,293.16,46,completa
E00749,Luis Vargas,T010,piso_reposicion,completo,211.02,96,completa
E00750,Rosa Juárez,T010,cajas,completo,267.51,61,parcial_tarde
E00751,Ramón Álvarez,T010,piso_reposicion,completo,232.56,119,completa
E00752,Luis Álvarez,T010,cajas,completo,267.37,52,completa
E00753,Adriana Guerrero,T010,almacen,completo,200.34,82,completa
E00754,Daniela Contreras,T010,cajas,completo,237.29,13,completa
E00755,Fernando Mendoza,T010,almacen,completo,237.57,112,completa
E00756,Cecilia Flores,T010,piso_reposicion,completo,249.65,18,completa
E00757,Raúl Castillo,T010,piso_reposicion,completo,240.99,45,parcial_tarde
E00758,Raúl Vargas,T010,piso_reposicion,completo,225.06,101,completa
E00759,Daniela González,T010,almacen,completo,215.52,117,completa
E00760,Andrea Ruiz,T010,piso_reposicion,completo,258.34,58,completa
E00761,Óscar Vázquez,T010,cajas,completo,246.35,58,completa
E00762,José Luna,T010,piso_reposicion,completo,232.36,5,parcial_tarde
E00763,Patricia Torres,T010,cajas,completo,253.14,118,completa
E00764,Raúl Núñez,T010,piso_reposicion,completo,230.48,1,completa
E00765,Mónica Gutiérrez,T010,almacen,completo,227.63,3,completa
E00766,Luis Castillo,T010,piso_reposicion,completo,231.62,57,completa
E00767,Karla Medina,T010,piso_reposicion,completo,251.34,0,completa
E00768,Claudia Romero,T010,piso_reposicion,completo,255.45,19,completa
E00769,Patricia Núñez,T010,perecederos,completo,295.25,75,completa
E00770,Lucía Sánchez,T010,cajas,completo,253.86,85,completa
E00771,Silvia Castro,T010,cajas,completo,246.53,36,completa
E00772,Diana Contreras,T010,cajas,completo,262.31,96,completa
E00773,Ricardo Torres,T010,almacen,completo,241.92,73,completa
E00774,Ricardo Rivera,T010,piso_reposicion,completo,238.15,27,completa
E00775,Adriana Ramos,T010,piso_reposicion,completo,245.0,86,completa
E00776,Juan Vargas,T010,cajas,completo,264.98,71,completa
E00777,Manuel Contreras,T010,cajas,completo,260.58,98,completa
E00778,José Álvarez,T010,cajas,completo,264.77,18,completa
E00779,José Álvarez,T010,perecederos,completo,244.61,27,completa
E00780,Diana Gutiérrez,T010,piso_reposicion,completo,234.92,36,parcial_manana
E00781,Lucía Aguilar,T010,cajas,completo,255.3,41,completa
E00782,Mario Torres,T010,cajas,completo,220.15,107,completa
E00783,Luis Chávez,T010,almacen,completo,242.8,88,completa
E00784,Jorge Ramírez,T010,cajas,completo,256.6,65,completa
E00785,Diana Martínez,T010,cajas,completo,227.75,65,completa
E00786,Sergio Guerrero,T010,perecederos,completo,287.14,107,completa
E00787,Silvia Juárez,T010,perecederos,completo,280.19,54,completa
E00788,Óscar Jiménez,T010,piso_reposicion,completo,247.91,27,completa
E00789,Javier García,T010,cajas,completo,243.52,16,parcial_manana
E00790,Ana Hernández,T010,piso_reposicion,completo,252.71,39,completa
E00791,Luis González,T010,almacen,completo,220.7,79,completa
E00792,Laura Vargas,T010,cajas,completo,254.23,56,parcial_tarde
E00793,Gabriela Torres,T010,piso_reposicion,completo,210.03,51,parcial_tarde
E00794,Alejandro Rivera,T010,perecederos,completo,275.14,58,completa
E00795,Jorge Guerrero,T010,perecederos,completo,280.27,117,completa
E00796,Gabriela Rojas,T010,piso_reposicion,completo,238.36,120,completa
E00797,Ángel Ruiz,T010,almacen,completo,224.83,19,completa
E00798,Diana Díaz,T010,cajas,completo,268.6,13,completa
E00799,Mario Romero,T010,piso_reposicion,completo,244.07,29,completa
E00800,Eduardo Torres,T010,perecederos,completo,249.47,103,completa
E00801,Rosa Castro,T011,cajas,completo,228.25,101,completa
E00802,Gabriela Ruiz,T011,perecederos,completo,269.49,80,completa
E00803,Miguel Castillo,T011,cajas,completo,223.7,58,completa
E00804,Claudia Delgado,T011,almacen,completo,221.54,62,completa
E00805,Manuel Gutiérrez,T011,piso_reposicion,completo,229.51,86,completa
E00806,Antonio Ramírez,T011,cajas,completo,245.67,63,completa
E00807,Arturo Sánchez,T011,piso_reposicion,completo,223.99,101,completa
E00808,Fernanda Torres,T011,piso_reposicion,completo,244.29,111,completa
E00809,Sofía Torres,T011,piso_reposicion,completo,252.05,114,completa
E00810,Víctor Díaz,T011,cajas,completo,266.11,75,completa
E00811,Rosa Torres,T011,cajas,completo,257.67,89,completa
E00812,Ricardo Romero,T011,cajas,completo,252.3,37,completa
E00813,Sofía Pérez,T011,piso_reposicion,completo,211.55,4,completa
E00814,Cecilia Mendoza,T011,perecederos,completo,280.61,48,completa
E00815,Guadalupe Reyes,T011,perecederos,completo,268.15,105,completa
E00816,Andrea Herrera,T011,piso_reposicion,completo,223.54,16,completa
E00817,Diana Jiménez,T011,piso_reposicion,completo,226.39,66,completa
E00818,Ángel Núñez,T011,piso_reposicion,completo,256.78,23,parcial_manana
E00819,Manuel Gutiérrez,T011,cajas,completo,257.46,51,parcial_manana
E00820,Rubén Gómez,T011,cajas,completo,248.55,17,parcial_manana
E00821,Lucía Romero,T011,piso_reposicion,completo,241.05,88,completa
E00822,Paola Medina,T011,piso_reposicion,completo,230.69,98,completa
E00823,Lucía Gutiérrez,T011,piso_reposicion,completo,233.51,91,completa
E00824,Miguel Castillo,T011,perecederos,completo,250.32,85,completa
E00825,Antonio Chávez,T011,piso_reposicion,completo,231.99,28,completa
E00826,Adriana Díaz,T011,piso_reposicion,completo,244.28,64,completa
E00827,Francisco Díaz,T011,piso_reposicion,completo,212.0,12,completa
E00828,Guadalupe Núñez,T011,cajas,completo,267.7,45,completa
E00829,Carlos Herrera,T011,almacen,completo,214.15,61,completa
E00830,Karla Hernández,T011,perecederos,completo,277.78,80,completa
E00831,Arturo Contreras,T011,cajas,completo,258.56,11,completa
E00832,Ricardo Vargas,T011,almacen,completo,232.63,98,parcial_manana
E00833,Eduardo López,T011,piso_reposicion,completo,240.41,55,completa
E00834,Óscar Castro,T011,cajas,completo,277.55,106,completa
E00835,Ángel Romero,T011,piso_reposicion,completo,235.42,63,completa
E00836,Brenda Núñez,T011,cajas,completo,263.94,66,completa
E00837,Mario Ramos,T011,cajas,completo,262.33,83,completa
E00838,Rosa Jiménez,T011,piso_reposicion,completo,221.81,99,completa
E00839,Ramón Díaz,T011,perecederos,completo,249.83,19,completa
E00840,Andrea Díaz,T011,almacen,completo,221.2,61,completa
E00841,Roberto Mendoza,T011,perecederos,completo,249.44,3,completa
E00842,Arturo Delgado,T011,perecederos,completo,255.67,57,parcial_tarde
E00843,Raúl Rojas,T011,cajas,completo,243.46,98,completa
E00844,Roberto Ruiz,T011,piso_reposicion,completo,240.19,104,completa
E00845,Silvia Mendoza,T011,almacen,completo,210.99,34,completa
E00846,Miguel Jiménez,T011,piso_reposicion,completo,250.21,46,completa
E00847,Luis Reyes,T011,almacen,completo,221.88,66,completa
E00848,José Ruiz,T011,cajas,completo,262.37,47,completa
E00849,Ángel Díaz,T011,almacen,completo,204.07,21,completa
E00850,Roberto Rivera,T011,piso_reposicion,completo,233.5,36,completa
E00851,Diana Guerrero,T011,cajas,completo,221.69,48,completa
E00852,Arturo Romero,T011,perecederos,completo,277.31,62,completa
E00853,Diana Cruz,T011,cajas,completo,240.62,111,parcial_manana
E00854,Sergio Guerrero,T011,cajas,completo,276.96,65,completa
E00855,Juan Contreras,T011,cajas,completo,239.45,46,parcial_tarde
E00856,Laura Díaz,T011,almacen,completo,228.19,79,completa
E00857,Salvador Jiménez,T011,cajas,completo,235.44,93,completa
E00858,Antonio Ramos,T011,piso_reposicion,completo,241.01,52,completa
E00859,Miguel Vargas,T011,perecederos,completo,262.69,59,parcial_manana
E00860,Fernando Contreras,T011,perecederos,completo,255.94,26,completa
E00861,Alejandro Vázquez,T011,piso_reposicion,completo,220.18,104,completa
E00862,Elena Álvarez,T011,cajas,completo,226.69,104,completa
E00863,Ricardo Romero,T011,perecederos,completo,238.39,21,completa
E00864,Eduardo Rojas,T011,piso_reposicion,completo,259.95,41,completa
E00865,Guadalupe Ortiz,T011,piso_reposicion,completo,230.62,32,completa
E00866,Sofía Morales,T011,cajas,completo,220.12,111,completa
E00867,Verónica Ortiz,T011,almacen,completo,247.65,7,completa
E00868,Claudia Silva,T011,perecederos,completo,231.4,25,completa
E00869,Mario Mendoza,T011,perecederos,completo,259.3,38,completa
E00870,Salvador Sánchez,T011,cajas,completo,263.05,67,completa
E00871,Ricardo Martínez,T011,piso_reposicion,completo,255.73,30,completa
E00872,Javier Jiménez,T011,piso_reposicion,completo,245.64,64,completa
E00873,José Juárez,T011,almacen,completo,223.18,90,parcial_tarde
E00874,Raúl Ramos,T011,cajas,completo,278.47,100,completa
E00875,Laura Castillo,T011,almacen,completo,201.97,11,completa
E00876,Ana Álvarez,T011,cajas,completo,279.21,16,completa
E00877,Gabriela Jiménez,T011,piso_reposicion,completo,252.47,11,completa
E00878,Miguel Núñez,T011,almacen,completo,246.45,110,completa
E00879,Verónica Aguilar,T011,piso_reposicion,completo,222.74,78,completa
E00880,Guadalupe Castro,T011,cajas,completo,228.55,64,parcial_tarde
E00881,Ángel García,T012,cajas,completo,253.14,15,completa
E00882,Fernanda Aguilar,T012,perecederos,completo,288.51,97,completa
E00883,Guadalupe Hernández,T012,perecederos,completo,249.59,84,parcial_tarde
E00884,Fernando Martínez,T012,perecederos,completo,266.34,104,completa
E00885,Lucía Luna,T012,piso_reposicion,completo,215.87,11,parcial_manana
E00886,Sergio Ramos,T012,piso_reposicion,completo,254.23,25,completa
E00887,María González,T012,cajas,completo,230.5,106,completa
E00888,Sergio Medina,T012,cajas,completo,226.14,5,completa
E00889,Ángel Cruz,T012,perecederos,completo,244.35,61,completa
E00890,Fernanda Vázquez,T012,almacen,completo,240.31,48,completa
E00891,Andrea Rojas,T012,almacen,completo,205.29,113,completa
E00892,Patricia Flores,T012,almacen,completo,230.72,103,parcial_tarde
E00893,Sofía Aguilar,T012,piso_reposicion,completo,247.31,108,completa
E00894,Ricardo Delgado,T012,piso_reposicion,completo,247.55,34,completa
E00895,Daniela Ortiz,T012,piso_reposicion,completo,219.5,71,completa
E00896,Sofía Contreras,T012,cajas,completo,223.7,84,completa
E00897,Antonio Gutiérrez,T012,perecederos,completo,261.42,117,completa
E00898,Juan Chávez,T012,almacen,completo,210.12,0,completa
E00899,Elena Rojas,T012,piso_reposicion,completo,244.96,118,completa
E00900,Sofía Aguilar,T012,cajas,completo,241.4,42,completa
E00901,Laura Guerrero,T012,piso_reposicion,completo,232.47,15,completa
E00902,Itzel Álvarez,T012,almacen,completo,205.67,74,completa
E00903,Gabriela Vargas,T012,perecederos,completo,269.73,94,completa
E00904,Brenda Flores,T012,piso_reposicion,completo,219.28,15,completa
E00905,Sergio Morales,T012,cajas,completo,260.74,4,completa
E00906,Guadalupe Guerrero,T012,almacen,completo,203.56,108,completa
E00907,Brenda Mendoza,T012,cajas,completo,278.55,112,parcial_tarde
E00908,Antonio Gómez,T012,cajas,completo,261.07,18,completa
E00909,Óscar Reyes,T012,piso_reposicion,completo,219.09,109,completa
E00910,Andrea Álvarez,T012,cajas,completo,220.85,110,completa
E00911,Manuel Ramírez,T012,perecederos,completo,253.41,120,completa
E00912,Manuel González,T012,piso_reposicion,completo,217.64,26,completa
E00913,Ricardo Ruiz,T012,perecederos,completo,245.29,70,completa
E00914,Claudia Gómez,T012,piso_reposicion,completo,253.64,120,parcial_tarde
E00915,Eduardo Ruiz,T012,cajas,completo,256.19,109,completa
E00916,José Vázquez,T012,cajas,completo,230.59,73,completa
E00917,Carlos Silva,T012,piso_reposicion,completo,237.83,23,completa
E00918,Víctor Jiménez,T012,piso_reposicion,completo,222.79,10,completa
E00919,Sergio Guerrero,T012,cajas,completo,278.57,31,completa
E00920,Rubén Guerrero,T012,piso_reposicion,completo,211.64,7,completa
E00921,Raúl Torres,T012,cajas,completo,263.94,23,completa
E00922,Arturo Silva,T012,cajas,completo,266.38,9,completa
E00923,Mario Castro,T012,perecederos,completo,234.7,92,completa
E00924,Gabriela González,T012,almacen,completo,208.59,71,completa
E00925,Alejandro García,T012,piso_reposicion,completo,229.22,62,completa
E00926,Javier Rivera,T012,piso_reposicion,completo,253.41,97,completa
E00927,Patricia García,T012,piso_reposicion,completo,236.85,49,completa
E00928,Alejandro Cruz,T012,cajas,completo,259.32,48,completa
E00929,Óscar Silva,T012,piso_reposicion,completo,249.15,25,completa
E00930,Laura Ramos,T012,piso_reposicion,completo,251.41,53,completa
E00931,Gabriela García,T012,piso_reposicion,completo,233.81,21,completa
E00932,Adriana Ramos,T012,perecederos,completo,265.62,71,completa
E00933,Sofía Torres,T012,perecederos,completo,280.26,120,completa
E00934,Juan Guerrero,T012,cajas,completo,235.8,64,completa
E00935,Paola Hernández,T012,piso_reposicion,completo,252.72,36,parcial_tarde
E00936,Fernanda Ruiz,T012,almacen,completo,201.04,83,completa
E00937,Eduardo Gutiérrez,T012,almacen,completo,209.79,99,parcial_tarde
E00938,Diana García,T012,cajas,completo,268.01,57,completa
E00939,Arturo Medina,T012,cajas,completo,240.42,30,completa
E00940,Roberto Chávez,T012,piso_reposicion,completo,217.49,86,completa
E00941,Daniela Ruiz,T012,cajas,completo,231.21,22,completa
E00942,Alejandro Mendoza,T012,perecederos,completo,267.15,120,completa
E00943,Francisco Álvarez,T012,perecederos,completo,289.23,38,completa
E00944,Rubén Chávez,T012,piso_reposicion,completo,213.53,42,completa
E00945,Gabriela García,T012,cajas,completo,221.83,87,completa
E00946,Miguel Pérez,T012,piso_reposicion,completo,233.26,1,completa
E00947,Itzel Chávez,T012,piso_reposicion,completo,257.81,24,completa
E00948,Laura Morales,T012,almacen,completo,213.95,15,completa
E00949,Adriana Álvarez,T012,cajas,completo,277.55,47,completa
E00950,Miguel Ortiz,T012,perecederos,completo,292.14,66,completa
E00951,Fernando Guerrero,T012,cajas,completo,236.99,21,completa
E00952,Arturo Ramírez,T012,cajas,completo,269.02,41,completa
E00953,Silvia Morales,T012,cajas,completo,261.15,93,completa
E00954,Silvia Ruiz,T012,cajas,completo,250.71,113,completa
E00955,Mario González,T012,piso_reposicion,completo,231.15,1,completa
E00956,Patricia Díaz,T012,almacen,completo,240.78,75,completa
E00957,Luis Ruiz,T012,piso_reposicion,completo,249.65,3,completa
E00958,Brenda Romero,T012,piso_reposicion,completo,247.85,62,completa
E00959,Salvador Álvarez,T012,almacen,completo,249.91,106,completa
E00960,Elena Jiménez,T012,cajas,completo,248.71,96,parcial_manana
E00961,Ana Morales,T013,cajas,completo,259.64,19,completa
E00962,Rubén García,T013,piso_reposicion,completo,247.75,69,completa
E00963,Eduardo Díaz,T013,cajas,completo,222.23,120,completa
E00964,Ana Romero,T013,piso_reposicion,completo,237.69,83,completa
E00965,Roberto Pérez,T013,piso_reposicion,completo,238.79,111,completa
E00966,Eduardo González,T013,almacen,completo,215.17,23,completa
E00967,Adriana Medina,T013,cajas,completo,272.58,26,parcial_manana
E00968,Antonio Gutiérrez,T013,cajas,completo,229.76,90,completa
E00969,Diana Pérez,T013,perecederos,completo,255.49,37,completa
E00970,Roberto Castro,T013,perecederos,completo,289.41,102,parcial_tarde
E00971,Sergio Álvarez,T013,piso_reposicion,completo,219.53,56,completa
E00972,Miguel Martínez,T013,piso_reposicion,completo,251.07,24,completa
E00973,Alejandra Torres,T013,piso_reposicion,completo,213.95,102,completa
E00974,Francisco Cruz,T013,piso_reposicion,completo,234.46,66,completa
E00975,Óscar Castro,T013,cajas,completo,224.52,97,completa
E00976,Itzel López,T013,piso_reposicion,completo,243.9,54,completa
E00977,Alejandra Juárez,T013,piso_reposicion,completo,249.53,15,completa
E00978,Andrea Díaz,T013,piso_reposicion,completo,252.49,82,completa
E00979,Cecilia Pérez,T013,piso_reposicion,completo,259.06,15,completa
E00980,Arturo Guerrero,T013,piso_reposicion,completo,243.6,80,completa
E00981,Diana Hernández,T013,cajas,completo,266.14,50,completa
E00982,José Pérez,T013,cajas,completo,250.35,95,completa
E00983,María Luna,T013,perecederos,completo,293.89,105,completa
E00984,Patricia Jiménez,T013,cajas,completo,258.63,49,parcial_manana
E00985,Patricia Chávez,T013,perecederos,completo,291.85,106,completa
E00986,Eduardo Herrera,T013,perecederos,completo,246.48,13,completa
E00987,Alejandra Aguilar,T013,cajas,completo,249.8,12,completa
E00988,Silvia Mendoza,T013,perecederos,completo,281.09,120,completa
E00989,Claudia García,T013,cajas,completo,232.16,69,completa
E00990,Brenda Castillo,T013,piso_reposicion,completo,220.57,54,parcial_tarde
E00991,Claudia Gómez,T013,piso_reposicion,completo,258.9,18,completa
E00992,Daniela Juárez,T013,perecederos,completo,260.42,34,completa
E00993,Paola Jiménez,T013,cajas,completo,230.91,83,parcial_tarde
E00994,Antonio González,T013,perecederos,completo,253.2,99,completa
E00995,Elena Rojas,T013,almacen,completo,219.87,110,parcial_manana
E00996,Verónica Gómez,T013,almacen,completo,231.15,49,completa
E00997,Gabriela Rivera,T013,almacen,completo,246.15,55,completa
E00998,Fernando Luna,T013,perecederos,completo,299.06,19,parcial_tarde
E00999,Paola Álvarez,T013,cajas,completo,259.1,10,completa
E01000,Silvia Guerrero,T013,cajas,completo,262.0,52,completa
E01001,Roberto Medina,T013,cajas,completo,239.31,70,completa
E01002,Ricardo Núñez,T013,almacen,completo,242.86,12,completa
E01003,Roberto González,T013,cajas,completo,233.07,49,completa
E01004,Fernanda Romero,T013,cajas,completo,226.38,77,completa
E01005,Miguel Gómez,T013,almacen,completo,248.66,98,completa
E01006,Rubén Morales,T013,piso_reposicion,completo,253.21,113,completa
E01007,Roberto Flores,T013,piso_reposicion,completo,225.18,41,completa
E01008,Víctor Torres,T013,cajas,completo,260.51,47,completa
E01009,Karla Gutiérrez,T013,perecederos,completo,262.69,105,completa
E01010,Karla Núñez,T013,piso_reposicion,completo,226.16,83,completa
E01011,Brenda Aguilar,T013,perecederos,completo,250.07,33,completa
E01012,Rosa Reyes,T013,perecederos,completo,239.52,82,completa
E01013,Adriana Gutiérrez,T013,almacen,completo,227.47,19,completa
E01014,Luis Vázquez,T013,almacen,completo,222.33,54,completa
E01015,Ricardo Flores,T013,cajas,completo,250.73,37,completa
E01016,Juan Jiménez,T013,piso_reposicion,completo,220.77,120,completa
E01017,Óscar Herrera,T013,piso_reposicion,completo,256.93,4,parcial_tarde
E01018,Raúl Flores,T013,cajas,completo,258.32,103,parcial_manana
E01019,Lucía Romero,T013,cajas,completo,273.98,34,completa
E01020,Miguel Vargas,T013,piso_reposicion,completo,215.46,4,parcial_manana
E01021,Alejandro Jiménez,T013,piso_reposicion,completo,241.14,79,parcial_tarde
E01022,Gabriela Gómez,T013,piso_reposicion,completo,252.47,82,completa
E01023,Fernanda Castillo,T013,cajas,completo,239.86,17,completa
E01024,Mario Álvarez,T013,almacen,completo,209.76,4,completa
E01025,Ana Torres,T013,perecederos,completo,248.55,13,completa
E01026,Roberto Castillo,T013,piso_reposicion,completo,223.65,49,completa
E01027,María Herrera,T013,almacen,completo,222.36,16,completa
E01028,Ángel Díaz,T013,almacen,completo,216.3,85,completa
E01029,Carlos Morales,T013,cajas,completo,236.28,9,parcial_tarde
E01030,Fernanda Rojas,T013,piso_reposicion,completo,242.43,95,completa
E01031,Laura Cruz,T013,cajas,completo,223.18,105,completa
E01032,María Romero,T013,almacen,completo,217.02,86,completa
E01033,Itzel Pérez,T013,perecederos,completo,278.28,114,completa
E01034,Diana Luna,T013,piso_reposicion,completo,218.79,113,completa
E01035,Diana Romero,T013,cajas,completo,233.26,5,completa
E01036,Arturo Ruiz,T013,cajas,completo,232.04,41,completa
E01037,Elena Mendoza,T013,piso_reposicion,completo,210.05,91,completa
E01038,Óscar Cruz,T013,cajas,completo,248.43,41,completa
E01039,Diana Reyes,T013,piso_reposicion,completo,211.95,89,completa
E01040,Elena Vargas,T013,piso_reposicion,completo,223.65,93,completa
E01041,Arturo Martínez,T014,piso_reposicion,completo,241.58,87,completa
E01042,María Reyes,T014,piso_reposicion,completo,219.39,59,parcial_tarde
E01043,Alejandra Gómez,T014,piso_reposicion,completo,252.92,72,completa
E01044,Rubén López,T014,almacen,completo,202.67,116,completa
E01045,Javier González,T014,piso_reposicion,completo,239.76,52,completa
E01046,Antonio Ramos,T014,almacen,completo,249.19,72,completa
E01047,Arturo González,T014,piso_reposicion,completo,236.58,111,completa
E01048,Claudia Reyes,T014,perecederos,completo,286.05,45,completa
E01049,Andrea Castillo,T014,cajas,completo,255.71,101,completa
E01050,Adriana Guerrero,T014,almacen,completo,239.15,64,completa
E01051,María Hernández,T014,cajas,completo,259.34,106,completa
E01052,Jorge Gutiérrez,T014,perecederos,completo,278.38,56,completa
E01053,Gabriela González,T014,cajas,completo,233.67,76,completa
E01054,Daniela Gutiérrez,T014,almacen,completo,237.09,39,completa
E01055,Juan Ramos,T014,cajas,completo,234.27,76,completa
E01056,Carlos Álvarez,T014,piso_reposicion,completo,259.03,39,parcial_manana
E01057,Itzel Gutiérrez,T014,cajas,completo,233.67,73,completa
E01058,Alejandro Luna,T014,piso_reposicion,completo,221.83,95,parcial_tarde
E01059,José Pérez,T014,piso_reposicion,completo,252.93,52,completa
E01060,Eduardo López,T014,almacen,completo,212.15,51,completa
E01061,Javier García,T014,perecederos,completo,255.26,38,completa
E01062,Antonio Cruz,T014,piso_reposicion,completo,245.73,88,completa
E01063,Mario Ramírez,T014,perecederos,completo,241.11,71,completa
E01064,Sofía Hernández,T014,cajas,completo,229.54,62,completa
E01065,Sergio Flores,T014,almacen,completo,224.32,3,completa
E01066,Lucía Contreras,T014,piso_reposicion,completo,222.18,13,completa
E01067,Raúl Juárez,T014,cajas,completo,234.14,0,completa
E01068,Francisco García,T014,cajas,completo,220.55,102,completa
E01069,Óscar Núñez,T014,almacen,completo,218.52,103,completa
E01070,Lucía Torres,T014,piso_reposicion,completo,225.91,8,completa
E01071,Carlos Ortiz,T014,cajas,completo,221.87,5,parcial_manana
E01072,Miguel Reyes,T014,cajas,completo,257.27,94,parcial_tarde
E01073,Gabriela Ortiz,T014,piso_reposicion,completo,241.33,63,completa
E01074,Guadalupe Ruiz,T014,piso_reposicion,completo,213.54,37,completa
E01075,Mario Vargas,T014,almacen,completo,215.85,74,completa
E01076,Guadalupe Romero,T014,piso_reposicion,completo,253.64,28,completa
E01077,Rubén Aguilar,T014,perecederos,completo,270.75,23,parcial_manana
E01078,Gabriela Castro,T014,perecederos,completo,258.84,44,completa
E01079,Antonio Ramírez,T014,cajas,completo,247.91,108,completa
E01080,Elena Morales,T014,cajas,completo,232.5,92,completa
E01081,Daniela González,T014,cajas,completo,268.71,23,completa
E01082,Lucía Vargas,T014,perecederos,completo,293.98,67,completa
E01083,Lucía Gutiérrez,T014,cajas,completo,274.64,107,completa
E01084,Francisco Aguilar,T014,cajas,completo,233.44,115,completa
E01085,Claudia Castillo,T014,cajas,completo,238.64,92,completa
E01086,Silvia Rivera,T014,piso_reposicion,completo,218.03,15,parcial_tarde
E01087,Jorge Pérez,T014,piso_reposicion,completo,225.36,29,completa
E01088,Óscar Contreras,T014,almacen,completo,216.64,26,completa
E01089,Miguel Gómez,T014,cajas,completo,257.99,18,parcial_tarde
E01090,Fernanda González,T014,perecederos,completo,243.28,21,completa
E01091,Miguel Díaz,T014,cajas,completo,275.16,38,parcial_manana
E01092,Ricardo Núñez,T014,perecederos,completo,237.22,67,completa
E01093,Antonio Rivera,T014,perecederos,completo,230.48,48,completa
E01094,Fernando Silva,T014,piso_reposicion,completo,252.75,50,completa
E01095,Miguel Chávez,T014,perecederos,completo,279.26,29,completa
E01096,Arturo Guerrero,T014,perecederos,completo,254.88,18,completa
E01097,María Medina,T014,almacen,completo,229.77,120,completa
E01098,Silvia Martínez,T014,cajas,completo,233.41,72,completa
E01099,Juan Jiménez,T014,cajas,completo,230.1,27,completa
E01100,Alejandro Ortiz,T014,perecederos,completo,262.98,98,completa
E01101,Salvador Torres,T014,piso_reposicion,completo,227.66,100,completa
E01102,Laura Vázquez,T014,piso_reposicion,completo,240.76,116,completa
E01103,Ana González,T014,cajas,completo,233.09,19,parcial_tarde
E01104,Lucía Herrera,T014,piso_reposicion,completo,243.15,77,parcial_tarde
E01105,Ana Juárez,T014,perecederos,completo,283.68,118,completa
E01106,Mario Hernández,T014,cajas,completo,230.0,97,completa
E01107,Antonio Ramos,T014,piso_reposicion,completo,212.19,27,completa
E01108,Itzel Medina,T014,cajas,completo,246.38,108,completa
E01109,Jorge López,T014,piso_reposicion,completo,248.7,51,completa
E01110,Laura Morales,T014,piso_reposicion,completo,242.54,59,completa
E01111,Rubén Rivera,T014,cajas,completo,262.11,67,completa
E01112,Ramón Martínez,T014,cajas,completo,244.17,93,completa
E01113,Brenda Juárez,T014,piso_reposicion,completo,221.75,14,completa
E01114,Sofía Gutiérrez,T014,cajas,completo,251.91,65,completa
E01115,Roberto Ruiz,T014,almacen,completo,210.22,98,completa
E01116,Sergio Romero,T014,piso_reposicion,completo,246.31,66,completa
E01117,Antonio Rojas,T014,piso_reposicion,completo,219.85,33,completa
E01118,Jorge Silva,T014,piso_reposicion,completo,224.56,6,completa
E01119,Fernando Mendoza,T014,almacen,completo,225.33,66,completa
E01120,Raúl Cruz,T014,piso_reposicion,completo,234.34,85,completa
E01121,Alejandro Gómez,T015,cajas,completo,240.82,99,parcial_tarde
E01122,Daniela Romero,T015,perecederos,completo,274.67,118,completa
E01123,Raúl Castillo,T015,perecederos,completo,254.15,0,completa
E01124,Miguel García,T015,cajas,completo,243.76,56,completa
E01125,Patricia Núñez,T015,perecederos,completo,232.8,14,completa
E01126,Gabriela Castillo,T015,piso_reposicion,completo,255.9,52,completa
E01127,Ricardo Flores,T015,perecederos,completo,258.48,74,completa
E01128,Itzel Aguilar,T015,piso_reposicion,completo,226.41,49,parcial_manana
E01129,Itzel Herrera,T015,piso_reposicion,completo,214.32,37,completa
E01130,Sofía Núñez,T015,cajas,completo,258.05,37,completa
E01131,Claudia Martínez,T015,piso_reposicion,completo,253.19,36,completa
E01132,Alejandro Ortiz,T015,cajas,completo,222.47,39,completa
E01133,Daniela Ramírez,T015,perecederos,completo,240.17,45,parcial_manana
E01134,Gabriela Castillo,T015,piso_reposicion,completo,217.32,83,parcial_tarde
E01135,Ricardo Jiménez,T015,almacen,completo,230.11,11,parcial_tarde
E01136,Laura Chávez,T015,piso_reposicion,completo,256.06,4,completa
E01137,Jorge Silva,T015,cajas,completo,246.27,62,completa
E01138,Salvador Vázquez,T015,almacen,completo,217.19,82,completa
E01139,Jorge Ortiz,T015,cajas,completo,265.95,31,completa
E01140,Fernando López,T015,cajas,completo,264.55,24,completa
E01141,Mónica Gómez,T015,piso_reposicion,completo,222.34,75,completa
E01142,Guadalupe Rojas,T015,piso_reposicion,completo,218.04,46,completa
E01143,Elena Chávez,T015,cajas,completo,241.47,89,parcial_manana
E01144,Miguel Núñez,T015,cajas,completo,266.54,17,completa
E01145,Salvador Vázquez,T015,almacen,completo,234.75,14,parcial_manana
E01146,Salvador Vázquez,T015,cajas,completo,259.95,66,completa
E01147,Lucía Gutiérrez,T015,piso_reposicion,completo,251.47,47,completa
E01148,Jorge Castillo,T015,piso_reposicion,completo,223.86,88,completa
E01149,Raúl López,T015,perecederos,completo,253.78,61,completa
E01150,Gabriela López,T015,almacen,completo,202.12,42,completa
E01151,Itzel Ramos,T015,perecederos,completo,290.81,19,completa
E01152,Laura Romero,T015,cajas,completo,254.95,19,completa
E01153,Eduardo Castillo,T015,cajas,completo,237.89,91,parcial_tarde
E01154,Rosa Gutiérrez,T015,cajas,completo,224.16,27,completa
E01155,Sergio Gómez,T015,cajas,completo,263.4,60,completa
E01156,Itzel Vargas,T015,cajas,completo,264.92,98,completa
E01157,Ana Mendoza,T015,perecederos,completo,276.63,108,completa
E01158,Laura Martínez,T015,cajas,completo,232.23,32,completa
E01159,Ángel Chávez,T015,piso_reposicion,completo,255.66,13,completa
E01160,María Vargas,T015,piso_reposicion,completo,247.66,93,completa
E01161,Óscar Álvarez,T015,piso_reposicion,completo,242.89,83,completa
E01162,Alejandra Gómez,T015,perecederos,completo,275.57,40,completa
E01163,Daniela Núñez,T015,perecederos,completo,293.31,71,completa
E01164,Itzel Medina,T015,piso_reposicion,completo,256.42,22,parcial_manana
E01165,Víctor Gutiérrez,T015,almacen,completo,229.78,84,completa
E01166,Alejandro Aguilar,T015,almacen,completo,220.83,88,completa
E01167,María Guerrero,T015,perecederos,completo,255.46,36,completa
E01168,Carlos Flores,T015,piso_reposicion,completo,250.95,56,completa
E01169,Guadalupe Sánchez,T015,cajas,completo,258.68,40,completa
E01170,Silvia Gutiérrez,T015,piso_reposicion,completo,213.86,3,completa
E01171,Adriana Hernández,T015,almacen,completo,207.11,15,completa
E01172,Gabriela Delgado,T015,almacen,completo,245.01,116,completa
E01173,Patricia Contreras,T015,cajas,completo,273.07,55,completa
E01174,Víctor Mendoza,T015,piso_reposicion,completo,257.59,17,parcial_manana
E01175,Eduardo Silva,T015,cajas,completo,245.67,5,completa
E01176,Lucía López,T015,piso_reposicion,completo,249.2,42,completa
E01177,Verónica Aguilar,T015,perecederos,completo,287.98,118,parcial_tarde
E01178,Óscar Gutiérrez,T015,cajas,completo,238.94,46,completa
E01179,Claudia Gómez,T015,almacen,completo,207.27,120,completa
E01180,Andrea Díaz,T015,cajas,completo,279.82,59,completa
E01181,Adriana Vázquez,T015,cajas,completo,221.81,92,completa
E01182,Alejandro Aguilar,T015,piso_reposicion,completo,239.87,95,completa
E01183,Cecilia Sánchez,T015,piso_reposicion,completo,242.51,3,completa
E01184,Paola Mendoza,T015,piso_reposicion,completo,244.09,0,completa
E01185,Eduardo Luna,T015,almacen,completo,212.78,111,completa
E01186,Paola García,T015,piso_reposicion,completo,246.08,112,completa
E01187,Antonio Rojas,T015,cajas,completo,232.98,16,completa
E01188,Cecilia Mendoza,T015,almacen,completo,241.45,78,completa
E01189,Francisco Reyes,T015,cajas,completo,233.15,111,parcial_manana
E01190,Sergio Castro,T015,piso_reposicion,completo,244.84,115,completa
E01191,Ana Mendoza,T015,almacen,completo,239.17,35,completa
E01192,Ricardo Ruiz,T015,piso_reposicion,completo,219.45,98,completa
E01193,Sergio Hernández,T015,perecederos,completo,246.66,78,completa
E01194,Manuel López,T015,piso_reposicion,completo,248.96,112,completa
E01195,Cecilia Aguilar,T015,perecederos,completo,236.02,17,parcial_tarde
E01196,Raúl Díaz,T015,piso_reposicion,completo,219.54,72,completa
E01197,Roberto Flores,T015,cajas,completo,247.33,2,completa
E01198,Diana Ortiz,T015,cajas,completo,275.81,43,completa
E01199,Raúl Castro,T015,piso_reposicion,completo,238.09,1,completa
E01200,Karla Ramírez,T015,piso_reposicion,completo,229.38,53,completa
E01201,Itzel Martínez,T016,almacen,completo,226.72,12,completa
E01202,Víctor Castro,T016,cajas,completo,271.34,101,completa
E01203,Sofía Vázquez,T016,almacen,completo,237.47,29,completa
E01204,Adriana Ramos,T016,piso_reposicion,completo,224.55,118,completa
E01205,Jorge Silva,T016,piso_reposicion,completo,216.19,63,completa
E01206,Luis Ramírez,T016,piso_reposicion,completo,255.03,38,completa
E01207,Elena Contreras,T016,cajas,completo,271.25,27,completa
E01208,Patricia Herrera,T016,cajas,completo,223.22,44,completa
E01209,Claudia Torres,T016,cajas,completo,269.42,4,completa
E01210,José Herrera,T016,cajas,completo,225.83,83,completa
E01211,Patricia Ruiz,T016,piso_reposicion,completo,213.16,85,completa
E01212,Sergio Cruz,T016,piso_reposicion,completo,247.93,80,completa
E01213,Andrea Reyes,T016,perecederos,completo,267.54,66,completa
E01214,Mónica Delgado,T016,piso_reposicion,completo,230.73,43,completa
E01215,Arturo Sánchez,T016,cajas,completo,274.23,87,completa
E01216,Rubén García,T016,almacen,completo,241.97,105,completa
E01217,Fernanda Medina,T016,piso_reposicion,completo,212.88,10,completa
E01218,Patricia Núñez,T016,perecederos,completo,273.13,46,completa
E01219,Óscar Jiménez,T016,piso_reposicion,completo,248.61,120,completa
E01220,Mónica Pérez,T016,perecederos,completo,268.53,104,completa
E01221,Adriana Vázquez,T016,almacen,completo,249.15,120,completa
E01222,Karla Rivera,T016,perecederos,completo,278.02,22,completa
E01223,Laura Delgado,T016,perecederos,completo,237.29,56,completa
E01224,Fernando Mendoza,T016,cajas,completo,231.9,15,completa
E01225,Ángel Reyes,T016,cajas,completo,269.57,104,completa
E01226,Mario Mendoza,T016,cajas,completo,279.81,62,completa
E01227,José Medina,T016,perecederos,completo,236.88,29,completa
E01228,Verónica Herrera,T016,perecederos,completo,237.02,10,completa
E01229,Elena Cruz,T016,piso_reposicion,completo,248.17,89,completa
E01230,Miguel Castillo,T016,perecederos,completo,234.5,98,completa
E01231,Juan Martínez,T016,almacen,completo,203.43,106,completa
E01232,Javier Ortiz,T016,piso_reposicion,completo,254.44,117,parcial_tarde
E01233,Gabriela Morales,T016,piso_reposicion,completo,250.02,98,completa
E01234,Javier Vázquez,T016,piso_reposicion,completo,254.08,95,completa
E01235,Fernando Contreras,T016,perecederos,completo,275.54,98,completa
E01236,Ramón Contreras,T016,cajas,completo,239.35,120,completa
E01237,Arturo Ramos,T016,cajas,completo,274.38,56,completa
E01238,Brenda Aguilar,T016,piso_reposicion,completo,224.94,91,completa
E01239,Daniela González,T016,cajas,completo,236.53,99,parcial_tarde
E01240,Patricia Ramos,T016,almacen,completo,244.32,14,completa
E01241,Antonio Herrera,T016,piso_reposicion,completo,244.04,83,completa
E01242,Alejandra Herrera,T016,piso_reposicion,completo,254.78,40,completa
E01243,Antonio Contreras,T016,piso_reposicion,completo,217.8,16,completa
E01244,Fernanda Chávez,T016,cajas,completo,277.14,20,completa
E01245,Juan Núñez,T016,almacen,completo,230.64,13,completa
E01246,Javier Silva,T016,piso_reposicion,completo,243.4,108,completa
E01247,Diana Castillo,T016,piso_reposicion,completo,255.7,93,completa
E01248,Francisco Hernández,T016,cajas,completo,242.85,12,completa
E01249,Arturo Morales,T016,cajas,completo,263.17,75,completa
E01250,Ángel Ruiz,T016,cajas,completo,258.42,79,completa
E01251,Claudia Romero,T016,piso_reposicion,completo,249.39,62,completa
E01252,Luis Luna,T016,cajas,completo,273.82,73,completa
E01253,Ana Juárez,T016,perecederos,completo,277.6,109,completa
E01254,Diana López,T016,cajas,completo,224.06,62,parcial_tarde
E01255,Gabriela Guerrero,T016,perecederos,completo,242.82,79,completa
E01256,Sofía Cruz,T016,piso_reposicion,completo,257.7,69,completa
E01257,Sofía Juárez,T016,piso_reposicion,completo,258.43,47,completa
E01258,Itzel Jiménez,T016,piso_reposicion,completo,258.37,107,completa
E01259,María Chávez,T016,almacen,completo,201.84,50,parcial_manana
E01260,Ana López,T016,perecederos,completo,256.77,96,completa
E01261,Laura González,T016,piso_reposicion,completo,247.98,73,completa
E01262,Silvia Romero,T016,piso_reposicion,completo,247.64,82,completa
E01263,Manuel Castillo,T016,piso_reposicion,completo,214.3,91,completa
E01264,Laura Castillo,T016,cajas,completo,256.57,89,completa
E01265,Sofía Sánchez,T016,piso_reposicion,completo,217.14,68,completa
E01266,Rubén Jiménez,T016,perecederos,completo,264.52,74,completa
E01267,Óscar López,T016,almacen,completo,211.98,61,parcial_manana
E01268,Patricia Pérez,T016,cajas,completo,223.19,41,completa
E01269,Jorge Ramos,T016,cajas,completo,224.8,87,completa
E01270,Ana Mendoza,T016,perecederos,completo,293.76,106,completa
E01271,Ramón Medina,T016,piso_reposicion,completo,247.23,85,completa
E01272,Carlos Silva,T016,almacen,completo,246.59,93,completa
E01273,Ricardo Guerrero,T016,almacen,completo,223.5,100,completa
E01274,Daniela Morales,T016,piso_reposicion,completo,230.66,44,completa
E01275,Mónica Álvarez,T016,cajas,completo,241.5,7,completa
E01276,Raúl Hernández,T016,cajas,completo,256.98,40,completa
E01277,Karla Guerrero,T016,almacen,completo,217.58,91,parcial_tarde
E01278,Ricardo Morales,T016,cajas,completo,264.78,98,completa
E01279,Andrea Ruiz,T016,cajas,completo,268.08,62,parcial_tarde
E01280,Andrea Contreras,T016,cajas,completo,272.55,94,completa
E01281,Alejandro Mendoza,T017,piso_reposicion,completo,212.52,34,completa
E01282,Víctor Núñez,T017,piso_reposicion,completo,210.64,87,completa
E01283,Juan González,T017,almacen,completo,209.15,24,completa
E01284,Cecilia Ruiz,T017,cajas,completo,268.65,43,completa
E01285,Mario Morales,T017,perecederos,completo,266.64,113,completa
E01286,Laura Gutiérrez,T017,piso_reposicion,completo,241.29,34,completa
E01287,Carlos Álvarez,T017,perecederos,completo,255.04,102,completa
E01288,Óscar Rivera,T017,piso_reposicion,completo,213.43,51,completa
E01289,María Rojas,T017,almacen,completo,242.81,25,completa
E01290,Alejandra Ramos,T017,perecederos,completo,243.43,11,completa
E01291,Ana Reyes,T017,piso_reposicion,completo,211.65,66,completa
E01292,Javier Reyes,T017,piso_reposicion,completo,238.64,54,completa
E01293,Daniela Ortiz,T017,cajas,completo,225.0,61,completa
E01294,Paola Luna,T017,almacen,completo,204.79,5,completa
E01295,Mario González,T017,cajas,completo,268.02,32,completa
E01296,Manuel Jiménez,T017,perecederos,completo,264.41,0,parcial_manana
E01297,Arturo Delgado,T017,cajas,completo,234.49,36,parcial_tarde
E01298,Raúl Chávez,T017,piso_reposicion,completo,227.43,112,completa
E01299,Silvia Castillo,T017,cajas,completo,263.75,18,completa
E01300,Patricia Reyes,T017,almacen,completo,203.32,83,completa
E01301,Patricia Pérez,T017,piso_reposicion,completo,215.82,0,completa
E01302,Fernando Aguilar,T017,almacen,completo,230.81,67,completa
E01303,Eduardo Núñez,T017,piso_reposicion,completo,240.35,111,completa
E01304,Itzel Jiménez,T017,piso_reposicion,completo,258.62,41,parcial_tarde
E01305,Elena Gutiérrez,T017,almacen,completo,218.73,23,parcial_manana
E01306,Guadalupe Pérez,T017,piso_reposicion,completo,213.25,69,completa
E01307,Raúl Luna,T017,cajas,completo,252.25,33,completa
E01308,Adriana Guerrero,T017,cajas,completo,258.3,107,completa
E01309,Fernando Núñez,T017,perecederos,completo,239.77,102,completa
E01310,Rosa Cruz,T017,almacen,completo,227.64,78,parcial_tarde
E01311,Víctor Aguilar,T017,cajas,completo,231.87,77,completa
E01312,Víctor Gutiérrez,T017,cajas,completo,270.68,72,completa
E01313,Lucía Flores,T017,piso_reposicion,completo,251.76,88,completa
E01314,Sergio Torres,T017,almacen,completo,221.48,55,completa
E01315,Elena Morales,T017,piso_reposicion,completo,258.34,117,completa
E01316,Roberto Castillo,T017,perecederos,completo,298.58,41,completa
E01317,Ana González,T017,cajas,completo,227.76,1,completa
E01318,Jorge Vargas,T017,piso_reposicion,completo,228.39,84,completa
E01319,Antonio Chávez,T017,cajas,completo,256.02,80,completa
E01320,Diana Rojas,T017,piso_reposicion,completo,214.24,118,completa
E01321,Luis Gómez,T017,cajas,completo,242.96,47,completa
E01322,Cecilia López,T017,perecederos,completo,248.28,51,completa
E01323,Elena Díaz,T017,cajas,completo,277.12,68,completa
E01324,Alejandra Contreras,T017,piso_reposicion,completo,230.58,47,completa
E01325,Verónica Díaz,T017,perecederos,completo,283.39,94,completa
E01326,Verónica Vargas,T017,almacen,completo,219.34,51,completa
E01327,Víctor Delgado,T017,cajas,completo,227.91,94,completa
E01328,Lucía Gómez,T017,cajas,completo,271.79,51,completa
E01329,Itzel Aguilar,T017,cajas,completo,220.03,27,completa
E01330,Fernando Torres,T017,cajas,completo,223.36,119,completa
E01331,Elena Cruz,T017,cajas,completo,241.86,63,completa
E01332,Diana Gómez,T017,cajas,completo,261.21,85,completa
E01333,Sergio Medina,T017,piso_reposicion,completo,227.09,71,completa
E01334,Alejandro Rojas,T017,piso_reposicion,completo,213.32,43,completa
E01335,Verónica Rivera,T017,cajas,completo,239.07,117,completa
E01336,Laura Gómez,T017,piso_reposicion,completo,222.25,44,completa
E01337,Adriana Juárez,T017,piso_reposicion,completo,210.27,120,parcial_tarde
E01338,Paola Chávez,T017,piso_reposicion,completo,236.74,52,completa
E01339,Javier Jiménez,T017,cajas,completo,227.0,2,parcial_manana
E01340,Itzel Vargas,T017,piso_reposicion,completo,224.37,4,completa
E01341,Silvia Pérez,T017,cajas,completo,258.47,117,parcial_tarde
E01342,Brenda Guerrero,T017,perecederos,completo,280.76,63,parcial_manana
E01343,Luis Cruz,T017,cajas,completo,235.81,46,parcial_manana
E01344,Mario Medina,T017,piso_reposicion,completo,226.46,98,completa
E01345,Alejandro Gutiérrez,T017,piso_reposicion,completo,222.35,74,completa
E01346,Antonio Ruiz,T017,piso_reposicion,completo,257.84,79,completa
E01347,Roberto Mendoza,T017,cajas,completo,231.43,82,completa
E01348,Ricardo Sánchez,T017,almacen,completo,209.16,24,completa
E01349,Itzel Ramírez,T017,cajas,completo,246.7,10,parcial_tarde
E01350,Mónica Rojas,T017,piso_reposicion,completo,219.47,88,completa
E01351,Rubén Jiménez,T017,almacen,completo,207.84,2,completa
E01352,Cecilia Gómez,T017,cajas,completo,225.75,87,completa
E01353,Roberto Pérez,T017,almacen,completo,232.01,15,completa
E01354,Eduardo Pérez,T017,perecederos,completo,272.85,31,completa
E01355,Alejandra Núñez,T017,perecederos,completo,275.51,85,completa
E01356,Manuel Silva,T017,piso_reposicion,completo,248.67,75,completa
E01357,Eduardo Morales,T017,perecederos,completo,252.85,94,completa
E01358,Óscar Torres,T017,perecederos,completo,294.29,73,completa
E01359,Brenda Ortiz,T017,piso_reposicion,completo,246.66,5,completa
E01360,Ramón Pérez,T017,perecederos,completo,286.33,101,completa
E01361,José Díaz,T018,cajas,completo,261.41,22,parcial_tarde
E01362,Cecilia Martínez,T018,perecederos,completo,262.8,36,completa
E01363,Ángel Rivera,T018,cajas,completo,261.02,32,completa
E01364,Mario Gómez,T018,perecederos,completo,283.24,3,completa
E01365,Daniela Pérez,T018,piso_reposicion,completo,224.77,1,completa
E01366,Claudia Ruiz,T018,piso_reposicion,completo,224.23,62,completa
E01367,Antonio López,T018,cajas,completo,249.45,28,completa
E01368,Verónica Romero,T018,cajas,completo,236.41,10,completa
E01369,Adriana Medina,T018,cajas,completo,260.04,35,parcial_manana
E01370,Antonio Juárez,T018,piso_reposicion,completo,247.34,33,completa
E01371,Ramón Vázquez,T018,piso_reposicion,completo,233.6,51,completa
E01372,Juan Vázquez,T018,piso_reposicion,completo,246.19,120,parcial_tarde
E01373,Rosa Ruiz,T018,cajas,completo,250.63,37,completa
E01374,Mario Guerrero,T018,piso_reposicion,completo,245.64,85,completa
E01375,Mario Torres,T018,piso_reposicion,completo,221.25,92,completa
E01376,Ángel Álvarez,T018,cajas,completo,264.33,6,completa
E01377,Fernando Chávez,T018,perecederos,completo,280.06,60,completa
E01378,Antonio Hernández,T018,almacen,completo,213.33,54,completa
E01379,José Mendoza,T018,piso_reposicion,completo,237.8,61,completa
E01380,Elena Silva,T018,perecederos,completo,289.87,20,parcial_tarde
E01381,Eduardo Pérez,T018,cajas,completo,234.97,56,completa
E01382,Daniela García,T018,almacen,completo,236.8,14,completa
E01383,Manuel Núñez,T018,cajas,completo,277.24,114,completa
E01384,Carlos Romero,T018,perecederos,completo,290.64,71,completa
E01385,Manuel Torres,T018,perecederos,completo,258.11,4,completa
E01386,Eduardo Álvarez,T018,almacen,completo,230.36,61,completa
E01387,Sergio Morales,T018,perecederos,completo,299.42,112,parcial_manana
E01388,Claudia Reyes,T018,piso_reposicion,completo,238.42,89,completa
E01389,Brenda Gómez,T018,cajas,completo,226.9,33,completa
E01390,Patricia Romero,T018,cajas,completo,222.73,107,completa
E01391,Ricardo Pérez,T018,cajas,completo,267.42,22,completa
E01392,Mónica Cruz,T018,piso_reposicion,completo,231.18,29,completa
E01393,Manuel Díaz,T018,cajas,completo,234.81,18,completa
E01394,Rubén López,T018,perecederos,completo,254.34,111,completa
E01395,Juan Ruiz,T018,cajas,completo,265.44,86,completa
E01396,Carlos García,T018,piso_reposicion,completo,233.26,62,completa
E01397,Daniela Contreras,T018,cajas,completo,272.11,80,completa
E01398,Antonio Hernández,T018,piso_reposicion,completo,246.75,31,completa
E01399,Mario Cruz,T018,piso_reposicion,completo,258.7,8,completa
E01400,Manuel Hernández,T018,piso_reposicion,completo,254.43,102,completa
E01401,Diana Cruz,T018,piso_reposicion,completo,222.73,116,completa
E01402,Miguel Mendoza,T018,piso_reposicion,completo,242.95,4,completa
E01403,Diana Hernández,T018,perecederos,completo,231.44,6,parcial_manana
E01404,Javier Vázquez,T018,cajas,completo,279.47,67,completa
E01405,Adriana Ruiz,T018,almacen,completo,213.05,5,completa
E01406,Raúl Chávez,T018,cajas,completo,259.89,87,parcial_tarde
E01407,Diana González,T018,piso_reposicion,completo,252.46,114,completa
E01408,Laura Herrera,T018,piso_reposicion,completo,218.02,33,completa
E01409,Laura Ramírez,T018,piso_reposicion,completo,252.39,35,completa
E01410,Laura García,T018,cajas,completo,220.73,104,completa
E01411,Raúl Gutiérrez,T018,perecederos,completo,260.94,43,completa
E01412,Víctor Rivera,T018,piso_reposicion,completo,233.6,29,parcial_tarde
E01413,Mario Martínez,T018,piso_reposicion,completo,228.7,10,completa
E01414,Sofía Álvarez,T018,perecederos,completo,271.05,101,completa
E01415,Ana Romero,T018,cajas,completo,274.89,112,completa
E01416,Mónica Núñez,T018,perecederos,completo,252.89,9,parcial_tarde
E01417,José Ramos,T018,almacen,completo,228.96,97,completa
E01418,Mónica Gutiérrez,T018,cajas,completo,272.65,19,completa
E01419,Andrea Delgado,T018,piso_reposicion,completo,248.65,16,completa
E01420,Fernanda Hernández,T018,almacen,completo,202.04,46,completa
E01421,Mónica Cruz,T018,almacen,completo,247.14,52,completa
E01422,Eduardo Álvarez,T018,piso_reposicion,completo,212.33,103,completa
E01423,Roberto Gómez,T018,almacen,completo,229.44,84,completa
E01424,Víctor Rojas,T018,piso_reposicion,completo,238.77,17,completa
E01425,Javier Gómez,T018,piso_reposicion,completo,249.32,70,completa
E01426,Mónica Ortiz,T018,piso_reposicion,completo,217.42,105,completa
E01427,Fernando Rojas,T018,perecederos,completo,242.56,80,completa
E01428,Antonio Flores,T018,cajas,completo,265.13,27,completa
E01429,Víctor Contreras,T018,cajas,completo,228.97,15,completa
E01430,Andrea Martínez,T018,almacen,completo,223.47,54,completa
E01431,José Rivera,T018,piso_reposicion,completo,246.58,57,completa
E01432,Fernando Romero,T018,almacen,completo,232.56,42,parcial_manana
E01433,Andrea Romero,T018,piso_reposicion,completo,220.53,13,completa
E01434,Roberto Núñez,T018,almacen,completo,215.2,14,completa
E01435,Ana Contreras,T018,perecederos,completo,297.83,64,completa
E01436,Carlos Herrera,T018,almacen,completo,222.43,114,parcial_manana
E01437,Alejandro Medina,T018,cajas,completo,222.67,72,completa
E01438,Diana Díaz,T018,cajas,completo,233.18,53,completa
E01439,José Juárez,T018,cajas,completo,240.55,112,completa
E01440,Andrea Aguilar,T018,cajas,completo,279.97,83,completa
E01441,Elena Castillo,T019,perecederos,completo,232.34,59,completa
E01442,Laura Guerrero,T019,perecederos,completo,270.21,101,completa
E01443,Ana López,T019,piso_reposicion,completo,237.92,38,completa
E01444,Andrea Álvarez,T019,almacen,completo,200.75,8,completa
E01445,Fernando Rivera,T019,piso_reposicion,completo,253.06,57,completa
E01446,Carlos Cruz,T019,almacen,completo,231.0,78,completa
E01447,Ángel Martínez,T019,piso_reposicion,completo,247.23,98,completa
E01448,Mario Contreras,T019,cajas,completo,249.64,32,completa
E01449,Paola Aguilar,T019,piso_reposicion,completo,240.92,90,completa
E01450,Javier Silva,T019,cajas,completo,235.45,100,parcial_tarde
E01451,Cecilia Castillo,T019,piso_reposicion,completo,258.69,97,completa
E01452,Daniela Sánchez,T019,perecederos,completo,258.05,97,completa
E01453,Diana Reyes,T019,piso_reposicion,completo,218.12,119,completa
E01454,María Gutiérrez,T019,piso_reposicion,completo,212.8,79,completa
E01455,Paola Pérez,T019,almacen,completo,231.81,44,completa
E01456,Luis Luna,T019,cajas,completo,279.0,52,parcial_tarde
E01457,Gabriela Contreras,T019,cajas,completo,273.75,90,completa
E01458,Karla Castillo,T019,perecederos,completo,279.15,28,completa
E01459,Francisco Romero,T019,piso_reposicion,completo,259.53,72,parcial_tarde
E01460,Raúl Vargas,T019,cajas,completo,263.37,69,completa
E01461,Sofía Herrera,T019,cajas,completo,240.36,80,completa
E01462,Andrea López,T019,perecederos,completo,272.09,50,parcial_tarde
E01463,Javier Vázquez,T019,cajas,completo,224.79,89,completa
E01464,Jorge Álvarez,T019,cajas,completo,233.3,8,completa
E01465,Karla Juárez,T019,almacen,completo,220.88,90,completa
E01466,Andrea Romero,T019,cajas,completo,232.11,98,completa
E01467,Verónica Rojas,T019,cajas,completo,277.21,107,completa
E01468,Ángel Romero,T019,piso_reposicion,completo,259.78,111,completa
E01469,Patricia Morales,T019,perecederos,completo,255.97,42,parcial_manana
E01470,Antonio Gutiérrez,T019,perecederos,completo,279.65,5,completa
E01471,Silvia Herrera,T019,almacen,completo,220.39,79,completa
E01472,Andrea Rojas,T019,cajas,completo,228.37,10,completa
E01473,Guadalupe Flores,T019,perecederos,completo,253.58,33,parcial_manana
E01474,Ricardo Gómez,T019,piso_reposicion,completo,221.67,84,completa
E01475,Cecilia Medina,T019,almacen,completo,216.4,71,completa
E01476,Lucía Ruiz,T019,piso_reposicion,completo,220.75,73,completa
E01477,Ángel Morales,T019,piso_reposicion,completo,215.62,90,completa
E01478,Jorge Aguilar,T019,perecederos,completo,245.22,19,parcial_manana
E01479,Fernanda García,T019,almacen,completo,245.29,95,parcial_manana
E01480,Andrea Gómez,T019,perecederos,completo,235.97,70,completa
E01481,Karla Contreras,T019,piso_reposicion,completo,226.24,50,completa
E01482,Mario Romero,T019,piso_reposicion,completo,236.42,56,completa
E01483,Francisco Guerrero,T019,cajas,completo,241.27,61,completa
E01484,Salvador Torres,T019,piso_reposicion,completo,235.88,66,completa
E01485,Mónica Gómez,T019,almacen,completo,202.17,40,completa
E01486,Eduardo Contreras,T019,piso_reposicion,completo,242.43,26,completa
E01487,Lucía Silva,T019,almacen,completo,228.17,20,parcial_tarde
E01488,Miguel Rojas,T019,piso_reposicion,completo,244.05,41,completa
E01489,Lucía Díaz,T019,cajas,completo,254.04,31,completa
E01490,Francisco Juárez,T019,cajas,completo,246.27,62,completa
E01491,Elena Chávez,T019,cajas,completo,241.01,110,completa
E01492,Guadalupe Delgado,T019,piso_reposicion,completo,221.32,13,completa
E01493,Rosa Guerrero,T019,piso_reposicion,completo,235.0,37,completa
E01494,Rubén Gutiérrez,T019,almacen,completo,201.3,5,completa
E01495,Alejandro Díaz,T019,cajas,completo,239.69,117,completa
E01496,Andrea Contreras,T019,almacen,completo,233.89,84,parcial_tarde
E01497,Verónica Chávez,T019,piso_reposicion,completo,215.44,29,parcial_tarde
E01498,Paola Gutiérrez,T019,cajas,completo,223.77,50,completa
E01499,Sergio Medina,T019,perecederos,completo,275.65,87,completa
E01500,Javier Luna,T019,perecederos,completo,257.84,115,completa
E01501,Fernanda Pérez,T019,cajas,completo,268.11,69,completa
E01502,Manuel Silva,T019,piso_reposicion,completo,256.87,32,parcial_tarde
E01503,Ramón Ortiz,T019,piso_reposicion,completo,257.85,84,parcial_tarde
E01504,Brenda Martínez,T019,piso_reposicion,completo,231.28,82,completa
E01505,Gabriela Díaz,T019,piso_reposicion,completo,223.22,77,completa
E01506,José Chávez,T019,cajas,completo,256.52,5,completa
E01507,Elena Herrera,T019,almacen,completo,231.41,85,completa
E01508,Raúl Castillo,T019,cajas,completo,257.34,2,parcial_tarde
E01509,Verónica Pérez,T019,perecederos,completo,252.52,109,completa
E01510,Ricardo Ramos,T019,perecederos,completo,234.46,106,completa
E01511,Alejandro Flores,T019,cajas,completo,232.6,68,completa
E01512,Ana Rivera,T019,piso_reposicion,completo,217.72,78,completa
E01513,Patricia Vargas,T019,piso_reposicion,completo,216.2,8,completa
E01514,Karla Juárez,T019,cajas,completo,275.58,105,parcial_manana
E01515,María Sánchez,T019,cajas,completo,220.83,32,completa
E01516,Fernanda Mendoza,T019,piso_reposicion,completo,240.09,31,completa
E01517,Alejandro Ortiz,T019,cajas,completo,276.85,85,completa
E01518,Ángel Reyes,T019,piso_reposicion,completo,228.0,113,completa
E01519,Jorge Vargas,T019,cajas,completo,251.63,59,completa
E01520,Fernanda Flores,T019,cajas,completo,261.75,61,completa
E01521,Laura Rivera,T020,cajas,completo,262.29,106,completa
E01522,Luis Cruz,T020,perecederos,completo,278.48,64,completa
E01523,Patricia Ortiz,T020,perecederos,completo,256.2,74,completa
E01524,Diana Cruz,T020,piso_reposicion,completo,227.2,57,completa
E01525,Brenda Núñez,T020,perecederos,completo,230.39,89,parcial_manana
E01526,Andrea Vázquez,T020,cajas,completo,278.93,19,completa
E01527,Mario Jiménez,T020,piso_reposicion,completo,240.33,86,completa
E01528,Eduardo Rivera,T020,piso_reposicion,completo,230.12,6,completa
E01529,Ángel Núñez,T020,piso_reposicion,completo,237.19,10,completa
E01530,Víctor García,T020,cajas,completo,222.43,87,completa
E01531,Paola Castillo,T020,cajas,completo,230.42,19,parcial_manana
E01532,Eduardo Sánchez,T020,piso_reposicion,completo,241.17,93,parcial_tarde
E01533,Laura Ruiz,T020,perecederos,completo,266.0,16,completa
E01534,Paola Morales,T020,cajas,completo,267.22,17,completa
E01535,Juan Gómez,T020,piso_reposicion,completo,242.94,112,completa
E01536,Eduardo López,T020,perecederos,completo,272.1,21,completa
E01537,Arturo Álvarez,T020,piso_reposicion,completo,250.76,110,completa
E01538,Lucía Morales,T020,almacen,completo,203.41,42,completa
E01539,Arturo Rivera,T020,piso_reposicion,completo,244.54,96,completa
E01540,Fernando Delgado,T020,cajas,completo,262.94,113,parcial_manana
E01541,Fernando García,T020,cajas,completo,236.51,14,completa
E01542,Adriana Chávez,T020,almacen,completo,209.78,39,completa
E01543,Verónica Sánchez,T020,almacen,completo,210.69,69,completa
E01544,Daniela Pérez,T020,perecederos,completo,243.87,104,completa
E01545,Manuel García,T020,almacen,completo,226.19,22,parcial_manana
E01546,Javier Ramírez,T020,cajas,completo,228.14,22,completa
E01547,Patricia Luna,T020,cajas,completo,259.56,44,completa
E01548,Mónica Gutiérrez,T020,piso_reposicion,completo,215.25,24,completa
E01549,Sofía Silva,T020,piso_reposicion,completo,211.34,32,completa
E01550,Elena Rivera,T020,cajas,completo,239.16,15,completa
E01551,Roberto Ruiz,T020,almacen,completo,209.59,100,completa
E01552,Guadalupe Hernández,T020,piso_reposicion,completo,259.43,96,completa
E01553,Raúl González,T020,piso_reposicion,completo,225.15,17,completa
E01554,Eduardo García,T020,cajas,completo,233.32,64,completa
E01555,Cecilia Rojas,T020,cajas,completo,231.81,78,completa
E01556,Ricardo Medina,T020,perecederos,completo,256.17,75,completa
E01557,Javier Castro,T020,perecederos,completo,272.41,119,parcial_tarde
E01558,Alejandra Luna,T020,perecederos,completo,284.74,77,parcial_manana
E01559,Eduardo Reyes,T020,piso_reposicion,completo,228.23,83,completa
E01560,Mónica Vargas,T020,almacen,completo,231.3,3,completa
E01561,Ángel Jiménez,T020,cajas,completo,248.92,9,parcial_manana
E01562,Víctor Vázquez,T020,cajas,completo,270.79,74,completa
E01563,Guadalupe Medina,T020,almacen,completo,228.45,109,completa
E01564,Daniela Chávez,T020,cajas,completo,237.39,48,completa
E01565,Arturo García,T020,perecederos,completo,279.25,77,completa
E01566,Claudia Hernández,T020,cajas,completo,269.2,25,completa
E01567,Manuel Jiménez,T020,cajas,completo,247.93,55,completa
E01568,Miguel Castillo,T020,almacen,completo,249.36,90,completa
E01569,Sergio Castro,T020,piso_reposicion,completo,253.95,79,parcial_manana
E01570,Lucía Castillo,T020,perecederos,completo,243.79,13,completa
E01571,José Ramírez,T020,piso_reposicion,completo,249.34,106,completa
E01572,Adriana Cruz,T020,piso_reposicion,completo,240.05,112,completa
E01573,Brenda Gutiérrez,T020,cajas,completo,252.09,57,completa
E01574,Sergio Silva,T020,cajas,completo,250.84,41,completa
E01575,Cecilia Vázquez,T020,almacen,completo,242.67,64,completa
E01576,Daniela Aguilar,T020,piso_reposicion,completo,240.54,96,completa
E01577,María Castro,T020,cajas,completo,252.26,54,completa
E01578,Óscar Cruz,T020,cajas,completo,222.93,3,completa
E01579,Francisco Contreras,T020,perecederos,completo,261.38,8,completa
E01580,María Medina,T020,cajas,completo,274.48,98,parcial_tarde
E01581,Rosa Delgado,T020,almacen,completo,235.59,95,completa
E01582,Salvador Castro,T020,almacen,completo,202.55,93,completa
E01583,Karla Mendoza,T020,piso_reposicion,completo,254.2,15,completa
E01584,Elena Martínez,T020,piso_reposicion,completo,251.33,20,completa
E01585,Adriana Romero,T020,perecederos,completo,268.27,47,completa
E01586,Alejandro Pérez,T020,piso_reposicion,completo,211.12,27,completa
E01587,Miguel Mendoza,T020,cajas,completo,253.75,46,completa
E01588,Silvia Vargas,T020,piso_reposicion,completo,212.73,67,completa
E01589,Ángel Vázquez,T020,perecederos,completo,252.43,33,parcial_manana
E01590,Fernando Díaz,T020,piso_reposicion,completo,241.45,14,completa
E01591,Daniela López,T020,piso_reposicion,completo,255.65,48,completa
E01592,Ángel Medina,T020,cajas,completo,241.47,87,parcial_tarde
E01593,Verónica Herrera,T020,almacen,completo,243.0,74,completa
E01594,Fernando Ramos,T020,cajas,completo,275.1,38,completa
E01595,Andrea Vargas,T020,piso_reposicion,completo,211.05,37,completa
E01596,Antonio Álvarez,T020,piso_reposicion,completo,221.97,70,completa
E01597,Javier Jiménez,T020,piso_reposicion,completo,245.49,20,completa
E01598,Juan Martínez,T020,piso_reposicion,completo,247.84,100,completa
E01599,Manuel Guerrero,T020,cajas,completo,243.55,105,completa
E01600,Diana Chávez,T020,piso_reposicion,completo,242.84,3,completa
E01601,Mónica Guerrero,T021,cajas,completo,270.82,20,completa
E01602,Sergio Martínez,T021,perecederos,completo,241.23,119,completa
E01603,Salvador Herrera,T021,cajas,completo,267.44,109,parcial_tarde
E01604,Sofía Pérez,T021,piso_reposicion,completo,237.72,79,completa
E01605,Diana Rojas,T021,almacen,completo,218.87,84,completa
E01606,Jorge Ramos,T021,piso_reposicion,completo,217.29,113,completa
E01607,Sergio Hernández,T021,cajas,completo,279.86,57,completa
E01608,Silvia Castro,T021,almacen,completo,230.9,17,completa
E01609,Raúl Castro,T021,piso_reposicion,completo,231.97,73,completa
E01610,Francisco Chávez,T021,piso_reposicion,completo,228.56,54,parcial_tarde
E01611,Salvador Díaz,T021,almacen,completo,245.29,96,completa
E01612,Karla García,T021,perecederos,completo,287.48,93,parcial_manana
E01613,Antonio Núñez,T021,almacen,completo,240.56,57,completa
E01614,Laura Ramírez,T021,almacen,completo,230.81,44,completa
E01615,Roberto Delgado,T021,perecederos,completo,292.16,51,parcial_tarde
E01616,Ángel Romero,T021,cajas,completo,237.96,76,completa
E01617,Sergio Herrera,T021,cajas,completo,262.22,77,completa
E01618,Rosa Herrera,T021,cajas,completo,244.27,61,completa
E01619,Laura Guerrero,T021,piso_reposicion,completo,240.0,64,completa
E01620,Rubén Martínez,T021,almacen,completo,249.91,120,completa
E01621,Antonio Silva,T021,cajas,completo,279.07,30,parcial_manana
E01622,Óscar Martínez,T021,piso_reposicion,completo,235.63,21,completa
E01623,Fernando Silva,T021,cajas,completo,254.43,96,completa
E01624,Luis Rivera,T021,perecederos,completo,292.81,113,completa
E01625,Roberto Delgado,T021,piso_reposicion,completo,259.28,73,completa
E01626,Óscar Hernández,T021,cajas,completo,266.72,48,completa
E01627,Alejandro Chávez,T021,cajas,completo,223.91,42,completa
E01628,Raúl Vázquez,T021,cajas,completo,239.36,56,parcial_manana
E01629,Diana Contreras,T021,perecederos,completo,292.76,6,completa
E01630,Alejandro González,T021,piso_reposicion,completo,248.42,63,completa
E01631,Jorge Martínez,T021,cajas,completo,264.53,32,completa
E01632,Elena Aguilar,T021,perecederos,completo,276.75,32,completa
E01633,Jorge Martínez,T021,piso_reposicion,completo,230.76,67,parcial_manana
E01634,Paola Álvarez,T021,cajas,completo,244.19,116,completa
E01635,Alejandro Martínez,T021,piso_reposicion,completo,250.45,24,completa
E01636,Lucía Contreras,T021,piso_reposicion,completo,224.69,110,completa
E01637,Sofía Vázquez,T021,perecederos,completo,277.94,62,parcial_manana
E01638,Alejandro Luna,T021,cajas,completo,263.57,117,completa
E01639,Salvador Pérez,T021,piso_reposicion,completo,252.23,46,completa
E01640,Itzel Rivera,T021,piso_reposicion,completo,225.99,120,completa
E01641,Roberto Chávez,T021,cajas,completo,264.51,79,completa
E01642,Elena Martínez,T021,perecederos,completo,237.45,81,completa
E01643,Paola González,T021,piso_reposicion,completo,216.9,68,completa
E01644,Ana Reyes,T021,cajas,completo,245.04,54,completa
E01645,Antonio Castro,T021,piso_reposicion,completo,212.76,63,parcial_tarde
E01646,Adriana Vargas,T021,cajas,completo,276.86,102,completa
E01647,Gabriela Hernández,T021,perecederos,completo,293.13,95,completa
E01648,Guadalupe López,T021,piso_reposicion,completo,212.45,2,completa
E01649,María Medina,T021,almacen,completo,241.92,84,completa
E01650,Elena Cruz,T021,cajas,completo,250.53,100,completa
E01651,Guadalupe Álvarez,T021,almacen,completo,235.1,90,completa
E01652,Alejandra Gómez,T021,piso_reposicion,completo,254.35,60,completa
E01653,Brenda Cruz,T021,cajas,completo,254.62,40,completa
E01654,Ricardo Torres,T021,cajas,completo,226.98,81,completa
E01655,Antonio Rivera,T021,piso_reposicion,completo,210.13,80,completa
E01656,Francisco Vargas,T021,perecederos,completo,264.78,45,completa
E01657,Juan Chávez,T021,piso_reposicion,completo,257.46,49,parcial_manana
E01658,Paola Medina,T021,piso_reposicion,completo,238.63,44,completa
E01659,Jorge Hernández,T021,piso_reposicion,completo,228.65,5,completa
E01660,Claudia Vázquez,T021,cajas,completo,221.86,3,completa
E01661,Óscar Chávez,T021,cajas,completo,274.9,10,completa
E01662,Fernanda Núñez,T021,cajas,completo,239.63,51,completa
E01663,Rosa Ortiz,T021,piso_reposicion,completo,245.24,61,completa
E01664,Adriana González,T021,piso_reposicion,completo,244.71,49,completa
E01665,Brenda Herrera,T021,perecederos,completo,247.77,115,completa
E01666,Manuel Pérez,T021,cajas,completo,223.83,27,completa
E01667,Juan Núñez,T021,almacen,completo,219.25,47,completa
E01668,Elena Morales,T021,perecederos,completo,252.2,29,parcial_tarde
E01669,Karla Álvarez,T021,cajas,completo,262.02,36,completa
E01670,Karla Medina,T021,piso_reposicion,completo,250.99,70,completa
E01671,Sofía Chávez,T021,cajas,completo,233.35,37,completa
E01672,Rosa Romero,T021,piso_reposicion,completo,236.41,38,completa
E01673,Ricardo Ramírez,T021,piso_reposicion,completo,212.03,81,completa
E01674,Jorge López,T021,almacen,completo,210.71,100,completa
E01675,Lucía Ruiz,T021,piso_reposicion,completo,248.09,25,completa
E01676,Víctor Contreras,T021,perecederos,completo,285.54,13,completa
E01677,Juan Guerrero,T021,almacen,completo,238.82,28,completa
E01678,Lucía Díaz,T021,perecederos,completo,239.97,69,parcial_manana
E01679,Lucía Cruz,T021,piso_reposicion,completo,237.55,116,completa
E01680,Raúl Cruz,T021,almacen,completo,221.14,19,completa
E01681,Fernando López,T022,piso_reposicion,completo,222.97,17,completa
E01682,Laura Martínez,T022,almacen,completo,234.56,2,completa
E01683,Silvia Contreras,T022,piso_reposicion,completo,245.51,49,completa
E01684,Víctor Ramírez,T022,perecederos,completo,241.25,71,parcial_manana
E01685,Jorge Silva,T022,piso_reposicion,completo,250.71,101,completa
E01686,Paola Gómez,T022,perecederos,completo,265.72,106,completa
E01687,Adriana Cruz,T022,piso_reposicion,completo,252.42,55,completa
E01688,Brenda Martínez,T022,perecederos,completo,236.11,51,completa
E01689,Sofía Luna,T022,piso_reposicion,completo,212.14,112,completa
E01690,Silvia Cruz,T022,perecederos,completo,274.59,94,completa
E01691,Fernando Sánchez,T022,cajas,completo,229.0,25,parcial_tarde
E01692,Paola Ramos,T022,piso_reposicion,completo,236.25,82,completa
E01693,Andrea Sánchez,T022,cajas,completo,220.85,86,completa
E01694,Gabriela Álvarez,T022,cajas,completo,266.8,28,completa
E01695,Alejandro López,T022,piso_reposicion,completo,254.98,118,completa
E01696,Víctor Ramos,T022,almacen,completo,241.94,35,completa
E01697,Mónica Morales,T022,almacen,completo,247.92,66,completa
E01698,Ricardo Martínez,T022,piso_reposicion,completo,255.15,59,completa
E01699,Rubén López,T022,piso_reposicion,completo,232.2,83,completa
E01700,Paola Jiménez,T022,perecederos,completo,257.88,109,completa
E01701,Diana Morales,T022,perecederos,completo,292.73,47,completa
E01702,Carlos Pérez,T022,cajas,completo,275.62,46,completa
E01703,Rubén Pérez,T022,piso_reposicion,completo,258.64,90,completa
E01704,Lucía Juárez,T022,cajas,completo,266.1,115,completa
E01705,Gabriela Castro,T022,almacen,completo,210.1,109,completa
E01706,Fernanda Mendoza,T022,piso_reposicion,completo,257.25,91,completa
E01707,Raúl Delgado,T022,cajas,completo,276.83,85,completa
E01708,Patricia López,T022,cajas,completo,259.97,93,completa
E01709,Patricia Herrera,T022,perecederos,completo,290.01,113,completa
E01710,Ana Ruiz,T022,cajas,completo,253.67,1,completa
E01711,Ana Torres,T022,cajas,completo,276.65,71,completa
E01712,Eduardo Vázquez,T022,cajas,completo,225.64,4,completa
E01713,Víctor Ruiz,T022,perecederos,completo,290.48,69,parcial_manana
E01714,Miguel Mendoza,T022,piso_reposicion,completo,212.78,47,completa
E01715,Sergio Flores,T022,cajas,completo,240.35,36,parcial_tarde
E01716,Carlos Medina,T022,piso_reposicion,completo,216.77,107,parcial_manana
E01717,Roberto Ruiz,T022,piso_reposicion,completo,233.96,85,completa
E01718,Karla García,T022,piso_reposicion,completo,221.61,68,completa
E01719,Ángel Castillo,T022,perecederos,completo,296.65,106,completa
E01720,Cecilia Jiménez,T022,cajas,completo,253.56,11,completa
E01721,Sofía Cruz,T022,piso_reposicion,completo,254.89,78,completa
E01722,Cecilia Martínez,T022,cajas,completo,236.68,18,completa
E01723,Karla Hernández,T022,cajas,completo,221.56,28,completa
E01724,Alejandro Ruiz,T022,piso_reposicion,completo,248.78,22,completa
E01725,Alejandro Delgado,T022,cajas,completo,262.14,65,completa
E01726,Guadalupe Ortiz,T022,cajas,completo,252.73,76,completa
E01727,Salvador Luna,T022,almacen,completo,240.77,91,parcial_tarde
E01728,Francisco Luna,T022,cajas,completo,270.41,53,completa
E01729,Elena Medina,T022,piso_reposicion,completo,239.4,113,completa
E01730,Roberto Romero,T022,cajas,completo,277.96,45,parcial_manana
E01731,Carlos Contreras,T022,almacen,completo,235.99,18,completa
E01732,Ángel Mendoza,T022,almacen,completo,233.84,4,completa
E01733,Óscar Luna,T022,almacen,completo,218.07,15,completa
E01734,Laura Silva,T022,cajas,completo,220.14,53,completa
E01735,Miguel Ramírez,T022,cajas,completo,234.46,49,parcial_tarde
E01736,José Medina,T022,perecederos,completo,283.47,103,completa
E01737,Cecilia Castro,T022,piso_reposicion,completo,245.49,15,completa
E01738,Diana Juárez,T022,piso_reposicion,completo,226.55,31,completa
E01739,Arturo Reyes,T022,piso_reposicion,completo,241.28,118,completa
E01740,Laura Guerrero,T022,piso_reposicion,completo,219.76,3,completa
E01741,Patricia Ramos,T022,perecederos,completo,248.45,51,completa
E01742,Claudia Morales,T022,piso_reposicion,completo,257.37,23,completa
E01743,Francisco Sánchez,T022,piso_reposicion,completo,230.66,64,completa
E01744,Raúl Díaz,T022,almacen,completo,212.25,117,completa
E01745,Salvador Contreras,T022,cajas,completo,249.23,27,parcial_tarde
E01746,Sofía Vargas,T022,piso_reposicion,completo,229.35,44,completa
E01747,Raúl Castro,T022,almacen,completo,236.48,54,completa
E01748,Brenda Rojas,T022,cajas,completo,277.73,96,completa
E01749,Mario Rivera,T022,cajas,completo,255.5,119,completa
E01750,María Medina,T022,piso_reposicion,completo,239.56,11,completa
E01751,Guadalupe Cruz,T022,almacen,completo,218.24,59,parcial_tarde
E01752,Silvia Delgado,T022,cajas,completo,253.88,91,completa
E01753,Salvador Ortiz,T022,cajas,completo,239.16,1,parcial_tarde
E01754,Alejandro Guerrero,T022,piso_reposicion,completo,210.05,97,parcial_tarde
E01755,Javier Castro,T022,piso_reposicion,completo,253.3,29,completa
E01756,Sergio Ruiz,T022,perecederos,completo,260.06,62,completa
E01757,Gabriela Luna,T022,almacen,completo,224.6,118,completa
E01758,Lucía Álvarez,T022,perecederos,completo,235.85,76,completa
E01759,Fernando Díaz,T022,cajas,completo,270.23,119,completa
E01760,Mario Jiménez,T022,perecederos,completo,241.92,73,completa
E01761,Claudia Ramírez,T023,piso_reposicion,completo,246.68,48,completa
E01762,María Guerrero,T023,almacen,completo,208.19,6,completa
E01763,Laura Castro,T023,piso_reposicion,completo,238.33,11,completa
E01764,Antonio Hernández,T023,cajas,completo,260.31,27,completa
E01765,Adriana Luna,T023,almacen,completo,217.74,33,completa
E01766,Guadalupe Ramírez,T023,piso_reposicion,completo,251.6,1,completa
E01767,Fernando Mendoza,T023,piso_reposicion,completo,235.53,101,completa
E01768,Sofía Pérez,T023,piso_reposicion,completo,241.35,63,completa
E01769,Javier Ramírez,T023,cajas,completo,228.45,79,completa
E01770,Sofía Aguilar,T023,cajas,completo,221.39,79,parcial_manana
E01771,María Herrera,T023,cajas,completo,223.04,116,parcial_tarde
E01772,Javier Herrera,T023,cajas,completo,274.24,17,completa
E01773,Víctor Reyes,T023,piso_reposicion,completo,254.13,41,completa
E01774,Adriana Juárez,T023,piso_reposicion,completo,250.38,37,completa
E01775,Fernando Martínez,T023,piso_reposicion,completo,219.98,66,parcial_tarde
E01776,Manuel Guerrero,T023,piso_reposicion,completo,236.27,63,completa
E01777,Laura Díaz,T023,cajas,completo,267.77,95,completa
E01778,Patricia Mendoza,T023,almacen,completo,233.73,67,parcial_manana
E01779,Diana Núñez,T023,cajas,completo,226.93,28,completa
E01780,Adriana Rivera,T023,perecederos,completo,292.69,68,completa
E01781,Manuel Ortiz,T023,cajas,completo,229.64,116,completa
E01782,Rubén Delgado,T023,perecederos,completo,242.03,70,completa
E01783,Mónica Guerrero,T023,piso_reposicion,completo,255.05,71,completa
E01784,José Flores,T023,piso_reposicion,completo,234.23,21,parcial_manana
E01785,Javier Jiménez,T023,cajas,completo,242.37,0,completa
E01786,Adriana Reyes,T023,cajas,completo,253.22,25,completa
E01787,Juan Jiménez,T023,piso_reposicion,completo,259.07,3,completa
E01788,Andrea Morales,T023,almacen,completo,205.98,54,completa
E01789,Itzel García,T023,cajas,completo,265.42,106,completa
E01790,Daniela Núñez,T023,cajas,completo,240.06,54,completa
E01791,Antonio Aguilar,T023,piso_reposicion,completo,215.85,78,completa
E01792,Patricia Chávez,T023,cajas,completo,245.32,103,completa
E01793,Ana González,T023,piso_reposicion,completo,237.44,92,completa
E01794,Sofía López,T023,cajas,completo,232.36,78,completa
E01795,Ramón Ramos,T023,cajas,completo,244.32,94,parcial_manana
E01796,Silvia Aguilar,T023,cajas,completo,258.14,33,completa
E01797,Gabriela Rivera,T023,cajas,completo,254.59,50,completa
E01798,Fernanda Castro,T023,cajas,completo,263.39,48,completa
E01799,Arturo Morales,T023,piso_reposicion,completo,251.82,96,parcial_manana
E01800,Arturo García,T023,cajas,completo,244.55,49,completa
E01801,Diana Vázquez,T023,cajas,completo,245.38,113,completa
E01802,Ana Ramírez,T023,piso_reposicion,completo,234.83,22,completa
E01803,Roberto García,T023,piso_reposicion,completo,238.32,20,completa
E01804,Itzel Pérez,T023,piso_reposicion,completo,215.42,86,completa
E01805,Javier Gómez,T023,almacen,completo,215.63,92,parcial_manana
E01806,Ramón Jiménez,T023,cajas,completo,230.31,82,completa
E01807,Juan Silva,T023,perecederos,completo,257.01,37,completa
E01808,Francisco Torres,T023,piso_reposicion,completo,258.67,1,completa
E01809,Ricardo López,T023,piso_reposicion,completo,239.14,38,completa
E01810,Daniela Ramírez,T023,almacen,completo,221.47,56,completa
E01811,Silvia Díaz,T023,piso_reposicion,completo,238.3,49,completa
E01812,Verónica Torres,T023,piso_reposicion,completo,243.45,111,completa
E01813,Gabriela Díaz,T023,perecederos,completo,260.45,104,completa
E01814,Arturo Contreras,T023,almacen,completo,222.39,93,completa
E01815,Roberto Morales,T023,perecederos,completo,279.1,2,completa
E01816,Rubén Aguilar,T023,almacen,completo,203.04,15,completa
E01817,Patricia Herrera,T023,perecederos,completo,267.81,52,completa
E01818,José Pérez,T023,perecederos,completo,268.31,75,completa
E01819,Lucía Flores,T023,perecederos,completo,282.97,82,completa
E01820,Arturo Ortiz,T023,piso_reposicion,completo,259.13,35,completa
E01821,Elena Chávez,T023,almacen,completo,239.79,13,parcial_tarde
E01822,Itzel García,T023,perecederos,completo,265.27,39,completa
E01823,Miguel Aguilar,T023,almacen,completo,208.47,95,completa
E01824,Jorge Díaz,T023,piso_reposicion,completo,239.41,119,parcial_manana
E01825,Laura Díaz,T023,piso_reposicion,completo,251.71,113,completa
E01826,Rosa Mendoza,T023,cajas,completo,275.94,71,completa
E01827,Eduardo Luna,T023,perecederos,completo,287.77,11,completa
E01828,Paola Guerrero,T023,perecederos,completo,243.23,117,parcial_tarde
E01829,Arturo Silva,T023,piso_reposicion,completo,245.63,18,completa
E01830,Itzel Ortiz,T023,cajas,completo,272.81,32,completa
E01831,Ana González,T023,perecederos,completo,277.67,117,completa
E01832,Mónica Torres,T023,perecederos,completo,278.0,60,completa
E01833,Guadalupe Reyes,T023,cajas,completo,250.01,23,parcial_tarde
E01834,Cecilia Díaz,T023,piso_reposicion,completo,241.85,60,completa
E01835,Mónica Torres,T023,almacen,completo,214.72,9,completa
E01836,Lucía Sánchez,T023,perecederos,completo,236.22,38,parcial_manana
E01837,Sergio Ramírez,T023,piso_reposicion,completo,251.39,115,completa
E01838,Andrea Medina,T023,cajas,completo,276.59,36,completa
E01839,Óscar Ramos,T023,almacen,completo,242.84,108,completa
E01840,Fernanda Martínez,T023,cajas,completo,240.03,65,completa
E01841,Gabriela Martínez,T024,perecederos,completo,230.28,69,completa
E01842,Verónica Gutiérrez,T024,piso_reposicion,completo,211.34,67,completa
E01843,Eduardo Juárez,T024,perecederos,completo,243.65,45,parcial_manana
E01844,Fernando Luna,T024,perecederos,completo,233.93,71,completa
E01845,Francisco González,T024,almacen,completo,226.57,57,completa
E01846,Gabriela Delgado,T024,almacen,completo,201.98,57,completa
E01847,Ramón Gómez,T024,cajas,completo,268.16,70,completa
E01848,Arturo Chávez,T024,piso_reposicion,completo,234.65,72,parcial_tarde
E01849,Sergio González,T024,almacen,completo,236.4,39,completa
E01850,María Contreras,T024,almacen,completo,237.54,16,completa
E01851,Mónica Álvarez,T024,perecederos,completo,265.47,36,completa
E01852,Raúl Aguilar,T024,perecederos,completo,294.78,49,completa
E01853,Roberto Castro,T024,cajas,completo,279.41,19,completa
E01854,Jorge Guerrero,T024,cajas,completo,241.55,21,completa
E01855,Rubén Pérez,T024,almacen,completo,206.29,115,completa
E01856,Fernando Flores,T024,cajas,completo,241.79,33,completa
E01857,Elena Martínez,T024,cajas,completo,233.4,89,completa
E01858,Paola Ramos,T024,piso_reposicion,completo,236.55,15,completa
E01859,Manuel Ramos,T024,almacen,completo,218.92,117,completa
E01860,Claudia Martínez,T024,cajas,completo,248.83,25,completa
E01861,Arturo Medina,T024,cajas,completo,265.79,47,completa
E01862,Fernando García,T024,perecederos,completo,249.18,94,completa
E01863,Laura Álvarez,T024,cajas,completo,252.25,24,completa
E01864,Miguel Vargas,T024,cajas,completo,240.11,66,completa
E01865,Salvador Juárez,T024,cajas,completo,267.1,95,completa
E01866,Alejandra González,T024,perecederos,completo,274.77,2,completa
E01867,Roberto Guerrero,T024,cajas,completo,220.51,3,completa
E01868,Sofía Vázquez,T024,almacen,completo,233.0,95,parcial_tarde
E01869,Eduardo Guerrero,T024,piso_reposicion,completo,218.51,31,completa
E01870,Brenda Herrera,T024,cajas,completo,263.47,110,completa
E01871,Ramón Medina,T024,piso_reposicion,completo,238.37,112,parcial_manana
E01872,Javier Martínez,T024,cajas,completo,244.09,106,completa
E01873,Verónica Herrera,T024,cajas,completo,261.64,120,completa
E01874,Itzel Gutiérrez,T024,perecederos,completo,289.96,99,completa
E01875,Víctor Delgado,T024,almacen,completo,238.94,46,completa
E01876,Andrea Herrera,T024,cajas,completo,252.72,120,completa
E01877,Rubén López,T024,cajas,completo,263.36,41,completa
E01878,Fernanda Rojas,T024,perecederos,completo,258.97,70,completa
E01879,Víctor López,T024,almacen,completo,239.45,0,completa
E01880,Juan Gómez,T024,almacen,completo,241.45,116,completa
E01881,Carlos Torres,T024,cajas,completo,228.24,71,completa
E01882,Ricardo Contreras,T024,piso_reposicion,completo,221.9,114,completa
E01883,Ramón Sánchez,T024,perecederos,completo,248.9,42,completa
E01884,Ana Delgado,T024,piso_reposicion,completo,218.3,37,completa
E01885,Luis Torres,T024,cajas,completo,243.55,63,parcial_manana
E01886,José Medina,T024,cajas,completo,231.58,104,completa
E01887,Rosa Hernández,T024,piso_reposicion,completo,239.78,66,completa
E01888,Brenda Morales,T024,piso_reposicion,completo,215.08,95,completa
E01889,Eduardo Mendoza,T024,piso_reposicion,completo,223.5,25,completa
E01890,Paola Vargas,T024,piso_reposicion,completo,243.28,93,completa
E01891,Ricardo Guerrero,T024,cajas,completo,243.91,88,completa
E01892,Mónica Juárez,T024,almacen,completo,221.07,108,completa
E01893,Ramón Jiménez,T024,piso_reposicion,completo,249.9,6,completa
E01894,Javier Díaz,T024,piso_reposicion,completo,259.23,46,parcial_manana
E01895,Víctor Rivera,T024,perecederos,completo,269.55,10,completa
E01896,Sergio Silva,T024,perecederos,completo,235.53,48,completa
E01897,Alejandro Mendoza,T024,cajas,completo,226.17,91,completa
E01898,Mónica Núñez,T024,piso_reposicion,completo,258.43,77,completa
E01899,Cecilia Gutiérrez,T024,piso_reposicion,completo,243.96,91,completa
E01900,Fernanda Ramos,T024,piso_reposicion,completo,247.62,89,parcial_tarde
E01901,Manuel Delgado,T024,cajas,completo,260.55,120,completa
E01902,Adriana Vargas,T024,cajas,completo,230.78,106,parcial_manana
E01903,Rubén Torres,T024,piso_reposicion,completo,232.42,70,completa
E01904,Lucía Jiménez,T024,piso_reposicion,completo,249.9,105,completa
E01905,Alejandra Torres,T024,piso_reposicion,completo,253.32,5,completa
E01906,Ricardo Ruiz,T024,piso_reposicion,completo,221.87,87,parcial_manana
E01907,Brenda Martínez,T024,piso_reposicion,completo,239.8,63,completa
E01908,Rubén Delgado,T024,almacen,completo,207.86,115,completa
E01909,Ana Luna,T024,cajas,completo,277.5,60,completa
E01910,José García,T024,piso_reposicion,completo,222.61,21,completa
E01911,Guadalupe Aguilar,T024,piso_reposicion,completo,246.33,87,completa
E01912,Andrea Hernández,T024,cajas,completo,233.87,114,completa
E01913,Laura Cruz,T024,piso_reposicion,completo,240.8,1,completa
E01914,Mario Reyes,T024,piso_reposicion,completo,242.96,7,completa
E01915,Brenda Jiménez,T024,perecederos,completo,252.99,80,completa
E01916,Rosa Núñez,T024,piso_reposicion,completo,250.94,67,completa
E01917,Fernanda Chávez,T024,piso_reposicion,completo,254.27,66,completa
E01918,Laura Morales,T024,cajas,completo,271.3,10,completa
E01919,Karla Hernández,T024,perecederos,completo,253.16,69,completa
E01920,Fernando Rojas,T024,piso_reposicion,completo,247.22,68,parcial_tarde
E01921,Jorge Rojas,T025,cajas,completo,252.49,80,completa
E01922,Diana Silva,T025,almacen,completo,206.58,45,completa
E01923,Juan Hernández,T025,piso_reposicion,completo,221.13,81,completa
E01924,Rubén Hernández,T025,cajas,completo,233.35,50,completa
E01925,Fernando Herrera,T025,almacen,completo,230.0,2,completa
E01926,José Pérez,T025,perecederos,completo,262.31,31,completa
E01927,Raúl Contreras,T025,almacen,completo,219.38,19,parcial_manana
E01928,Fernando Vázquez,T025,cajas,completo,253.4,48,completa
E01929,Arturo Castillo,T025,almacen,completo,248.51,109,completa
E01930,Miguel Guerrero,T025,cajas,completo,238.85,116,parcial_tarde
E01931,Fernanda Torres,T025,perecederos,completo,266.41,120,completa
E01932,Diana Castillo,T025,piso_reposicion,completo,234.02,13,completa
E01933,Diana Silva,T025,almacen,completo,235.83,58,parcial_tarde
E01934,Ángel García,T025,almacen,completo,236.51,5,completa
E01935,Claudia Sánchez,T025,cajas,completo,263.74,59,completa
E01936,María Pérez,T025,cajas,completo,232.09,69,completa
E01937,Sergio Reyes,T025,piso_reposicion,completo,232.45,93,parcial_tarde
E01938,Arturo Pérez,T025,piso_reposicion,completo,250.56,40,parcial_tarde
E01939,Sofía Sánchez,T025,piso_reposicion,completo,229.08,4,parcial_manana
E01940,Rosa Guerrero,T025,cajas,completo,279.06,54,completa
E01941,Juan Chávez,T025,perecederos,completo,255.54,51,completa
E01942,Víctor Cruz,T025,piso_reposicion,completo,234.88,75,parcial_tarde
E01943,María Ortiz,T025,cajas,completo,248.47,12,completa
E01944,Adriana Contreras,T025,perecederos,completo,260.36,74,completa
E01945,Fernanda Ramos,T025,perecederos,completo,289.19,48,completa
E01946,Daniela Chávez,T025,perecederos,completo,240.87,89,parcial_manana
E01947,Francisco Luna,T025,cajas,completo,254.06,119,completa
E01948,Paola Martínez,T025,perecederos,completo,273.3,27,completa
E01949,Mónica Ramos,T025,piso_reposicion,completo,252.56,91,parcial_manana
E01950,María Castro,T025,piso_reposicion,completo,240.46,15,parcial_tarde
E01951,Sergio Jiménez,T025,perecederos,completo,297.2,119,parcial_tarde
E01952,María Guerrero,T025,cajas,completo,272.33,58,completa
E01953,Andrea Rojas,T025,piso_reposicion,completo,227.44,90,completa
E01954,Sofía Reyes,T025,cajas,completo,271.59,94,completa
E01955,Fernanda Juárez,T025,cajas,completo,277.51,73,completa
E01956,Rubén Flores,T025,piso_reposicion,completo,222.86,46,parcial_tarde
E01957,Óscar Flores,T025,piso_reposicion,completo,240.51,91,completa
E01958,Eduardo Silva,T025,piso_reposicion,completo,224.09,57,completa
E01959,José García,T025,cajas,completo,258.97,79,completa
E01960,Ana Cruz,T025,piso_reposicion,completo,214.68,74,completa
E01961,Ramón Aguilar,T025,perecederos,completo,281.39,56,parcial_manana
E01962,Diana Ortiz,T025,piso_reposicion,completo,230.99,14,completa
E01963,Alejandra Delgado,T025,cajas,completo,255.24,35,completa
E01964,Óscar Rivera,T025,perecederos,completo,231.81,113,completa
E01965,Daniela Castillo,T025,piso_reposicion,completo,244.77,62,completa
E01966,Óscar Pérez,T025,almacen,completo,224.8,76,completa
E01967,Eduardo Torres,T025,almacen,completo,231.26,31,parcial_tarde
E01968,Jorge Sánchez,T025,cajas,completo,238.94,85,completa
E01969,Óscar Castro,T025,perecederos,completo,240.21,58,completa
E01970,Miguel Torres,T025,piso_reposicion,completo,231.77,26,completa
E01971,Sofía Medina,T025,cajas,completo,276.64,17,completa
E01972,Karla Reyes,T025,cajas,completo,233.67,47,completa
E01973,Silvia Castillo,T025,cajas,completo,260.55,68,completa
E01974,Ana Guerrero,T025,piso_reposicion,completo,212.49,33,completa
E01975,Arturo Guerrero,T025,piso_reposicion,completo,245.9,29,completa
E01976,Sergio García,T025,perecederos,completo,246.69,32,completa
E01977,Raúl Álvarez,T025,piso_reposicion,completo,232.58,35,parcial_tarde
E01978,Karla Contreras,T025,piso_reposicion,completo,228.39,89,completa
E01979,Ana Medina,T025,piso_reposicion,completo,215.64,60,completa
E01980,Eduardo Ramírez,T025,cajas,completo,240.73,56,completa
E01981,Elena Medina,T025,cajas,completo,241.01,19,completa
E01982,Laura Aguilar,T025,cajas,completo,251.33,65,completa
E01983,Antonio Medina,T025,cajas,completo,278.34,116,completa
E01984,José Gutiérrez,T025,almacen,completo,223.5,90,completa
E01985,Mónica Vázquez,T025,piso_reposicion,completo,255.72,54,parcial_manana
E01986,Sergio Medina,T025,cajas,completo,247.69,37,parcial_tarde
E01987,Alejandra Chávez,T025,cajas,completo,226.45,42,completa
E01988,José Ruiz,T025,piso_reposicion,completo,221.51,3,completa
E01989,Ramón Vargas,T025,cajas,completo,244.45,3,completa
E01990,José Díaz,T025,almacen,completo,216.27,93,completa
E01991,Elena Mendoza,T025,perecederos,completo,290.61,102,completa
E01992,Andrea Ruiz,T025,piso_reposicion,completo,243.93,117,completa
E01993,Paola Ramos,T025,piso_reposicion,completo,238.92,75,completa
E01994,Roberto Vargas,T025,piso_reposicion,completo,234.56,112,completa
E01995,Ángel Pérez,T025,almacen,completo,219.86,50,completa
E01996,Salvador Morales,T025,cajas,completo,256.73,30,completa
E01997,Ramón Vargas,T025,almacen,completo,206.23,29,completa
E01998,José Rojas,T025,piso_reposicion,completo,218.13,28,completa
E01999,Ramón Aguilar,T025,piso_reposicion,completo,225.16,90,completa
E02000,Francisco Medina,T025,perecederos,completo,241.98,1,completa
E02001,María Silva,T026,cajas,completo,229.44,59,completa
E02002,Elena Aguilar,T026,perecederos,completo,298.3,63,completa
E02003,Alejandra Castro,T026,piso_reposicion,completo,221.78,3,completa
E02004,Sofía Juárez,T026,piso_reposicion,completo,220.07,72,completa
E02005,Alejandro Martínez,T026,almacen,completo,231.04,4,completa
E02006,Carlos Álvarez,T026,cajas,completo,253.37,33,parcial_tarde
E02007,Diana Flores,T026,cajas,completo,233.55,35,completa
E02008,Lucía Medina,T026,perecederos,completo,276.93,81,completa
E02009,Adriana Silva,T026,piso_reposicion,completo,214.85,108,parcial_manana
E02010,Salvador Rojas,T026,cajas,completo,221.16,84,completa
E02011,Óscar Ortiz,T026,cajas,completo,224.94,52,completa
E02012,Karla Delgado,T026,piso_reposicion,completo,228.24,63,completa
E02013,Diana Mendoza,T026,cajas,completo,278.5,62,completa
E02014,Raúl Pérez,T026,cajas,completo,252.83,17,completa
E02015,Sergio Flores,T026,almacen,completo,237.74,115,completa
E02016,Ángel Contreras,T026,piso_reposicion,completo,226.07,111,completa
E02017,Alejandra Núñez,T026,perecederos,completo,280.35,29,completa
E02018,Roberto Rojas,T026,piso_reposicion,completo,258.31,13,completa
E02019,Ana Morales,T026,almacen,completo,217.89,19,completa
E02020,Víctor Díaz,T026,perecederos,completo,299.93,76,parcial_tarde
E02021,Diana Juárez,T026,cajas,completo,258.3,3,completa
E02022,Karla García,T026,piso_reposicion,completo,247.43,12,parcial_tarde
E02023,Gabriela Rojas,T026,piso_reposicion,completo,222.61,78,completa
E02024,María Mendoza,T026,cajas,completo,258.59,17,completa
E02025,Arturo Aguilar,T026,piso_reposicion,completo,235.55,8,completa
E02026,Manuel Gutiérrez,T026,cajas,completo,277.38,2,completa
E02027,Patricia Silva,T026,cajas,completo,274.28,85,completa
E02028,Elena Castro,T026,piso_reposicion,completo,229.83,43,completa
E02029,Mónica López,T026,almacen,completo,247.34,34,completa
E02030,Luis Jiménez,T026,perecederos,completo,291.94,77,completa
E02031,Raúl Guerrero,T026,cajas,completo,255.42,20,completa
E02032,Víctor Hernández,T026,perecederos,completo,235.75,63,parcial_tarde
E02033,Luis Castro,T026,piso_reposicion,completo,218.04,58,completa
E02034,María Flores,T026,perecederos,completo,235.38,81,completa
E02035,Ana Jiménez,T026,piso_reposicion,completo,215.4,75,completa
E02036,Eduardo Rojas,T026,almacen,completo,248.85,81,parcial_tarde
E02037,Víctor Ramos,T026,piso_reposicion,completo,220.61,25,completa
E02038,Silvia Martínez,T026,cajas,completo,261.45,16,completa
E02039,José García,T026,piso_reposicion,completo,241.83,64,completa
E02040,Manuel Castro,T026,piso_reposicion,completo,241.56,6,completa
E02041,Juan Luna,T026,piso_reposicion,completo,220.34,54,completa
E02042,Fernando Gómez,T026,piso_reposicion,completo,238.97,75,completa
E02043,Sofía Luna,T026,piso_reposicion,completo,241.28,99,completa
E02044,Raúl Chávez,T026,cajas,completo,254.22,79,parcial_manana
E02045,Brenda López,T026,perecederos,completo,243.03,120,parcial_tarde
E02046,Ángel Vázquez,T026,piso_reposicion,completo,246.15,67,parcial_tarde
E02047,Ana Contreras,T026,cajas,completo,224.39,53,parcial_manana
E02048,Jorge Rivera,T026,almacen,completo,229.56,29,completa
E02049,Elena Contreras,T026,cajas,completo,246.18,81,parcial_manana
E02050,Jorge Medina,T026,piso_reposicion,completo,222.51,98,parcial_tarde
E02051,Daniela Morales,T026,perecederos,completo,286.52,38,completa
E02052,Raúl Herrera,T026,almacen,completo,208.79,9,completa
E02053,Eduardo Ortiz,T026,almacen,completo,246.65,1,completa
E02054,Salvador Hernández,T026,cajas,completo,273.07,76,completa
E02055,Paola Guerrero,T026,cajas,completo,241.64,80,completa
E02056,Ricardo Cruz,T026,cajas,completo,238.31,14,completa
E02057,Rosa Castillo,T026,piso_reposicion,completo,216.87,2,completa
E02058,Fernando Castro,T026,piso_reposicion,completo,255.82,79,completa
E02059,Karla Hernández,T026,perecederos,completo,273.93,48,completa
E02060,Silvia Vargas,T026,piso_reposicion,completo,211.59,50,parcial_tarde
E02061,Andrea Cruz,T026,piso_reposicion,completo,235.55,31,completa
E02062,Miguel Vázquez,T026,piso_reposicion,completo,214.29,86,completa
E02063,María Chávez,T026,almacen,completo,228.69,90,completa
E02064,Ana Álvarez,T026,piso_reposicion,completo,235.45,6,parcial_manana
E02065,Mónica Ramírez,T026,almacen,completo,204.14,10,parcial_manana
E02066,Adriana González,T026,cajas,completo,268.95,67,completa
E02067,Arturo Ortiz,T026,almacen,completo,213.12,72,completa
E02068,José González,T026,cajas,completo,252.49,17,completa
E02069,Diana Flores,T026,cajas,completo,258.34,19,completa
E02070,Rosa Medina,T026,piso_reposicion,completo,258.12,82,completa
E02071,Alejandro Juárez,T026,perecederos,completo,264.57,55,completa
E02072,Mónica Herrera,T026,cajas,completo,275.04,14,completa
E02073,Elena Díaz,T026,perecederos,completo,254.84,73,completa
E02074,Arturo Juárez,T026,cajas,completo,271.45,8,completa
E02075,Ricardo Ortiz,T026,cajas,completo,234.15,27,completa
E02076,Alejandra Ramírez,T026,cajas,completo,262.45,86,completa
E02077,Antonio Ruiz,T026,perecederos,completo,236.2,26,completa
E02078,Andrea Jiménez,T026,perecederos,completo,299.02,7,completa
E02079,Carlos Cruz,T026,piso_reposicion,completo,257.7,116,completa
E02080,Sergio Medina,T026,almacen,completo,222.11,27,parcial_tarde
E02081,Manuel Díaz,T027,almacen,completo,229.74,116,completa
E02082,Fernando García,T027,cajas,completo,232.73,59,completa
E02083,Alejandra López,T027,cajas,completo,231.08,24,completa
E02084,Silvia Jiménez,T027,piso_reposicion,completo,241.97,77,completa
E02085,Patricia Torres,T027,cajas,completo,232.6,64,completa
E02086,Arturo Reyes,T027,cajas,completo,253.19,66,completa
E02087,Carlos Hernández,T027,almacen,completo,241.74,71,completa
E02088,Ana Martínez,T027,cajas,completo,243.39,86,parcial_manana
E02089,Cecilia Pérez,T027,piso_reposicion,completo,228.92,4,completa
E02090,Carlos Morales,T027,piso_reposicion,completo,211.81,12,completa
E02091,Arturo Sánchez,T027,perecederos,completo,247.79,11,completa
E02092,Alejandra Flores,T027,perecederos,completo,278.87,18,completa
E02093,Ángel Díaz,T027,perecederos,completo,255.23,117,completa
E02094,Claudia Gómez,T027,piso_reposicion,completo,217.91,88,completa
E02095,Óscar García,T027,piso_reposicion,completo,215.29,80,parcial_manana
E02096,Mario González,T027,piso_reposicion,completo,214.75,84,completa
E02097,Fernanda Contreras,T027,piso_reposicion,completo,242.96,4,completa
E02098,Eduardo Medina,T027,piso_reposicion,completo,240.63,25,completa
E02099,Miguel González,T027,piso_reposicion,completo,235.93,96,completa
E02100,Miguel Gómez,T027,cajas,completo,250.02,55,completa
E02101,Manuel Morales,T027,cajas,completo,229.19,61,completa
E02102,Arturo Núñez,T027,perecederos,completo,265.04,90,completa
E02103,Gabriela Rojas,T027,piso_reposicion,completo,213.0,9,completa
E02104,Karla Ruiz,T027,almacen,completo,246.29,96,parcial_tarde
E02105,Guadalupe González,T027,perecederos,completo,234.06,82,completa
E02106,Miguel Ramos,T027,cajas,completo,245.41,48,completa
E02107,Laura Ramos,T027,cajas,completo,220.03,60,parcial_tarde
E02108,Claudia Aguilar,T027,cajas,completo,267.17,8,completa
E02109,Mónica Delgado,T027,piso_reposicion,completo,218.31,24,parcial_manana
E02110,Guadalupe Díaz,T027,perecederos,completo,294.74,29,completa
E02111,Itzel Castillo,T027,cajas,completo,222.64,106,completa
E02112,Sofía Rivera,T027,piso_reposicion,completo,251.04,13,completa
E02113,Gabriela Torres,T027,almacen,completo,232.83,35,completa
E02114,Lucía Díaz,T027,almacen,completo,212.49,15,completa
E02115,José Castro,T027,cajas,completo,232.15,34,parcial_tarde
E02116,Itzel Gutiérrez,T027,piso_reposicion,completo,227.88,1,parcial_manana
E02117,Rubén Herrera,T027,piso_reposicion,completo,251.42,33,parcial_tarde
E02118,Cecilia Herrera,T027,cajas,completo,271.72,87,completa
E02119,Carlos Cruz,T027,perecederos,completo,242.27,92,completa
E02120,Andrea Contreras,T027,piso_reposicion,completo,227.67,45,completa
E02121,Patricia Martínez,T027,cajas,completo,234.25,85,completa
E02122,Antonio Rojas,T027,perecederos,completo,238.58,74,completa
E02123,Rubén García,T027,piso_reposicion,completo,242.32,109,completa
E02124,Ramón Morales,T027,cajas,completo,240.75,97,completa
E02125,Ramón Delgado,T027,cajas,completo,233.52,27,completa
E02126,Diana Herrera,T027,cajas,completo,271.96,71,completa
E02127,Salvador Díaz,T027,cajas,completo,264.9,95,completa
E02128,Salvador Rojas,T027,piso_reposicion,completo,248.69,36,completa
E02129,Ángel Pérez,T027,piso_reposicion,completo,211.96,69,parcial_tarde
E02130,Ángel Medina,T027,cajas,completo,274.91,48,completa
E02131,Arturo Jiménez,T027,cajas,completo,254.48,37,completa
E02132,Luis Torres,T027,perecederos,completo,265.27,24,completa
E02133,Ricardo Núñez,T027,almacen,completo,200.53,4,completa
E02134,Ramón Ruiz,T027,perecederos,completo,292.84,90,completa
E02135,Alejandro García,T027,almacen,completo,227.19,99,completa
E02136,Miguel Hernández,T027,piso_reposicion,completo,251.26,78,completa
E02137,Cecilia López,T027,perecederos,completo,275.89,29,completa
E02138,Manuel Ortiz,T027,piso_reposicion,completo,249.83,2,completa
E02139,Itzel Ortiz,T027,perecederos,completo,278.51,76,completa
E02140,Ricardo Vargas,T027,perecederos,completo,294.47,24,parcial_tarde
E02141,Daniela Herrera,T027,cajas,completo,233.53,66,parcial_manana
E02142,Daniela García,T027,cajas,completo,232.13,117,completa
E02143,Fernando Ramos,T027,cajas,completo,262.75,0,completa
E02144,Diana Álvarez,T027,almacen,completo,225.07,69,completa
E02145,Ricardo Rojas,T027,almacen,completo,229.96,120,completa
E02146,Ángel Gómez,T027,piso_reposicion,completo,245.43,40,parcial_tarde
E02147,Alejandro Martínez,T027,piso_reposicion,completo,237.37,98,completa
E02148,Antonio Sánchez,T027,piso_reposicion,completo,249.38,100,parcial_manana
E02149,Itzel Reyes,T027,almacen,completo,215.94,58,completa
E02150,Diana Gutiérrez,T027,perecederos,completo,290.13,37,completa
E02151,María Cruz,T027,piso_reposicion,completo,215.38,82,completa
E02152,María Hernández,T027,piso_reposicion,completo,241.7,74,parcial_tarde
E02153,Diana Reyes,T027,almacen,completo,244.51,57,completa
E02154,Arturo Gómez,T027,piso_reposicion,completo,222.63,23,completa
E02155,Cecilia Ramos,T027,almacen,completo,216.34,90,completa
E02156,Carlos Hernández,T027,piso_reposicion,completo,225.27,25,completa
E02157,Claudia Álvarez,T027,cajas,completo,253.86,16,completa
E02158,Ricardo Ortiz,T027,cajas,completo,244.77,8,completa
E02159,Antonio Díaz,T027,piso_reposicion,completo,215.4,54,completa
E02160,Antonio Núñez,T027,cajas,completo,273.48,14,completa
E02161,Guadalupe Contreras,T028,almacen,completo,228.25,0,completa
E02162,Ricardo Medina,T028,piso_reposicion,completo,245.2,104,completa
E02163,Rosa Gutiérrez,T028,perecederos,completo,269.35,42,completa
E02164,Guadalupe Juárez,T028,piso_reposicion,completo,244.68,98,completa
E02165,Fernando Núñez,T028,cajas,completo,220.0,7,completa
E02166,Sergio Álvarez,T028,cajas,completo,223.57,51,completa
E02167,Karla Guerrero,T028,almacen,completo,234.92,80,completa
E02168,Víctor Díaz,T028,perecederos,completo,286.2,56,completa
E02169,Javier Reyes,T028,piso_reposicion,completo,245.89,89,completa
E02170,Roberto Flores,T028,almacen,completo,233.15,103,completa
E02171,Miguel Herrera,T028,almacen,completo,235.37,51,completa
E02172,Brenda Juárez,T028,piso_reposicion,completo,246.98,33,completa
E02173,Andrea Medina,T028,piso_reposicion,completo,246.22,70,completa
E02174,Ramón Romero,T028,perecederos,completo,281.66,105,completa
E02175,Mónica Ruiz,T028,perecederos,completo,235.18,119,completa
E02176,Salvador Ramírez,T028,piso_reposicion,completo,213.16,98,completa
E02177,Rubén Cruz,T028,cajas,completo,241.67,29,completa
E02178,Paola Vargas,T028,cajas,completo,251.66,24,completa
E02179,Gabriela López,T028,cajas,completo,265.76,69,parcial_tarde
E02180,Carlos Núñez,T028,piso_reposicion,completo,226.74,48,completa
E02181,María Sánchez,T028,piso_reposicion,completo,223.76,73,completa
E02182,Claudia Álvarez,T028,perecederos,completo,284.7,111,completa
E02183,Paola Mendoza,T028,cajas,completo,234.96,66,completa
E02184,Lucía Delgado,T028,piso_reposicion,completo,251.04,43,completa
E02185,Jorge Álvarez,T028,cajas,completo,230.63,105,completa
E02186,Alejandra Jiménez,T028,piso_reposicion,completo,227.97,53,parcial_tarde
E02187,Itzel Ruiz,T028,cajas,completo,244.06,73,completa
E02188,Luis Reyes,T028,perecederos,completo,250.97,16,parcial_manana
E02189,Andrea Romero,T028,perecederos,completo,230.23,61,completa
E02190,Cecilia Núñez,T028,piso_reposicion,completo,221.78,51,completa
E02191,Rosa Hernández,T028,cajas,completo,240.26,14,completa
E02192,Sofía Cruz,T028,piso_reposicion,completo,225.68,25,completa
E02193,Verónica García,T028,piso_reposicion,completo,249.28,85,completa
E02194,Óscar Vázquez,T028,cajas,completo,222.84,21,completa
E02195,Jorge Álvarez,T028,piso_reposicion,completo,229.45,15,completa
E02196,Karla Martínez,T028,cajas,completo,222.25,6,completa
E02197,Patricia Vázquez,T028,perecederos,completo,295.15,3,completa
E02198,Fernando Ortiz,T028,almacen,completo,239.51,52,completa
E02199,Sergio Álvarez,T028,piso_reposicion,completo,259.11,59,completa
E02200,María Torres,T028,piso_reposicion,completo,255.51,75,completa
E02201,Ramón Sánchez,T028,piso_reposicion,completo,225.79,69,completa
E02202,Gabriela Hernández,T028,perecederos,completo,278.41,64,completa
E02203,Fernanda Ortiz,T028,almacen,completo,215.33,120,parcial_tarde
E02204,Elena Ramos,T028,perecederos,completo,292.17,30,completa
E02205,Andrea Núñez,T028,piso_reposicion,completo,230.54,86,completa
E02206,Mario Chávez,T028,cajas,completo,242.55,9,completa
E02207,Ana Sánchez,T028,almacen,completo,245.7,102,completa
E02208,Manuel Herrera,T028,cajas,completo,270.2,43,completa
E02209,Manuel López,T028,cajas,completo,277.98,41,completa
E02210,Antonio Reyes,T028,cajas,completo,223.99,16,completa
E02211,Diana Medina,T028,piso_reposicion,completo,222.17,61,completa
E02212,Lucía Rivera,T028,perecederos,completo,251.06,48,completa
E02213,Rosa Romero,T028,piso_reposicion,completo,231.22,117,completa
E02214,Mario Chávez,T028,almacen,completo,223.66,21,completa
E02215,Mario Contreras,T028,cajas,completo,237.49,50,completa
E02216,Miguel Gómez,T028,cajas,completo,267.43,108,completa
E02217,Rubén Núñez,T028,piso_reposicion,completo,221.16,97,completa
E02218,Elena Aguilar,T028,cajas,completo,261.79,92,completa
E02219,Juan Castro,T028,cajas,completo,271.11,63,completa
E02220,Andrea Sánchez,T028,almacen,completo,230.18,105,completa
E02221,Karla García,T028,piso_reposicion,completo,227.71,27,completa
E02222,Víctor Castro,T028,piso_reposicion,completo,219.39,97,completa
E02223,Arturo Ramos,T028,piso_reposicion,completo,216.72,70,parcial_tarde
E02224,Ángel Díaz,T028,perecederos,completo,282.09,42,completa
E02225,Elena Rojas,T028,piso_reposicion,completo,233.46,26,parcial_manana
E02226,Itzel Reyes,T028,cajas,completo,222.78,63,parcial_tarde
E02227,Mónica Gutiérrez,T028,cajas,completo,279.03,0,completa
E02228,Carlos Vargas,T028,almacen,completo,233.57,86,completa
E02229,Carlos Contreras,T028,cajas,completo,270.65,28,completa
E02230,Elena Rojas,T028,piso_reposicion,completo,231.91,47,parcial_manana
E02231,Ana Medina,T028,perecederos,completo,296.88,23,completa
E02232,Ricardo González,T028,piso_reposicion,completo,219.98,56,completa
E02233,Silvia González,T028,perecederos,completo,242.96,44,completa
E02234,Jorge Herrera,T028,piso_reposicion,completo,254.52,22,completa
E02235,Mónica Jiménez,T028,cajas,completo,273.5,107,completa
E02236,Rubén Pérez,T028,almacen,completo,224.95,91,completa
E02237,Jorge Herrera,T028,cajas,completo,227.55,46,completa
E02238,Óscar Luna,T028,cajas,completo,238.31,6,completa
E02239,Antonio López,T028,almacen,completo,237.71,102,parcial_manana
E02240,Ricardo Delgado,T028,cajas,completo,270.76,84,completa
E02241,Sofía Chávez,T029,cajas,completo,268.48,7,completa
E02242,Verónica Rojas,T029,piso_reposicion,completo,240.82,81,completa
E02243,Juan Pérez,T029,piso_reposicion,completo,231.42,96,completa
E02244,Carlos Aguilar,T029,almacen,completo,240.11,106,completa
E02245,Sofía Juárez,T029,cajas,completo,247.3,35,completa
E02246,Rosa Jiménez,T029,almacen,completo,211.39,9,completa
E02247,Óscar Rivera,T029,cajas,completo,248.35,91,completa
E02248,Raúl Mendoza,T029,almacen,completo,203.54,54,parcial_manana
E02249,Alejandro Silva,T029,piso_reposicion,completo,254.89,114,parcial_tarde
E02250,Luis Flores,T029,cajas,completo,263.86,22,completa
E02251,Ana Castillo,T029,perecederos,completo,283.22,69,completa
E02252,Cecilia López,T029,piso_reposicion,completo,253.72,14,completa
E02253,Daniela Flores,T029,piso_reposicion,completo,249.58,58,completa
E02254,Guadalupe Ruiz,T029,perecederos,completo,260.23,0,completa
E02255,Paola Ramos,T029,cajas,completo,227.12,90,completa
E02256,Itzel Ramírez,T029,perecederos,completo,256.14,73,completa
E02257,Carlos Reyes,T029,cajas,completo,276.05,11,completa
E02258,Cecilia González,T029,perecederos,completo,296.44,60,completa
E02259,Eduardo Álvarez,T029,piso_reposicion,completo,248.39,51,completa
E02260,Jorge Luna,T029,almacen,completo,210.22,81,completa
E02261,Ramón González,T029,cajas,completo,231.67,60,completa
E02262,Roberto Flores,T029,cajas,completo,272.79,55,completa
E02263,Mónica Guerrero,T029,cajas,completo,228.51,100,completa
E02264,Carlos Rojas,T029,piso_reposicion,completo,239.21,62,completa
E02265,Jorge Ruiz,T029,cajas,completo,242.7,98,completa
E02266,Ramón Vargas,T029,perecederos,completo,251.14,107,parcial_tarde
E02267,Ángel Guerrero,T029,piso_reposicion,completo,243.87,102,completa
E02268,María Cruz,T029,perecederos,completo,297.17,115,completa
E02269,Francisco Rojas,T029,piso_reposicion,completo,248.88,84,completa
E02270,Raúl Rojas,T029,perecederos,completo,264.03,67,completa
E02271,Brenda Flores,T029,cajas,completo,246.44,64,completa
E02272,Gabriela López,T029,piso_reposicion,completo,255.38,24,completa
E02273,Paola Jiménez,T029,cajas,completo,254.69,100,completa
E02274,Andrea Ruiz,T029,cajas,completo,249.8,83,parcial_manana
E02275,Juan Delgado,T029,almacen,completo,234.14,105,parcial_tarde
E02276,Ramón Pérez,T029,piso_reposicion,completo,221.86,84,completa
E02277,Karla Morales,T029,piso_reposicion,completo,213.19,58,completa
E02278,Antonio Ruiz,T029,piso_reposicion,completo,252.76,35,completa
E02279,Alejandra López,T029,cajas,completo,256.44,119,completa
E02280,Patricia Vargas,T029,almacen,completo,208.24,88,parcial_manana
E02281,Antonio Gómez,T029,piso_reposicion,completo,224.9,105,completa
E02282,Jorge García,T029,cajas,completo,279.4,70,completa
E02283,Diana Flores,T029,perecederos,completo,274.41,61,parcial_manana
E02284,Carlos Castro,T029,cajas,completo,258.17,4,completa
E02285,Raúl Guerrero,T029,almacen,completo,203.61,8,completa
E02286,Jorge Hernández,T029,cajas,completo,278.14,85,completa
E02287,Eduardo Chávez,T029,cajas,completo,273.57,27,completa
E02288,Alejandra Torres,T029,cajas,completo,252.87,9,parcial_tarde
E02289,Mario Herrera,T029,piso_reposicion,completo,225.47,93,parcial_manana
E02290,Patricia Álvarez,T029,piso_reposicion,completo,244.9,75,completa
E02291,Elena Contreras,T029,piso_reposicion,completo,251.67,13,completa
E02292,Jorge Cruz,T029,perecederos,completo,285.03,60,completa
E02293,Mónica Gómez,T029,perecederos,completo,298.39,56,completa
E02294,Guadalupe Díaz,T029,almacen,completo,231.84,0,completa
E02295,Óscar Ruiz,T029,cajas,completo,239.27,73,completa
E02296,Ángel Gutiérrez,T029,piso_reposicion,completo,234.9,47,completa
E02297,Gabriela García,T029,piso_reposicion,completo,250.82,106,completa
E02298,Carlos Luna,T029,cajas,completo,235.92,14,completa
E02299,Manuel González,T029,almacen,completo,211.57,102,parcial_manana
E02300,Javier Luna,T029,cajas,completo,263.49,0,completa
E02301,Andrea Sánchez,T029,piso_reposicion,completo,232.22,92,completa
E02302,Verónica Vázquez,T029,almacen,completo,240.83,94,completa
E02303,Ramón Díaz,T029,piso_reposicion,completo,217.18,49,completa
E02304,Fernanda Herrera,T029,almacen,completo,216.78,33,completa
E02305,Sofía Ortiz,T029,piso_reposicion,completo,223.4,17,completa
E02306,Alejandro Cruz,T029,cajas,completo,261.87,41,completa
E02307,Francisco Ramos,T029,almacen,completo,237.97,81,completa
E02308,Roberto Contreras,T029,cajas,completo,247.36,87,completa
E02309,Claudia Flores,T029,perecederos,completo,263.46,21,completa
E02310,Paola Torres,T029,piso_reposicion,completo,216.6,1,parcial_tarde
E02311,Elena López,T029,piso_reposicion,completo,245.09,67,completa
E02312,Francisco Castro,T029,piso_reposicion,completo,259.62,70,completa
E02313,José Herrera,T029,perecederos,completo,284.45,118,completa
E02314,Luis Mendoza,T029,cajas,completo,233.39,92,completa
E02315,Juan García,T029,piso_reposicion,completo,241.16,66,completa
E02316,Francisco Álvarez,T029,perecederos,completo,250.65,71,completa
E02317,Óscar Juárez,T029,perecederos,completo,232.11,78,completa
E02318,Ramón Luna,T029,piso_reposicion,completo,218.99,54,completa
E02319,Rubén Luna,T029,cajas,completo,226.16,81,completa
E02320,Claudia Rivera,T029,piso_reposicion,completo,219.8,23,completa
E02321,Karla Chávez,T030,cajas,completo,236.75,73,parcial_manana
E02322,Salvador Álvarez,T030,perecederos,completo,261.58,111,parcial_tarde
E02323,Luis López,T030,cajas,completo,233.19,89,parcial_tarde
E02324,Fernando Ruiz,T030,piso_reposicion,completo,236.57,19,completa
E02325,Mario Flores,T030,piso_reposicion,completo,238.91,26,completa
E02326,Cecilia Guerrero,T030,almacen,completo,216.89,9,completa
E02327,Fernando Cruz,T030,cajas,completo,236.33,31,completa
E02328,Verónica García,T030,almacen,completo,207.55,79,completa
E02329,Javier Ramos,T030,piso_reposicion,completo,216.98,113,completa
E02330,Fernanda López,T030,piso_reposicion,completo,245.57,58,completa
E02331,Ramón Rivera,T030,piso_reposicion,completo,221.08,9,completa
E02332,Javier Vargas,T030,almacen,completo,205.9,5,completa
E02333,Fernando Castillo,T030,perecederos,completo,299.92,50,completa
E02334,Fernando Vargas,T030,cajas,completo,235.59,32,completa
E02335,Arturo Rojas,T030,piso_reposicion,completo,254.8,69,completa
E02336,Fernanda Chávez,T030,almacen,completo,230.46,14,completa
E02337,Ana Vázquez,T030,cajas,completo,262.9,27,completa
E02338,Ramón López,T030,cajas,completo,253.66,67,completa
E02339,Manuel Gómez,T030,piso_reposicion,completo,219.04,34,completa
E02340,Laura Vargas,T030,almacen,completo,242.35,44,completa
E02341,Luis López,T030,perecederos,completo,287.96,26,completa
E02342,Alejandro Cruz,T030,piso_reposicion,completo,227.48,6,parcial_manana
E02343,Jorge Pérez,T030,piso_reposicion,completo,248.19,41,parcial_manana
E02344,Guadalupe Guerrero,T030,almacen,completo,227.15,39,completa
E02345,Ricardo Castillo,T030,piso_reposicion,completo,255.45,108,completa
E02346,Fernanda Aguilar,T030,perecederos,completo,286.2,108,completa
E02347,Paola Herrera,T030,cajas,completo,222.46,52,completa
E02348,Francisco Torres,T030,cajas,completo,272.76,34,completa
E02349,Gabriela Martínez,T030,piso_reposicion,completo,258.43,50,parcial_manana
E02350,Antonio Morales,T030,almacen,completo,237.11,73,completa
E02351,Lucía Ramírez,T030,cajas,completo,227.19,46,completa
E02352,Jorge Díaz,T030,perecederos,completo,286.52,91,completa
E02353,Ana Díaz,T030,cajas,completo,258.85,116,parcial_manana
E02354,Sofía Álvarez,T030,piso_reposicion,completo,226.94,48,completa
E02355,Silvia Díaz,T030,cajas,completo,273.04,14,completa
E02356,Claudia Sánchez,T030,cajas,completo,253.93,14,completa
E02357,Juan Contreras,T030,cajas,completo,271.18,105,completa
E02358,Rubén Martínez,T030,piso_reposicion,completo,243.51,50,completa
E02359,Fernanda Torres,T030,piso_reposicion,completo,224.43,39,parcial_manana
E02360,Claudia Reyes,T030,cajas,completo,278.5,74,completa
E02361,Lucía López,T030,piso_reposicion,completo,238.55,115,completa
E02362,Rosa Rojas,T030,almacen,completo,225.84,51,completa
E02363,Adriana Cruz,T030,cajas,completo,244.21,38,completa
E02364,Brenda Álvarez,T030,piso_reposicion,completo,216.82,104,parcial_manana
E02365,Diana Pérez,T030,perecederos,completo,278.03,10,completa
E02366,José Jiménez,T030,cajas,completo,245.85,102,completa
E02367,Lucía Pérez,T030,cajas,completo,276.08,62,completa
E02368,Eduardo Flores,T030,cajas,completo,277.91,2,completa
E02369,Eduardo Ortiz,T030,cajas,completo,266.06,27,parcial_manana
E02370,Arturo Guerrero,T030,perecederos,completo,246.97,82,completa
E02371,Carlos Díaz,T030,cajas,completo,262.96,91,completa
E02372,Guadalupe Ruiz,T030,piso_reposicion,completo,211.02,23,parcial_tarde
E02373,Karla Hernández,T030,almacen,completo,241.32,79,completa
E02374,Víctor Rivera,T030,piso_reposicion,completo,234.68,119,completa
E02375,Ana Mendoza,T030,cajas,completo,276.2,83,completa
E02376,Adriana Chávez,T030,piso_reposicion,completo,228.89,84,completa
E02377,Alejandra Jiménez,T030,cajas,completo,235.79,23,completa
E02378,Daniela Herrera,T030,piso_reposicion,completo,259.75,77,completa
E02379,Arturo Hernández,T030,perecederos,completo,267.15,85,completa
E02380,Brenda Herrera,T030,cajas,completo,271.79,13,completa
E02381,Fernanda Guerrero,T030,cajas,completo,274.66,37,completa
E02382,Laura Ruiz,T030,perecederos,completo,266.29,106,completa
E02383,Verónica Gómez,T030,piso_reposicion,completo,232.79,120,completa
E02384,Salvador Cruz,T030,almacen,completo,227.64,20,completa
E02385,Patricia Contreras,T030,piso_reposicion,completo,252.39,88,completa
E02386,Víctor Álvarez,T030,almacen,completo,248.23,60,completa
E02387,Manuel Luna,T030,perecederos,completo,252.98,71,completa
E02388,Javier Núñez,T030,piso_reposicion,completo,246.93,61,completa
E02389,Jorge Gutiérrez,T030,perecederos,completo,249.98,104,completa
E02390,Brenda Pérez,T030,piso_reposicion,completo,240.55,53,completa
E02391,Javier Flores,T030,cajas,completo,268.29,71,completa
E02392,Sergio Gómez,T030,perecederos,completo,292.05,80,completa
E02393,Verónica Delgado,T030,perecederos,completo,261.41,66,completa
E02394,Luis Gómez,T030,piso_reposicion,completo,228.49,106,completa
E02395,Karla Cruz,T030,piso_reposicion,completo,222.67,28,completa
E02396,Alejandro Guerrero,T030,cajas,completo,228.01,114,completa
E02397,Jorge Sánchez,T030,piso_reposicion,completo,228.25,82,completa
E02398,Karla Medina,T030,almacen,completo,243.6,116,completa
E02399,Rosa Castillo,T030,perecederos,completo,259.32,45,completa
E02400,Óscar Silva,T030,piso_reposicion,completo,225.86,57,completa
E02401,Sofía Torres,T031,almacen,completo,202.02,59,completa
E02402,Brenda Flores,T031,perecederos,completo,240.27,87,completa
E02403,Ramón Ruiz,T031,piso_reposicion,completo,233.13,18,completa
E02404,Gabriela Pérez,T031,almacen,completo,207.88,102,completa
E02405,Mónica Martínez,T031,piso_reposicion,completo,235.94,30,parcial_manana
E02406,Roberto Ramos,T031,perecederos,completo,294.59,62,completa
E02407,Brenda Castro,T031,piso_reposicion,completo,220.02,80,completa
E02408,Elena Jiménez,T031,almacen,completo,205.36,65,completa
E02409,Cecilia Sánchez,T031,almacen,completo,241.26,57,completa
E02410,Andrea Ruiz,T031,almacen,completo,223.01,40,completa
E02411,Daniela Morales,T031,piso_reposicion,completo,254.13,52,parcial_tarde
E02412,Verónica Vargas,T031,cajas,completo,238.37,28,completa
E02413,Lucía Torres,T031,piso_reposicion,completo,241.38,35,parcial_tarde
E02414,Paola Núñez,T031,perecederos,completo,294.63,91,completa
E02415,Ramón Gómez,T031,perecederos,completo,242.02,106,completa
E02416,Luis Contreras,T031,almacen,completo,240.04,102,completa
E02417,Miguel Morales,T031,piso_reposicion,completo,241.58,40,completa
E02418,Víctor Castro,T031,perecederos,completo,286.91,38,completa
E02419,Silvia Jiménez,T031,cajas,completo,230.24,7,completa
E02420,Carlos Hernández,T031,cajas,completo,246.05,33,completa
E02421,Brenda Hernández,T031,perecederos,completo,239.02,70,completa
E02422,Elena Ortiz,T031,piso_reposicion,completo,258.0,32,completa
E02423,Rubén Ramírez,T031,perecederos,completo,234.39,88,completa
E02424,Silvia Mendoza,T031,cajas,completo,223.93,6,completa
E02425,Mónica Pérez,T031,cajas,completo,273.89,49,completa
E02426,Rosa Romero,T031,perecederos,completo,251.05,34,completa
E02427,Karla Torres,T031,piso_reposicion,completo,239.85,59,completa
E02428,Guadalupe Ramírez,T031,piso_reposicion,completo,224.37,3,completa
E02429,Alejandro Cruz,T031,cajas,completo,258.93,50,completa
E02430,Mónica Romero,T031,perecederos,completo,243.47,95,completa
E02431,Ana Morales,T031,piso_reposicion,completo,232.94,103,completa
E02432,Andrea Reyes,T031,cajas,completo,252.01,30,completa
E02433,Karla Reyes,T031,piso_reposicion,completo,226.68,51,completa
E02434,Luis Reyes,T031,perecederos,completo,247.62,83,completa
E02435,Fernando Ortiz,T031,cajas,completo,228.41,56,completa
E02436,María Delgado,T031,perecederos,completo,279.43,65,completa
E02437,Arturo Romero,T031,cajas,completo,230.1,41,completa
E02438,Ana Ortiz,T031,piso_reposicion,completo,224.61,101,completa
E02439,Ricardo Castro,T031,almacen,completo,216.85,76,completa
E02440,Javier Vázquez,T031,piso_reposicion,completo,232.72,116,parcial_manana
E02441,Francisco Luna,T031,cajas,completo,262.15,94,completa
E02442,Patricia Castillo,T031,cajas,completo,245.68,44,completa
E02443,Fernanda Torres,T031,cajas,completo,272.27,39,completa
E02444,Ramón Castillo,T031,piso_reposicion,completo,243.99,10,completa
E02445,Luis Ruiz,T031,almacen,completo,241.92,75,completa
E02446,Víctor Torres,T031,cajas,completo,262.98,90,parcial_tarde
E02447,Verónica Torres,T031,cajas,completo,228.92,42,completa
E02448,Laura Romero,T031,almacen,completo,248.9,2,completa
E02449,Brenda Rojas,T031,piso_reposicion,completo,249.33,99,completa
E02450,Alejandro Reyes,T031,cajas,completo,254.36,26,completa
E02451,Alejandro Jiménez,T031,almacen,completo,208.26,70,completa
E02452,Laura Medina,T031,piso_reposicion,completo,218.63,6,completa
E02453,Mario Medina,T031,cajas,completo,256.86,7,completa
E02454,Ricardo Pérez,T031,cajas,completo,244.97,108,completa
E02455,Adriana Morales,T031,piso_reposicion,completo,243.79,81,completa
E02456,Patricia Silva,T031,cajas,completo,242.35,0,completa
E02457,Mario Rojas,T031,piso_reposicion,completo,235.64,12,completa
E02458,Karla Ruiz,T031,cajas,completo,231.28,59,completa
E02459,Alejandra García,T031,perecederos,completo,240.86,82,completa
E02460,Daniela Ortiz,T031,piso_reposicion,completo,213.78,51,parcial_tarde
E02461,Arturo López,T031,cajas,completo,269.18,105,completa
E02462,Manuel Díaz,T031,cajas,completo,253.32,78,parcial_manana
E02463,Cecilia Guerrero,T031,cajas,completo,276.83,74,completa
E02464,Gabriela Morales,T031,cajas,completo,264.97,35,completa
E02465,José Sánchez,T031,piso_reposicion,completo,248.44,82,completa
E02466,Fernanda Vargas,T031,piso_reposicion,completo,235.45,105,completa
E02467,Rosa Ruiz,T031,piso_reposicion,completo,250.77,5,completa
E02468,Sofía Medina,T031,perecederos,completo,295.94,88,completa
E02469,Diana Juárez,T031,almacen,completo,236.09,106,completa
E02470,Francisco Vargas,T031,almacen,completo,205.28,52,completa
E02471,Cecilia Aguilar,T031,cajas,completo,259.06,92,completa
E02472,Rubén Rojas,T031,piso_reposicion,completo,216.02,43,completa
E02473,Laura Díaz,T031,piso_reposicion,completo,213.86,23,parcial_tarde
E02474,Alejandro Chávez,T031,cajas,completo,261.57,98,parcial_tarde
E02475,Fernando Castillo,T031,piso_reposicion,completo,251.74,37,completa
E02476,Gabriela Medina,T031,piso_reposicion,completo,217.94,91,completa
E02477,Adriana Ramos,T031,perecederos,completo,235.19,38,completa
E02478,Gabriela Gutiérrez,T031,piso_reposicion,completo,254.33,48,completa
E02479,José Sánchez,T031,cajas,completo,227.93,82,completa
E02480,Alejandra Aguilar,T031,piso_reposicion,completo,211.75,41,completa
E02481,Andrea Rivera,T032,almacen,completo,222.68,6,parcial_manana
E02482,Cecilia Vázquez,T032,perecederos,completo,278.47,85,completa
E02483,Eduardo Flores,T032,cajas,completo,262.01,73,completa
E02484,Brenda Morales,T032,almacen,completo,209.05,12,completa
E02485,Ricardo Núñez,T032,piso_reposicion,completo,252.9,62,completa
E02486,Itzel Hernández,T032,cajas,completo,242.63,86,completa
E02487,Alejandra Ruiz,T032,piso_reposicion,completo,258.22,23,completa
E02488,Rosa Hernández,T032,piso_reposicion,completo,215.91,95,completa
E02489,Alejandro Chávez,T032,perecederos,completo,288.55,101,completa
E02490,Ángel Medina,T032,cajas,completo,274.5,65,completa
E02491,Ramón Contreras,T032,perecederos,completo,287.59,116,completa
E02492,Eduardo Rivera,T032,cajas,completo,268.53,103,completa
E02493,Patricia López,T032,cajas,completo,241.68,56,completa
E02494,Arturo Ruiz,T032,almacen,completo,235.67,107,parcial_manana
E02495,Cecilia Rojas,T032,almacen,completo,228.97,112,completa
E02496,Juan Castillo,T032,cajas,completo,245.47,13,completa
E02497,Alejandro López,T032,piso_reposicion,completo,259.66,120,completa
E02498,Luis Jiménez,T032,cajas,completo,237.43,0,completa
E02499,Guadalupe Morales,T032,piso_reposicion,completo,230.66,58,completa
E02500,Silvia Chávez,T032,perecederos,completo,293.2,113,completa
E02501,Jorge López,T032,almacen,completo,214.45,87,completa
E02502,Miguel Díaz,T032,piso_reposicion,completo,217.63,32,completa
E02503,Ana Silva,T032,piso_reposicion,completo,225.5,77,completa
E02504,Silvia Martínez,T032,perecederos,completo,283.15,25,completa
E02505,Verónica Núñez,T032,perecederos,completo,290.19,28,parcial_tarde
E02506,Karla Jiménez,T032,piso_reposicion,completo,215.72,110,parcial_manana
E02507,Jorge Romero,T032,piso_reposicion,completo,241.09,5,parcial_tarde
E02508,Arturo Luna,T032,piso_reposicion,completo,238.36,116,completa
E02509,Mario Torres,T032,piso_reposicion,completo,243.44,54,parcial_tarde
E02510,Gabriela Silva,T032,piso_reposicion,completo,243.55,7,completa
E02511,Alejandra Gómez,T032,perecederos,completo,297.16,95,completa
E02512,Francisco Reyes,T032,perecederos,completo,254.26,5,completa
E02513,Patricia Gutiérrez,T032,piso_reposicion,completo,224.99,39,parcial_tarde
E02514,Adriana Mendoza,T032,almacen,completo,229.06,29,completa
E02515,Antonio Díaz,T032,cajas,completo,245.77,94,completa
E02516,Juan Álvarez,T032,almacen,completo,223.69,47,completa
E02517,Rosa García,T032,piso_reposicion,completo,213.46,79,completa
E02518,Diana Medina,T032,perecederos,completo,240.38,8,completa
E02519,Miguel Medina,T032,cajas,completo,276.12,84,completa
E02520,Claudia Vázquez,T032,cajas,completo,224.1,86,completa
E02521,Sofía Mendoza,T032,piso_reposicion,completo,239.51,34,completa
E02522,Ricardo Castro,T032,perecederos,completo,282.82,106,completa
E02523,Guadalupe Núñez,T032,cajas,completo,220.71,56,completa
E02524,Alejandra Torres,T032,cajas,completo,233.36,80,completa
E02525,Rosa Ramos,T032,almacen,completo,218.85,21,completa
E02526,Mónica Castillo,T032,almacen,completo,225.34,112,completa
E02527,Salvador Reyes,T032,almacen,completo,217.08,29,completa
E02528,Brenda Contreras,T032,almacen,completo,232.45,75,completa
E02529,Gabriela Jiménez,T032,piso_reposicion,completo,221.32,10,parcial_manana
E02530,Ángel Romero,T032,cajas,completo,221.53,5,completa
E02531,Salvador Ramírez,T032,cajas,completo,220.09,15,parcial_manana
E02532,Óscar Ortiz,T032,perecederos,completo,254.19,114,parcial_manana
E02533,Jorge Aguilar,T032,almacen,completo,218.08,25,completa
E02534,Alejandra Gutiérrez,T032,cajas,completo,276.92,106,completa
E02535,Víctor Ruiz,T032,piso_reposicion,completo,212.24,70,completa
E02536,Gabriela Pérez,T032,cajas,completo,251.8,10,completa
E02537,Fernando Sánchez,T032,cajas,completo,254.67,53,completa
E02538,Miguel Reyes,T032,piso_reposicion,completo,244.96,57,completa
E02539,Laura Díaz,T032,piso_reposicion,completo,241.94,32,completa
E02540,Fernando Juárez,T032,cajas,completo,220.49,73,completa
E02541,Ángel Guerrero,T032,cajas,completo,257.91,104,completa
E02542,Claudia Chávez,T032,cajas,completo,239.34,106,completa
E02543,Juan Jiménez,T032,cajas,completo,266.37,63,completa
E02544,Brenda Gómez,T032,piso_reposicion,completo,219.42,108,completa
E02545,Roberto Vázquez,T032,perecederos,completo,280.13,111,parcial_manana
E02546,Andrea Vargas,T032,cajas,completo,257.53,10,completa
E02547,Ángel Vargas,T032,piso_reposicion,completo,242.61,76,completa
E02548,Fernando Contreras,T032,cajas,completo,230.56,93,parcial_tarde
E02549,Raúl Romero,T032,piso_reposicion,completo,243.46,1,completa
E02550,Salvador Reyes,T032,cajas,completo,264.22,73,completa
E02551,Alejandra López,T032,piso_reposicion,completo,234.47,110,completa
E02552,Raúl Herrera,T032,piso_reposicion,completo,227.02,32,completa
E02553,Daniela Juárez,T032,piso_reposicion,completo,218.33,103,completa
E02554,Mario Castillo,T032,piso_reposicion,completo,224.5,113,completa
E02555,Ana Núñez,T032,piso_reposicion,completo,248.19,76,completa
E02556,Elena Díaz,T032,cajas,completo,244.56,76,completa
E02557,Silvia López,T032,perecederos,completo,279.19,64,completa
E02558,Manuel Aguilar,T032,piso_reposicion,completo,247.0,49,completa
E02559,Miguel González,T032,perecederos,completo,277.19,54,completa
E02560,Roberto Hernández,T032,cajas,completo,260.41,63,completa
E02561,Javier Jiménez,T033,almacen,completo,232.26,119,completa
E02562,Roberto Morales,T033,piso_reposicion,completo,244.9,47,completa
E02563,Cecilia Cruz,T033,perecederos,completo,237.23,17,completa
E02564,Laura Ramírez,T033,piso_reposicion,completo,225.25,1,completa
E02565,Antonio Rivera,T033,piso_reposicion,completo,210.87,59,completa
E02566,Laura Romero,T033,perecederos,completo,261.82,21,parcial_tarde
E02567,Arturo Castro,T033,perecederos,completo,260.06,17,completa
E02568,Salvador Ruiz,T033,almacen,completo,236.72,17,completa
E02569,Silvia Jiménez,T033,piso_reposicion,completo,218.36,33,completa
E02570,Patricia Ruiz,T033,cajas,completo,257.89,14,completa
E02571,Eduardo Romero,T033,cajas,completo,238.4,58,completa
E02572,Itzel Cruz,T033,almacen,completo,219.1,79,parcial_tarde
E02573,Fernanda Cruz,T033,piso_reposicion,completo,245.96,35,completa
E02574,Alejandra Jiménez,T033,piso_reposicion,completo,213.58,16,completa
E02575,Miguel Díaz,T033,almacen,completo,217.14,69,completa
E02576,Verónica Ruiz,T033,piso_reposicion,completo,229.57,10,completa
E02577,Ramón Ramírez,T033,piso_reposicion,completo,245.79,89,parcial_tarde
E02578,Raúl López,T033,perecederos,completo,243.95,46,parcial_manana
E02579,Andrea Ramos,T033,piso_reposicion,completo,257.37,49,completa
E02580,Francisco López,T033,almacen,completo,249.89,30,completa
E02581,Arturo Ramírez,T033,cajas,completo,269.13,34,completa
E02582,Diana Morales,T033,cajas,completo,237.98,17,completa
E02583,Verónica García,T033,piso_reposicion,completo,243.19,67,completa
E02584,Salvador Torres,T033,cajas,completo,224.99,17,parcial_tarde
E02585,María Vázquez,T033,cajas,completo,272.28,82,completa
E02586,Patricia Cruz,T033,piso_reposicion,completo,235.8,31,completa
E02587,Brenda Rojas,T033,cajas,completo,230.59,68,completa
E02588,Salvador Hernández,T033,almacen,completo,216.37,64,completa
E02589,Sofía Vargas,T033,piso_reposicion,completo,250.04,76,completa
E02590,Silvia Romero,T033,perecederos,completo,290.92,91,completa
E02591,Francisco Aguilar,T033,cajas,completo,251.18,67,completa
E02592,Juan Medina,T033,cajas,completo,248.82,103,parcial_tarde
E02593,Sofía López,T033,cajas,completo,265.04,31,completa
E02594,Javier Álvarez,T033,piso_reposicion,completo,251.31,90,completa
E02595,María Reyes,T033,almacen,completo,238.24,41,completa
E02596,Miguel Medina,T033,cajas,completo,243.07,76,completa
E02597,Karla Gómez,T033,piso_reposicion,completo,242.1,59,completa
E02598,Mónica Morales,T033,cajas,completo,271.44,109,parcial_tarde
E02599,Raúl Vargas,T033,cajas,completo,229.11,32,completa
E02600,Silvia Luna,T033,almacen,completo,219.41,62,completa
E02601,Patricia Rojas,T033,almacen,completo,202.83,19,completa
E02602,Mario Castro,T033,piso_reposicion,completo,230.44,76,completa
E02603,Daniela Vázquez,T033,perecederos,completo,284.06,4,completa
E02604,Salvador Vázquez,T033,piso_reposicion,completo,219.85,49,completa
E02605,Karla Contreras,T033,perecederos,completo,267.93,1,completa
E02606,Francisco Torres,T033,cajas,completo,222.2,39,parcial_tarde
E02607,Francisco Contreras,T033,piso_reposicion,completo,254.88,58,completa
E02608,Claudia Aguilar,T033,perecederos,completo,287.4,40,completa
E02609,Alejandra Mendoza,T033,almacen,completo,226.22,46,completa
E02610,Patricia Romero,T033,piso_reposicion,completo,245.29,17,completa
E02611,Elena Juárez,T033,piso_reposicion,completo,215.2,86,completa
E02612,Mario Herrera,T033,perecederos,completo,289.16,96,completa
E02613,Lucía Hernández,T033,perecederos,completo,280.07,55,completa
E02614,Rosa Álvarez,T033,cajas,completo,227.2,6,completa
E02615,Eduardo Castro,T033,cajas,completo,278.84,7,parcial_tarde
E02616,Laura Núñez,T033,piso_reposicion,completo,211.13,81,completa
E02617,Antonio Luna,T033,piso_reposicion,completo,241.43,112,completa
E02618,María Luna,T033,cajas,completo,230.31,104,completa
E02619,Arturo Martínez,T033,perecederos,completo,280.35,49,completa
E02620,Rosa Aguilar,T033,cajas,completo,224.22,60,completa
E02621,Patricia Luna,T033,piso_reposicion,completo,214.06,19,completa
E02622,Rosa Contreras,T033,piso_reposicion,completo,233.31,8,completa
E02623,Rosa Vázquez,T033,cajas,completo,279.64,92,completa
E02624,Ana Núñez,T033,cajas,completo,236.59,51,completa
E02625,Claudia Rojas,T033,almacen,completo,230.63,60,completa
E02626,Itzel García,T033,cajas,completo,251.12,41,completa
E02627,Sofía Rojas,T033,piso_reposicion,completo,252.11,37,completa
E02628,Ramón Aguilar,T033,piso_reposicion,completo,224.43,119,completa
E02629,Claudia Castillo,T033,perecederos,completo,268.85,98,completa
E02630,Jorge Ramírez,T033,piso_reposicion,completo,257.53,83,completa
E02631,Ana Núñez,T033,piso_reposicion,completo,226.63,47,completa
E02632,Karla Gómez,T033,almacen,completo,221.97,87,completa
E02633,José Ortiz,T033,piso_reposicion,completo,254.44,41,completa
E02634,Diana Gómez,T033,cajas,completo,239.95,62,completa
E02635,José Contreras,T033,cajas,completo,242.84,17,completa
E02636,Ramón Ramos,T033,cajas,completo,238.25,85,completa
E02637,Silvia González,T033,perecederos,completo,286.67,7,parcial_manana
E02638,Alejandro García,T033,perecederos,completo,295.13,87,completa
E02639,Sofía Silva,T033,cajas,completo,257.87,73,parcial_manana
E02640,Sergio Flores,T033,cajas,completo,257.42,8,completa
E02641,Guadalupe Rojas,T034,perecederos,completo,270.91,79,completa
E02642,Luis Chávez,T034,piso_reposicion,completo,242.68,42,parcial_manana
E02643,Salvador Castillo,T034,almacen,completo,209.01,64,completa
E02644,Carlos Pérez,T034,piso_reposicion,completo,231.87,23,completa
E02645,Roberto González,T034,almacen,completo,244.03,5,completa
E02646,Itzel González,T034,almacen,completo,210.77,50,completa
E02647,Carlos Aguilar,T034,cajas,completo,220.01,94,completa
E02648,Gabriela Reyes,T034,perecederos,completo,248.03,42,completa
E02649,Andrea Gómez,T034,almacen,completo,224.38,46,completa
E02650,Diana Mendoza,T034,piso_reposicion,completo,251.06,119,completa
E02651,Salvador Morales,T034,cajas,completo,258.6,119,completa
E02652,Arturo Pérez,T034,piso_reposicion,completo,255.95,56,completa
E02653,Sofía Castillo,T034,piso_reposicion,completo,232.78,5,completa
E02654,Salvador Castillo,T034,cajas,completo,243.45,82,completa
E02655,Adriana Pérez,T034,piso_reposicion,completo,221.57,86,parcial_tarde
E02656,Luis Rivera,T034,almacen,completo,210.9,110,completa
E02657,Andrea Flores,T034,cajas,completo,264.17,114,parcial_tarde
E02658,Jorge Herrera,T034,piso_reposicion,completo,214.02,76,completa
E02659,Arturo Flores,T034,cajas,completo,234.56,12,completa
E02660,Itzel Martínez,T034,piso_reposicion,completo,254.29,30,completa
E02661,José Rivera,T034,cajas,completo,254.62,86,completa
E02662,Karla Chávez,T034,perecederos,completo,233.26,73,completa
E02663,Brenda Ruiz,T034,almacen,completo,235.21,52,completa
E02664,Silvia López,T034,almacen,completo,225.33,48,completa
E02665,Gabriela Rojas,T034,piso_reposicion,completo,252.73,85,completa
E02666,Sofía Reyes,T034,cajas,completo,260.95,51,parcial_tarde
E02667,Laura Reyes,T034,cajas,completo,220.27,18,completa
E02668,Cecilia García,T034,cajas,completo,232.34,118,parcial_manana
E02669,Roberto Gómez,T034,cajas,completo,235.48,42,completa
E02670,Daniela Chávez,T034,piso_reposicion,completo,245.11,33,completa
E02671,Eduardo Aguilar,T034,almacen,completo,225.47,8,completa
E02672,Paola Ruiz,T034,piso_reposicion,completo,247.37,56,completa
E02673,Ángel Jiménez,T034,perecederos,completo,265.9,119,completa
E02674,Mario González,T034,cajas,completo,239.64,19,completa
E02675,Itzel Morales,T034,perecederos,completo,237.26,29,completa
E02676,Miguel Castro,T034,perecederos,completo,244.18,21,completa
E02677,Miguel Aguilar,T034,cajas,completo,244.05,11,parcial_manana
E02678,Francisco Romero,T034,piso_reposicion,completo,237.57,73,completa
E02679,Mónica Jiménez,T034,piso_reposicion,completo,256.93,36,completa
E02680,Adriana Jiménez,T034,piso_reposicion,completo,221.99,90,completa
E02681,Víctor Silva,T034,piso_reposicion,completo,243.3,48,completa
E02682,Víctor Romero,T034,cajas,completo,229.15,77,completa
E02683,Ángel Romero,T034,cajas,completo,262.83,10,completa
E02684,Ana Reyes,T034,perecederos,completo,230.79,39,completa
E02685,Óscar Ramos,T034,cajas,completo,259.36,50,completa
E02686,Víctor Vargas,T034,almacen,completo,208.16,7,completa
E02687,Silvia Guerrero,T034,piso_reposicion,completo,219.02,50,completa
E02688,Daniela Álvarez,T034,piso_reposicion,completo,237.95,56,completa
E02689,Ramón Medina,T034,almacen,completo,218.77,48,parcial_tarde
E02690,Roberto Álvarez,T034,cajas,completo,248.28,61,completa
E02691,Miguel Martínez,T034,perecederos,completo,251.62,96,completa
E02692,Alejandro Rivera,T034,cajas,completo,277.21,93,completa
E02693,Jorge Flores,T034,cajas,completo,237.44,1,completa
E02694,Brenda Medina,T034,piso_reposicion,completo,237.1,77,completa
E02695,Miguel Ruiz,T034,perecederos,completo,289.8,109,completa
E02696,Carlos Pérez,T034,cajas,completo,259.85,105,completa
E02697,Sergio Ramírez,T034,piso_reposicion,completo,226.14,39,completa
E02698,Sergio Ramos,T034,piso_reposicion,completo,237.62,94,completa
E02699,Sergio Contreras,T034,cajas,completo,224.98,96,completa
E02700,Laura García,T034,almacen,completo,227.28,44,completa
E02701,Manuel Rojas,T034,cajas,completo,245.88,105,completa
E02702,Salvador Ramírez,T034,perecederos,completo,283.06,76,completa
E02703,Luis Rivera,T034,cajas,completo,270.87,90,completa
E02704,Karla Aguilar,T034,piso_reposicion,completo,219.98,90,completa
E02705,Carlos Castro,T034,perecederos,completo,235.71,94,completa
E02706,Patricia Guerrero,T034,piso_reposicion,completo,229.53,115,completa
E02707,Mario García,T034,perecederos,completo,267.39,103,completa
E02708,Ricardo Martínez,T034,piso_reposicion,completo,228.84,51,completa
E02709,Javier Ramos,T034,perecederos,completo,274.0,68,completa
E02710,Andrea Castillo,T034,piso_reposicion,completo,235.28,78,completa
E02711,Raúl Rivera,T034,piso_reposicion,completo,256.83,103,completa
E02712,Roberto Aguilar,T034,piso_reposicion,completo,230.47,47,completa
E02713,Antonio Rivera,T034,cajas,completo,224.95,37,completa
E02714,Ángel Luna,T034,piso_reposicion,completo,225.1,89,completa
E02715,Claudia Ramírez,T034,perecederos,completo,272.41,115,completa
E02716,Sergio Medina,T034,almacen,completo,212.8,110,completa
E02717,Ángel Vázquez,T034,piso_reposicion,completo,223.45,17,completa
E02718,Diana González,T034,cajas,completo,240.37,111,completa
E02719,Fernanda Mendoza,T034,cajas,completo,264.77,95,completa
E02720,Paola Pérez,T034,cajas,completo,276.41,19,parcial_manana
E02721,Guadalupe Ruiz,T035,cajas,completo,256.83,19,completa
E02722,Laura Delgado,T035,perecederos,completo,291.77,32,completa
E02723,Fernando Ortiz,T035,perecederos,completo,248.57,62,completa
E02724,Alejandra Medina,T035,perecederos,completo,277.69,69,completa
E02725,Lucía Martínez,T035,piso_reposicion,completo,217.62,57,completa
E02726,Roberto Gutiérrez,T035,piso_reposicion,completo,218.6,54,completa
E02727,Víctor Contreras,T035,piso_reposicion,completo,255.08,32,completa
E02728,Manuel Sánchez,T035,cajas,completo,227.08,93,completa
E02729,Daniela Sánchez,T035,cajas,completo,221.46,62,completa
E02730,Alejandro Vargas,T035,almacen,completo,238.75,26,completa
E02731,Ángel Jiménez,T035,perecederos,completo,255.38,31,completa
E02732,Gabriela Chávez,T035,piso_reposicion,completo,229.83,53,completa
E02733,Carlos Flores,T035,almacen,completo,239.99,102,parcial_manana
E02734,Lucía Sánchez,T035,piso_reposicion,completo,219.0,116,completa
E02735,Roberto Castro,T035,cajas,completo,259.02,47,completa
E02736,Daniela Cruz,T035,almacen,completo,215.68,47,parcial_tarde
E02737,Luis Álvarez,T035,perecederos,completo,237.3,15,parcial_manana
E02738,Silvia Gutiérrez,T035,almacen,completo,234.37,66,completa
E02739,Juan Morales,T035,piso_reposicion,completo,225.93,29,completa
E02740,Silvia Flores,T035,piso_reposicion,completo,253.33,99,completa
E02741,Ana Medina,T035,cajas,completo,275.14,64,parcial_manana
E02742,Alejandra Gómez,T035,almacen,completo,242.45,26,completa
E02743,Guadalupe Núñez,T035,almacen,completo,216.12,110,completa
E02744,Manuel Ortiz,T035,piso_reposicion,completo,221.83,98,completa
E02745,Fernanda Juárez,T035,piso_reposicion,completo,254.64,36,parcial_manana
E02746,Adriana Chávez,T035,piso_reposicion,completo,232.65,14,completa
E02747,Claudia Ortiz,T035,piso_reposicion,completo,245.39,31,completa
E02748,Guadalupe Chávez,T035,cajas,completo,269.63,45,completa
E02749,Cecilia Gutiérrez,T035,cajas,completo,236.66,49,completa
E02750,Fernando Ramos,T035,piso_reposicion,completo,215.95,99,completa
E02751,Javier Rojas,T035,cajas,completo,257.49,117,completa
E02752,Mario Vargas,T035,cajas,completo,255.41,90,completa
E02753,Mónica Martínez,T035,piso_reposicion,completo,223.51,102,completa
E02754,Eduardo López,T035,perecederos,completo,270.93,15,completa
E02755,Rosa García,T035,perecederos,completo,285.33,18,completa
E02756,Verónica Herrera,T035,cajas,completo,241.0,109,completa
E02757,Claudia Torres,T035,cajas,completo,234.54,74,completa
E02758,Miguel Morales,T035,almacen,completo,236.25,28,parcial_tarde
E02759,Andrea Delgado,T035,piso_reposicion,completo,249.29,95,completa
E02760,Fernanda Pérez,T035,piso_reposicion,completo,257.71,21,parcial_manana
E02761,Salvador Sánchez,T035,piso_reposicion,completo,217.38,92,completa
E02762,Fernanda Hernández,T035,cajas,completo,273.36,106,completa
E02763,Salvador Gómez,T035,piso_reposicion,completo,248.25,59,completa
E02764,Silvia Hernández,T035,cajas,completo,262.11,79,completa
E02765,Rosa Aguilar,T035,piso_reposicion,completo,225.65,88,completa
E02766,Víctor Castro,T035,perecederos,completo,231.55,106,completa
E02767,Mónica Ramírez,T035,piso_reposicion,completo,235.38,70,completa
E02768,Víctor Jiménez,T035,piso_reposicion,completo,224.29,35,completa
E02769,Mónica Díaz,T035,perecederos,completo,250.29,24,completa
E02770,Carlos Hernández,T035,almacen,completo,246.36,43,completa
E02771,Sergio Chávez,T035,piso_reposicion,completo,217.65,6,completa
E02772,Ramón Herrera,T035,perecederos,completo,295.4,84,parcial_tarde
E02773,Carlos Flores,T035,piso_reposicion,completo,235.19,44,completa
E02774,Alejandra Álvarez,T035,cajas,completo,270.3,86,completa
E02775,Arturo Silva,T035,almacen,completo,214.18,7,completa
E02776,Verónica López,T035,cajas,completo,258.04,38,parcial_tarde
E02777,Karla Sánchez,T035,piso_reposicion,completo,237.83,47,completa
E02778,Carlos Gómez,T035,cajas,completo,275.45,10,completa
E02779,Daniela Delgado,T035,almacen,completo,208.96,100,completa
E02780,Cecilia Pérez,T035,perecederos,completo,244.32,72,completa
E02781,Alejandra Chávez,T035,cajas,completo,276.94,102,completa
E02782,Rosa Vázquez,T035,perecederos,completo,236.86,97,completa
E02783,Guadalupe Pérez,T035,cajas,completo,258.08,4,completa
E02784,Adriana Martínez,T035,piso_reposicion,completo,213.03,104,completa
E02785,Salvador González,T035,cajas,completo,224.62,8,parcial_manana
E02786,Juan López,T035,cajas,completo,255.83,105,completa
E02787,Guadalupe Jiménez,T035,cajas,completo,253.08,81,completa
E02788,Fernando Luna,T035,cajas,completo,254.38,99,completa
E02789,Francisco Cruz,T035,perecederos,completo,263.16,60,completa
E02790,Carlos Rivera,T035,piso_reposicion,completo,247.12,19,completa
E02791,Ricardo Flores,T035,piso_reposicion,completo,259.61,18,completa
E02792,Arturo Silva,T035,cajas,completo,236.55,14,completa
E02793,Fernanda Contreras,T035,almacen,completo,216.17,97,completa
E02794,Sofía Aguilar,T035,perecederos,completo,252.61,64,completa
E02795,Paola Chávez,T035,piso_reposicion,completo,248.16,26,completa
E02796,Fernanda Sánchez,T035,cajas,completo,240.88,15,completa
E02797,María Luna,T035,almacen,completo,233.84,9,completa
E02798,Víctor García,T035,cajas,completo,246.75,31,completa
E02799,Rosa Sánchez,T035,piso_reposicion,completo,240.39,90,completa
E02800,Óscar Herrera,T035,cajas,completo,269.74,107,completa
E02801,Andrea González,T036,cajas,completo,234.16,80,completa
E02802,Alejandra Martínez,T036,cajas,completo,226.88,51,completa
E02803,Lucía Ortiz,T036,cajas,completo,227.87,92,completa
E02804,Miguel Contreras,T036,cajas,completo,238.77,74,completa
E02805,Cecilia Castillo,T036,cajas,completo,279.51,4,completa
E02806,Andrea Romero,T036,perecederos,completo,241.01,9,completa
E02807,Daniela Mendoza,T036,cajas,completo,237.91,23,completa
E02808,Claudia Guerrero,T036,almacen,completo,246.04,105,completa
E02809,Miguel Delgado,T036,perecederos,completo,297.43,2,completa
E02810,Ángel García,T036,piso_reposicion,completo,221.44,8,completa
E02811,Elena Vázquez,T036,piso_reposicion,completo,254.02,94,completa
E02812,Salvador Vázquez,T036,piso_reposicion,completo,216.95,75,completa
E02813,Laura Torres,T036,perecederos,completo,283.31,119,completa
E02814,Itzel Silva,T036,piso_reposicion,completo,210.65,26,completa
E02815,Andrea Rivera,T036,perecederos,completo,258.46,79,completa
E02816,Raúl Delgado,T036,cajas,completo,234.84,16,completa
E02817,Itzel González,T036,cajas,completo,262.24,71,completa
E02818,Carlos Mendoza,T036,cajas,completo,220.96,12,completa
E02819,Daniela Castro,T036,piso_reposicion,completo,233.25,109,parcial_manana
E02820,Cecilia Jiménez,T036,piso_reposicion,completo,244.84,50,completa
E02821,Laura González,T036,perecederos,completo,233.27,30,completa
E02822,Guadalupe González,T036,almacen,completo,244.87,119,completa
E02823,Javier Mendoza,T036,piso_reposicion,completo,228.06,8,completa
E02824,José Guerrero,T036,cajas,completo,229.92,96,completa
E02825,Silvia Romero,T036,piso_reposicion,completo,221.27,61,parcial_tarde
E02826,Brenda González,T036,almacen,completo,216.95,83,completa
E02827,Rosa Álvarez,T036,cajas,completo,231.9,31,completa
E02828,Miguel Chávez,T036,piso_reposicion,completo,235.53,106,completa
E02829,Ramón López,T036,piso_reposicion,completo,241.65,54,parcial_tarde
E02830,Javier Cruz,T036,almacen,completo,221.67,50,completa
E02831,Fernanda Torres,T036,almacen,completo,221.35,55,completa
E02832,Rubén Silva,T036,cajas,completo,266.9,35,parcial_tarde
E02833,Roberto Núñez,T036,cajas,completo,238.06,38,parcial_tarde
E02834,Jorge González,T036,piso_reposicion,completo,241.14,16,completa
E02835,Raúl Castillo,T036,perecederos,completo,292.5,58,completa
E02836,Mónica García,T036,almacen,completo,211.08,57,completa
E02837,Diana Chávez,T036,perecederos,completo,273.39,45,completa
E02838,Ricardo Sánchez,T036,cajas,completo,276.88,119,completa
E02839,Elena Castro,T036,cajas,completo,251.79,13,completa
E02840,Javier López,T036,cajas,completo,278.61,110,completa
E02841,Diana Núñez,T036,almacen,completo,215.5,104,completa
E02842,Antonio Flores,T036,perecederos,completo,269.5,2,completa
E02843,Luis Rivera,T036,cajas,completo,238.66,84,completa
E02844,Mario Rojas,T036,piso_reposicion,completo,210.19,25,completa
E02845,Paola Núñez,T036,perecederos,completo,299.81,4,completa
E02846,Brenda Hernández,T036,perecederos,completo,246.8,104,completa
E02847,Fernanda González,T036,piso_reposicion,completo,258.66,14,completa
E02848,Raúl Guerrero,T036,perecederos,completo,275.71,36,completa
E02849,Sofía Silva,T036,piso_reposicion,completo,255.2,11,parcial_manana
E02850,Arturo Ramos,T036,piso_reposicion,completo,258.36,17,completa
E02851,Sergio Sánchez,T036,cajas,completo,254.07,7,parcial_manana
E02852,Salvador Sánchez,T036,piso_reposicion,completo,259.98,101,completa
E02853,Patricia Rivera,T036,perecederos,completo,283.71,7,completa
E02854,José Herrera,T036,almacen,completo,226.19,91,completa
E02855,Carlos Hernández,T036,piso_reposicion,completo,242.75,19,completa
E02856,Miguel Aguilar,T036,cajas,completo,231.66,110,completa
E02857,Gabriela Juárez,T036,piso_reposicion,completo,210.55,102,completa
E02858,Laura Pérez,T036,almacen,completo,212.84,76,completa
E02859,Carlos Silva,T036,piso_reposicion,completo,231.75,100,completa
E02860,Andrea Silva,T036,piso_reposicion,completo,221.4,36,completa
E02861,Karla Gómez,T036,cajas,completo,250.84,94,completa
E02862,Diana González,T036,piso_reposicion,completo,242.9,26,completa
E02863,Elena Reyes,T036,piso_reposicion,completo,242.79,74,completa
E02864,Ricardo Rivera,T036,piso_reposicion,completo,254.69,111,completa
E02865,Ángel Gómez,T036,cajas,completo,277.98,87,completa
E02866,Diana Núñez,T036,cajas,completo,273.44,32,completa
E02867,Fernando Sánchez,T036,almacen,completo,231.01,89,completa
E02868,Ramón Díaz,T036,piso_reposicion,completo,220.29,106,completa
E02869,Fernando Álvarez,T036,piso_reposicion,completo,257.17,107,completa
E02870,Daniela López,T036,perecederos,completo,242.24,89,completa
E02871,Lucía López,T036,cajas,completo,229.09,88,completa
E02872,Alejandro Díaz,T036,piso_reposicion,completo,225.88,94,completa
E02873,Alejandra Contreras,T036,piso_reposicion,completo,238.68,89,completa
E02874,Gabriela Delgado,T036,almacen,completo,234.07,16,completa
E02875,Francisco Luna,T036,cajas,completo,220.8,97,completa
E02876,Carlos Guerrero,T036,cajas,completo,266.68,21,completa
E02877,Víctor González,T036,piso_reposicion,completo,218.75,67,completa
E02878,Ricardo Ortiz,T036,perecederos,completo,250.75,41,completa
E02879,Daniela Vázquez,T036,cajas,completo,239.33,25,completa
E02880,Adriana Sánchez,T036,almacen,completo,216.62,34,completa
E02881,Eduardo Aguilar,T037,cajas,completo,261.75,66,completa
E02882,Fernando Ramos,T037,cajas,completo,272.28,26,parcial_tarde
E02883,Javier Torres,T037,almacen,completo,206.49,118,completa
E02884,Rosa Sánchez,T037,almacen,completo,204.08,23,completa
E02885,María Gómez,T037,piso_reposicion,completo,259.69,15,completa
E02886,Sergio Ruiz,T037,perecederos,completo,230.62,40,completa
E02887,Carlos Chávez,T037,piso_reposicion,completo,245.41,40,completa
E02888,Brenda Morales,T037,cajas,completo,256.66,19,completa
E02889,Cecilia Chávez,T037,perecederos,completo,268.68,80,parcial_manana
E02890,Sofía Reyes,T037,cajas,completo,267.15,41,completa
E02891,Ricardo Juárez,T037,cajas,completo,279.55,63,completa
E02892,Alejandra Morales,T037,cajas,completo,222.81,29,completa
E02893,Francisco Chávez,T037,cajas,completo,256.87,11,completa
E02894,Itzel Castillo,T037,almacen,completo,235.84,7,completa
E02895,Guadalupe Aguilar,T037,cajas,completo,238.36,6,completa
E02896,Antonio Reyes,T037,cajas,completo,273.57,105,completa
E02897,Rosa López,T037,cajas,completo,247.42,31,completa
E02898,Fernanda Herrera,T037,piso_reposicion,completo,218.22,36,completa
E02899,Laura Castillo,T037,cajas,completo,271.26,70,parcial_tarde
E02900,Antonio Aguilar,T037,cajas,completo,276.58,11,completa
E02901,Fernanda Vázquez,T037,perecederos,completo,236.97,72,completa
E02902,Antonio Jiménez,T037,almacen,completo,237.58,63,completa
E02903,Rosa Luna,T037,cajas,completo,232.9,95,completa
E02904,Laura López,T037,piso_reposicion,completo,210.34,14,completa
E02905,Raúl Hernández,T037,piso_reposicion,completo,223.03,2,completa
E02906,Carlos Luna,T037,piso_reposicion,completo,252.75,93,completa
E02907,Daniela Rojas,T037,piso_reposicion,completo,217.06,44,completa
E02908,Raúl Ortiz,T037,perecederos,completo,239.15,7,completa
E02909,Fernando Vázquez,T037,piso_reposicion,completo,246.95,67,completa
E02910,Fernanda Gutiérrez,T037,piso_reposicion,completo,230.32,56,completa
E02911,Óscar Silva,T037,almacen,completo,207.42,115,completa
E02912,Carlos Chávez,T037,piso_reposicion,completo,221.5,114,completa
E02913,Ángel Ruiz,T037,cajas,completo,267.68,65,completa
E02914,Brenda Cruz,T037,cajas,completo,257.4,19,completa
E02915,Francisco Morales,T037,perecederos,completo,283.27,90,completa
E02916,Daniela Medina,T037,piso_reposicion,completo,214.89,24,completa
E02917,Andrea Morales,T037,cajas,completo,247.49,101,parcial_tarde
E02918,Diana García,T037,piso_reposicion,completo,249.86,72,completa
E02919,Verónica Sánchez,T037,almacen,completo,213.29,42,completa
E02920,Mario Guerrero,T037,cajas,completo,230.15,118,completa
E02921,Arturo Cruz,T037,piso_reposicion,completo,229.09,62,completa
E02922,Mario González,T037,perecederos,completo,253.34,46,completa
E02923,Daniela Luna,T037,piso_reposicion,completo,219.27,22,parcial_tarde
E02924,Javier Silva,T037,piso_reposicion,completo,257.7,78,completa
E02925,Guadalupe Ramos,T037,cajas,completo,248.99,32,completa
E02926,Elena Aguilar,T037,cajas,completo,256.48,18,completa
E02927,Adriana Ruiz,T037,piso_reposicion,completo,216.06,14,completa
E02928,Miguel López,T037,almacen,completo,230.5,77,parcial_tarde
E02929,Rubén Gómez,T037,piso_reposicion,completo,237.77,111,parcial_manana
E02930,Elena Castillo,T037,perecederos,completo,295.24,30,completa
E02931,Miguel Vázquez,T037,cajas,completo,244.74,26,completa
E02932,Karla Reyes,T037,piso_reposicion,completo,249.1,74,completa
E02933,Luis García,T037,perecederos,completo,251.29,17,completa
E02934,Alejandro Contreras,T037,almacen,completo,228.95,10,completa
E02935,Rosa Mendoza,T037,piso_reposicion,completo,256.35,77,completa
E02936,Óscar Ruiz,T037,perecederos,completo,273.75,63,completa
E02937,Víctor Gutiérrez,T037,perecederos,completo,279.78,3,completa
E02938,Rosa Jiménez,T037,cajas,completo,272.56,28,completa
E02939,Roberto Gutiérrez,T037,almacen,completo,246.27,24,completa
E02940,Verónica Gutiérrez,T037,cajas,completo,232.5,82,completa
E02941,Óscar Medina,T037,cajas,completo,231.75,80,completa
E02942,Daniela Silva,T037,cajas,completo,253.03,90,completa
E02943,Javier Álvarez,T037,perecederos,completo,299.69,12,completa
E02944,Alejandra Medina,T037,cajas,completo,249.41,102,completa
E02945,María García,T037,perecederos,completo,253.16,25,completa
E02946,Sergio Jiménez,T037,almacen,completo,226.86,120,completa
E02947,Sergio Contreras,T037,perecederos,completo,234.51,105,completa
E02948,Silvia Morales,T037,almacen,completo,208.86,55,completa
E02949,Alejandra Vázquez,T037,piso_reposicion,completo,217.45,95,completa
E02950,Mario Díaz,T037,piso_reposicion,completo,211.4,81,completa
E02951,Daniela Ramírez,T037,piso_reposicion,completo,246.11,93,completa
E02952,Óscar Vargas,T037,cajas,completo,239.53,2,completa
E02953,Brenda Díaz,T037,piso_reposicion,completo,218.43,10,completa
E02954,Laura Romero,T037,almacen,completo,225.61,109,completa
E02955,Sergio Romero,T037,piso_reposicion,completo,226.17,94,completa
E02956,Brenda Delgado,T037,piso_reposicion,completo,229.65,74,parcial_tarde
E02957,Claudia Luna,T037,piso_reposicion,completo,225.78,37,completa
E02958,Mario Castillo,T037,perecederos,completo,230.28,50,completa
E02959,Roberto López,T037,piso_reposicion,completo,244.42,47,completa
E02960,Mario Romero,T037,piso_reposicion,completo,215.53,52,completa
E02961,Adriana González,T038,cajas,completo,241.77,4,completa
E02962,Francisco Silva,T038,piso_reposicion,completo,229.07,68,completa
E02963,Ricardo Torres,T038,cajas,completo,234.67,94,completa
E02964,Rosa Ortiz,T038,perecederos,completo,249.24,55,completa
E02965,Verónica Núñez,T038,perecederos,completo,261.83,11,parcial_manana
E02966,Antonio Vargas,T038,cajas,completo,234.89,47,completa
E02967,Claudia Delgado,T038,piso_reposicion,completo,233.32,120,parcial_tarde
E02968,Cecilia Herrera,T038,piso_reposicion,completo,238.87,32,completa
E02969,Arturo Mendoza,T038,cajas,completo,262.67,64,completa
E02970,Adriana Sánchez,T038,almacen,completo,233.86,42,completa
E02971,Fernando Silva,T038,cajas,completo,234.52,86,completa
E02972,Mónica Aguilar,T038,cajas,completo,222.35,51,completa
E02973,Cecilia Medina,T038,piso_reposicion,completo,251.63,46,completa
E02974,María Gutiérrez,T038,almacen,completo,243.62,70,completa
E02975,Daniela Contreras,T038,piso_reposicion,completo,258.94,69,completa
E02976,Juan Chávez,T038,piso_reposicion,completo,257.99,60,completa
E02977,Francisco Ramírez,T038,perecederos,completo,274.37,31,completa
E02978,Ana Ramírez,T038,piso_reposicion,completo,254.71,13,completa
E02979,Adriana Herrera,T038,perecederos,completo,261.36,83,completa
E02980,Ángel Castro,T038,cajas,completo,267.24,41,completa
E02981,Cecilia Torres,T038,cajas,completo,277.32,74,completa
E02982,Patricia Herrera,T038,perecederos,completo,285.74,45,completa
E02983,Óscar Silva,T038,piso_reposicion,completo,230.79,103,completa
E02984,Alejandro Vázquez,T038,perecederos,completo,256.44,85,completa
E02985,Sofía Contreras,T038,piso_reposicion,completo,224.58,48,completa
E02986,Raúl Sánchez,T038,cajas,completo,242.02,40,completa
E02987,Gabriela Ortiz,T038,cajas,completo,269.23,90,completa
E02988,Adriana Castillo,T038,cajas,completo,262.09,0,completa
E02989,Luis Cruz,T038,perecederos,completo,247.49,6,completa
E02990,Roberto González,T038,piso_reposicion,completo,245.58,10,completa
E02991,Ricardo Chávez,T038,perecederos,completo,256.56,41,completa
E02992,María Reyes,T038,piso_reposicion,completo,237.89,60,parcial_tarde
E02993,Juan Torres,T038,piso_reposicion,completo,228.52,35,completa
E02994,Antonio Cruz,T038,cajas,completo,251.3,22,completa
E02995,Guadalupe Ortiz,T038,cajas,completo,263.79,37,completa
E02996,Eduardo Rojas,T038,cajas,completo,263.87,59,completa
E02997,Juan Ramos,T038,perecederos,completo,282.72,35,completa
E02998,Patricia Ortiz,T038,almacen,completo,219.55,69,completa
E02999,Silvia Morales,T038,piso_reposicion,completo,244.52,46,completa
E03000,Paola Romero,T038,almacen,completo,211.94,112,completa
E03001,Claudia Gómez,T038,cajas,completo,248.65,120,parcial_tarde
E03002,María Guerrero,T038,perecederos,completo,270.82,79,parcial_tarde
E03003,Juan Ortiz,T038,piso_reposicion,completo,244.32,67,completa
E03004,Brenda Gutiérrez,T038,piso_reposicion,completo,255.6,3,completa
E03005,Karla López,T038,piso_reposicion,completo,225.24,75,completa
E03006,Cecilia Rojas,T038,almacen,completo,242.26,46,parcial_manana
E03007,Ángel Chávez,T038,perecederos,completo,251.78,35,completa
E03008,María Pérez,T038,cajas,completo,253.11,96,completa
E03009,Ángel Sánchez,T038,piso_reposicion,completo,251.4,5,parcial_manana
E03010,Antonio Cruz,T038,perecederos,completo,280.62,31,parcial_tarde
E03011,Óscar Álvarez,T038,perecederos,completo,290.4,93,completa
E03012,Roberto Hernández,T038,almacen,completo,240.74,111,parcial_manana
E03013,Eduardo González,T038,piso_reposicion,completo,223.82,62,completa
E03014,Víctor Castillo,T038,piso_reposicion,completo,259.65,64,completa
E03015,Rubén Ramos,T038,cajas,completo,276.22,117,parcial_manana
E03016,Claudia Contreras,T038,piso_reposicion,completo,231.51,11,completa
E03017,Elena Ruiz,T038,cajas,completo,222.83,58,completa
E03018,Raúl Medina,T038,piso_reposicion,completo,225.17,29,completa
E03019,Manuel Reyes,T038,cajas,completo,270.17,57,completa
E03020,Francisco Aguilar,T038,perecederos,completo,296.56,109,completa
E03021,Eduardo Romero,T038,piso_reposicion,completo,251.58,72,completa
E03022,Ana Gómez,T038,almacen,completo,219.84,119,completa
E03023,Roberto Cruz,T038,piso_reposicion,completo,212.83,61,completa
E03024,Óscar Luna,T038,cajas,completo,251.05,104,parcial_tarde
E03025,Salvador Vázquez,T038,piso_reposicion,completo,228.82,20,completa
E03026,Mónica Chávez,T038,piso_reposicion,completo,216.15,38,completa
E03027,Rubén Álvarez,T038,piso_reposicion,completo,215.29,33,completa
E03028,Fernanda Rivera,T038,cajas,completo,229.18,93,completa
E03029,Patricia Torres,T038,almacen,completo,210.29,62,completa
E03030,Víctor Silva,T038,cajas,completo,265.23,26,parcial_tarde
E03031,Alejandro Juárez,T038,piso_reposicion,completo,229.09,20,parcial_tarde
E03032,Mónica Ortiz,T038,almacen,completo,221.85,46,completa
E03033,Francisco Luna,T038,cajas,completo,255.9,18,parcial_manana
E03034,Javier Cruz,T038,cajas,completo,277.61,84,completa
E03035,Gabriela Herrera,T038,almacen,completo,237.82,102,completa
E03036,Brenda Martínez,T038,almacen,completo,232.29,117,completa
E03037,Cecilia Herrera,T038,cajas,completo,264.63,28,completa
E03038,Ángel Ramírez,T038,piso_reposicion,completo,245.96,53,parcial_manana
E03039,Claudia Flores,T038,cajas,completo,261.41,60,completa
E03040,Mario Juárez,T038,almacen,completo,224.82,59,completa
E03041,Laura Medina,T039,perecederos,completo,274.73,109,completa
E03042,Karla Reyes,T039,piso_reposicion,completo,227.12,95,completa
E03043,María Romero,T039,piso_reposicion,completo,256.28,96,completa
E03044,Daniela Medina,T039,piso_reposicion,completo,216.12,3,completa
E03045,Alejandro González,T039,piso_reposicion,completo,218.44,110,parcial_tarde
E03046,Mónica Delgado,T039,piso_reposicion,completo,231.69,52,completa
E03047,Daniela Gutiérrez,T039,cajas,completo,237.02,9,completa
E03048,Rubén Delgado,T039,perecederos,completo,273.1,64,parcial_manana
E03049,Ricardo Mendoza,T039,cajas,completo,274.32,69,parcial_tarde
E03050,Diana Guerrero,T039,cajas,completo,249.46,48,completa
E03051,Ángel Hernández,T039,cajas,completo,253.23,90,completa
E03052,Fernando Martínez,T039,piso_reposicion,completo,231.16,65,parcial_manana
E03053,Juan González,T039,cajas,completo,262.45,26,completa
E03054,Alejandro Guerrero,T039,cajas,completo,226.04,75,parcial_manana
E03055,Daniela Silva,T039,perecederos,completo,233.4,31,completa
E03056,Raúl Silva,T039,almacen,completo,232.07,14,completa
E03057,Paola Reyes,T039,cajas,completo,252.09,32,completa
E03058,Claudia Rivera,T039,piso_reposicion,completo,230.37,109,completa
E03059,Roberto Reyes,T039,piso_reposicion,completo,226.7,69,completa
E03060,Alejandra Juárez,T039,almacen,completo,202.59,38,completa
E03061,Laura Rivera,T039,almacen,completo,234.03,44,completa
E03062,Rosa Vázquez,T039,cajas,completo,245.29,104,completa
E03063,Raúl Aguilar,T039,almacen,completo,222.26,80,completa
E03064,Itzel Cruz,T039,cajas,completo,273.61,93,completa
E03065,Javier Chávez,T039,piso_reposicion,completo,246.88,73,completa
E03066,Ana Medina,T039,almacen,completo,210.97,120,completa
E03067,Silvia Álvarez,T039,piso_reposicion,completo,242.86,79,completa
E03068,Alejandro Ramírez,T039,perecederos,completo,239.26,48,completa
E03069,Lucía Jiménez,T039,almacen,completo,209.7,30,completa
E03070,Mario Sánchez,T039,piso_reposicion,completo,245.71,5,completa
E03071,Silvia García,T039,almacen,completo,206.29,92,completa
E03072,Guadalupe Aguilar,T039,perecederos,completo,249.61,112,parcial_tarde
E03073,Rosa Ramos,T039,cajas,completo,273.88,80,parcial_tarde
E03074,Arturo Rivera,T039,piso_reposicion,completo,246.92,58,completa
E03075,Ramón López,T039,piso_reposicion,completo,256.47,15,completa
E03076,Fernanda Luna,T039,piso_reposicion,completo,254.09,77,completa
E03077,Claudia Delgado,T039,cajas,completo,238.75,24,completa
E03078,Laura Luna,T039,cajas,completo,257.94,75,completa
E03079,Paola González,T039,piso_reposicion,completo,228.93,36,completa
E03080,Gabriela García,T039,almacen,completo,234.86,104,parcial_tarde
E03081,Verónica Torres,T039,cajas,completo,240.91,113,parcial_tarde
E03082,Mónica González,T039,perecederos,completo,230.09,28,completa
E03083,Francisco Chávez,T039,piso_reposicion,completo,214.7,39,completa
E03084,Ángel Aguilar,T039,piso_reposicion,completo,248.55,111,completa
E03085,Juan Ramírez,T039,piso_reposicion,completo,214.2,2,completa
E03086,Fernanda Morales,T039,perecederos,completo,271.96,62,completa
E03087,Fernanda Vázquez,T039,perecederos,completo,290.04,17,completa
E03088,Óscar Díaz,T039,perecederos,completo,281.88,52,completa
E03089,Ángel Chávez,T039,almacen,completo,220.67,3,completa
E03090,Brenda Romero,T039,almacen,completo,210.43,16,completa
E03091,Miguel Contreras,T039,perecederos,completo,294.58,48,completa
E03092,Claudia Díaz,T039,cajas,completo,253.98,7,completa
E03093,Arturo Hernández,T039,almacen,completo,220.27,96,completa
E03094,Cecilia Guerrero,T039,perecederos,completo,295.94,69,completa
E03095,Eduardo Romero,T039,cajas,completo,232.9,54,completa
E03096,Adriana Chávez,T039,cajas,completo,246.54,57,completa
E03097,Claudia Vargas,T039,piso_reposicion,completo,215.43,101,completa
E03098,Laura Silva,T039,piso_reposicion,completo,216.24,102,completa
E03099,Sofía Pérez,T039,cajas,completo,243.92,5,completa
E03100,Diana Guerrero,T039,piso_reposicion,completo,244.98,82,completa
E03101,Mario Aguilar,T039,cajas,completo,240.33,56,parcial_tarde
E03102,Itzel Romero,T039,piso_reposicion,completo,244.48,94,parcial_tarde
E03103,Arturo Guerrero,T039,piso_reposicion,completo,250.26,95,completa
E03104,Guadalupe Díaz,T039,cajas,completo,272.65,85,parcial_manana
E03105,Eduardo Álvarez,T039,piso_reposicion,completo,212.24,81,completa
E03106,Antonio Castillo,T039,piso_reposicion,completo,248.69,25,completa
E03107,Arturo Luna,T039,perecederos,completo,240.3,103,completa
E03108,Diana Chávez,T039,cajas,completo,261.9,84,completa
E03109,Eduardo Vargas,T039,piso_reposicion,completo,228.58,33,completa
E03110,Francisco Ramos,T039,cajas,completo,262.47,28,completa
E03111,Laura Morales,T039,cajas,completo,232.83,60,completa
E03112,Francisco Morales,T039,cajas,completo,258.7,41,parcial_tarde
E03113,Salvador Núñez,T039,cajas,completo,227.53,81,completa
E03114,Ana Delgado,T039,piso_reposicion,completo,218.49,49,parcial_tarde
E03115,Ricardo Flores,T039,perecederos,completo,273.01,20,parcial_tarde
E03116,Daniela Guerrero,T039,perecederos,completo,253.57,47,completa
E03117,Fernanda Romero,T039,cajas,completo,262.23,98,completa
E03118,Daniela González,T039,piso_reposicion,completo,244.26,100,completa
E03119,Mario Ruiz,T039,cajas,completo,257.3,37,completa
E03120,Silvia Sánchez,T039,almacen,completo,236.53,96,parcial_tarde
E03121,Lucía Gómez,T040,piso_reposicion,completo,237.24,45,completa
E03122,Arturo Medina,T040,piso_reposicion,completo,256.93,110,completa
E03123,Ángel Guerrero,T040,piso_reposicion,completo,250.9,29,completa
E03124,Itzel Juárez,T040,cajas,completo,241.49,58,completa
E03125,Eduardo Gutiérrez,T040,cajas,completo,247.9,44,completa
E03126,Fernanda Vargas,T040,almacen,completo,247.87,92,completa
E03127,Paola Morales,T040,cajas,completo,273.71,97,completa
E03128,Itzel Rivera,T040,piso_reposicion,completo,219.56,102,completa
E03129,Guadalupe Medina,T040,perecederos,completo,249.2,10,completa
E03130,Daniela Chávez,T040,cajas,completo,241.87,11,completa
E03131,Mario Torres,T040,cajas,completo,272.79,45,completa
E03132,Verónica Medina,T040,piso_reposicion,completo,256.37,53,completa
E03133,María Díaz,T040,piso_reposicion,completo,250.12,7,completa
E03134,Víctor Romero,T040,piso_reposicion,completo,223.79,108,completa
E03135,Arturo Cruz,T040,perecederos,completo,292.09,108,completa
E03136,Brenda Rojas,T040,cajas,completo,221.97,51,completa
E03137,María Guerrero,T040,perecederos,completo,259.6,93,completa
E03138,Laura Chávez,T040,almacen,completo,218.88,68,completa
E03139,Alejandra Vargas,T040,cajas,completo,252.11,79,completa
E03140,Rosa Ramírez,T040,perecederos,completo,269.24,105,completa
E03141,Javier Silva,T040,piso_reposicion,completo,221.27,11,completa
E03142,Daniela Torres,T040,cajas,completo,232.27,28,completa
E03143,Francisco Guerrero,T040,piso_reposicion,completo,250.18,51,completa
E03144,Ramón Delgado,T040,cajas,completo,224.57,108,completa
E03145,José Ramírez,T040,perecederos,completo,264.53,71,completa
E03146,Itzel García,T040,piso_reposicion,completo,219.58,48,completa
E03147,Laura Castro,T040,piso_reposicion,completo,225.98,3,completa
E03148,Adriana Guerrero,T040,cajas,completo,236.64,71,completa
E03149,Silvia Vargas,T040,cajas,completo,262.51,32,completa
E03150,Guadalupe López,T040,piso_reposicion,completo,232.8,39,completa
E03151,Salvador Aguilar,T040,almacen,completo,214.97,120,completa
E03152,Sofía Morales,T040,perecederos,completo,288.19,63,parcial_manana
E03153,Lucía Núñez,T040,piso_reposicion,completo,214.29,16,completa
E03154,Víctor Juárez,T040,piso_reposicion,completo,248.32,5,completa
E03155,Patricia Álvarez,T040,almacen,completo,212.42,46,completa
E03156,Daniela Ortiz,T040,perecederos,completo,294.26,7,completa
E03157,Itzel Díaz,T040,piso_reposicion,completo,210.28,51,completa
E03158,Guadalupe Juárez,T040,piso_reposicion,completo,237.83,50,completa
E03159,Guadalupe González,T040,perecederos,completo,273.56,106,parcial_tarde
E03160,Sofía González,T040,cajas,completo,254.64,40,completa
E03161,Raúl López,T040,perecederos,completo,287.05,33,completa
E03162,Ángel Jiménez,T040,perecederos,completo,237.85,74,completa
E03163,Sergio Hernández,T040,almacen,completo,220.78,77,completa
E03164,Manuel Romero,T040,perecederos,completo,290.46,4,completa
E03165,Itzel Sánchez,T040,cajas,completo,273.32,10,completa
E03166,Miguel Rojas,T040,piso_reposicion,completo,234.92,20,completa
E03167,Brenda Gutiérrez,T040,piso_reposicion,completo,237.9,94,completa
E03168,Sofía Hernández,T040,piso_reposicion,completo,248.2,25,completa
E03169,Elena Herrera,T040,perecederos,completo,284.57,120,completa
E03170,Cecilia Reyes,T040,almacen,completo,244.4,53,completa
E03171,Arturo Rivera,T040,cajas,completo,270.63,112,completa
E03172,Diana Medina,T040,cajas,completo,244.87,29,completa
E03173,Alejandro Contreras,T040,almacen,completo,232.49,51,completa
E03174,Antonio Silva,T040,piso_reposicion,completo,234.16,16,completa
E03175,Karla Gutiérrez,T040,cajas,completo,227.08,102,completa
E03176,Laura Delgado,T040,perecederos,completo,287.52,72,parcial_tarde
E03177,Miguel Torres,T040,piso_reposicion,completo,240.09,9,completa
E03178,Sofía Delgado,T040,cajas,completo,223.48,90,completa
E03179,Manuel Luna,T040,almacen,completo,233.84,107,completa
E03180,Ángel Jiménez,T040,piso_reposicion,completo,224.16,82,completa
E03181,Francisco Jiménez,T040,cajas,completo,224.16,97,parcial_manana
E03182,Karla Castillo,T040,cajas,completo,256.4,33,completa
E03183,Brenda López,T040,cajas,completo,263.93,52,completa
E03184,Diana Guerrero,T040,piso_reposicion,completo,235.86,103,completa
E03185,Rubén Castro,T040,piso_reposicion,completo,210.28,73,completa
E03186,Mario Guerrero,T040,almacen,completo,228.84,74,completa
E03187,Karla González,T040,cajas,completo,220.4,92,parcial_manana
E03188,Andrea Juárez,T040,cajas,completo,275.58,74,completa
E03189,Sofía Cruz,T040,almacen,completo,213.37,15,completa
E03190,Itzel Juárez,T040,piso_reposicion,completo,253.55,25,completa
E03191,Antonio Silva,T040,piso_reposicion,completo,210.61,94,completa
E03192,José Rojas,T040,cajas,completo,225.83,29,completa
E03193,Paola Núñez,T040,piso_reposicion,completo,232.57,80,completa
E03194,Daniela González,T040,almacen,completo,237.93,57,completa
E03195,Salvador Reyes,T040,piso_reposicion,completo,257.13,75,completa
E03196,Víctor Gómez,T040,cajas,completo,251.27,28,parcial_tarde
E03197,Guadalupe Jiménez,T040,perecederos,completo,254.88,37,completa
E03198,Brenda Silva,T040,almacen,completo,202.23,83,completa
E03199,Cecilia Herrera,T040,cajas,completo,255.02,20,completa
E03200,Lucía Vázquez,T040,cajas,completo,242.8,37,parcial_manana
E03201,Guadalupe López,T041,cajas,completo,267.17,45,completa
E03202,Itzel Luna,T041,almacen,completo,202.93,90,completa
E03203,Manuel Herrera,T041,cajas,completo,267.71,28,completa
E03204,Juan Vargas,T041,cajas,completo,250.05,28,completa
E03205,Fernanda López,T041,piso_reposicion,completo,238.09,100,parcial_tarde
E03206,Cecilia Álvarez,T041,piso_reposicion,completo,238.22,75,completa
E03207,Gabriela Cruz,T041,perecederos,completo,233.93,4,completa
E03208,Alejandro Castro,T041,cajas,completo,234.99,81,completa
E03209,Víctor Ramos,T041,piso_reposicion,completo,247.76,37,completa
E03210,Eduardo Flores,T041,almacen,completo,220.61,33,parcial_manana
E03211,Ricardo Rivera,T041,piso_reposicion,completo,238.03,51,completa
E03212,Alejandro Pérez,T041,almacen,completo,247.24,54,completa
E03213,Silvia Delgado,T041,perecederos,completo,233.24,107,completa
E03214,Cecilia Gutiérrez,T041,cajas,completo,246.98,52,completa
E03215,Gabriela Álvarez,T041,cajas,completo,241.68,35,completa
E03216,José Delgado,T041,piso_reposicion,completo,215.32,93,completa
E03217,Patricia Sánchez,T041,perecederos,completo,296.56,65,completa
E03218,Daniela Reyes,T041,cajas,completo,277.69,0,completa
E03219,Javier González,T041,piso_reposicion,completo,225.57,76,completa
E03220,Itzel García,T041,cajas,completo,276.8,60,completa
E03221,Víctor Silva,T041,cajas,completo,222.11,69,completa
E03222,Elena Medina,T041,almacen,completo,249.04,22,parcial_manana
E03223,Guadalupe Chávez,T041,cajas,completo,270.16,57,completa
E03224,Elena Torres,T041,cajas,completo,232.86,78,completa
E03225,Patricia Romero,T041,perecederos,completo,271.97,81,completa
E03226,Mario Vázquez,T041,cajas,completo,267.9,82,completa
E03227,María Torres,T041,perecederos,completo,252.35,120,completa
E03228,Fernanda García,T041,piso_reposicion,completo,227.69,60,completa
E03229,Arturo Chávez,T041,almacen,completo,231.45,52,completa
E03230,Guadalupe Jiménez,T041,piso_reposicion,completo,217.35,65,completa
E03231,Óscar Álvarez,T041,almacen,completo,205.91,39,completa
E03232,Adriana Morales,T041,piso_reposicion,completo,222.49,38,completa
E03233,María Hernández,T041,cajas,completo,264.48,83,completa
E03234,Patricia Rojas,T041,almacen,completo,218.33,37,completa
E03235,Daniela Ortiz,T041,piso_reposicion,completo,235.37,90,parcial_manana
E03236,Francisco Vargas,T041,cajas,completo,231.73,90,completa
E03237,Sergio Martínez,T041,cajas,completo,231.65,115,completa
E03238,Raúl Martínez,T041,piso_reposicion,completo,242.52,15,completa
E03239,Miguel García,T041,cajas,completo,226.5,43,completa
E03240,Carlos Álvarez,T041,piso_reposicion,completo,243.39,93,completa
E03241,Arturo Flores,T041,cajas,completo,244.04,51,completa
E03242,Verónica Álvarez,T041,perecederos,completo,276.99,79,completa
E03243,Elena Luna,T041,piso_reposicion,completo,229.09,88,completa
E03244,Jorge Medina,T041,piso_reposicion,completo,252.3,107,completa
E03245,José Silva,T041,almacen,completo,202.78,27,completa
E03246,Víctor Luna,T041,piso_reposicion,completo,254.66,31,completa
E03247,Víctor Vargas,T041,perecederos,completo,248.81,56,completa
E03248,Claudia Juárez,T041,cajas,completo,222.55,61,completa
E03249,Daniela Mendoza,T041,cajas,completo,253.74,109,parcial_tarde
E03250,Francisco Torres,T041,cajas,completo,233.46,4,completa
E03251,Sofía González,T041,cajas,completo,247.55,29,completa
E03252,Salvador Morales,T041,perecederos,completo,286.16,110,parcial_tarde
E03253,Luis Ramos,T041,piso_reposicion,completo,249.58,74,completa
E03254,Fernanda Reyes,T041,piso_reposicion,completo,240.02,81,completa
E03255,Sofía González,T041,cajas,completo,278.67,30,completa
E03256,Elena Jiménez,T041,piso_reposicion,completo,233.19,75,parcial_tarde
E03257,Ángel Ramos,T041,piso_reposicion,completo,211.97,44,completa
E03258,Rubén Contreras,T041,perecederos,completo,287.36,88,completa
E03259,Silvia Contreras,T041,perecederos,completo,245.49,10,completa
E03260,Elena Mendoza,T041,piso_reposicion,completo,218.81,34,completa
E03261,Adriana Guerrero,T041,piso_reposicion,completo,213.5,77,completa
E03262,Ricardo Díaz,T041,perecederos,completo,252.95,73,completa
E03263,Rosa Contreras,T041,perecederos,completo,252.83,101,parcial_tarde
E03264,Andrea Luna,T041,piso_reposicion,completo,225.14,96,completa
E03265,Ana Pérez,T041,piso_reposicion,completo,239.66,1,completa
E03266,Miguel Vargas,T041,piso_reposicion,completo,247.58,10,completa
E03267,Adriana Chávez,T041,cajas,completo,276.27,42,completa
E03268,Óscar Rivera,T041,almacen,completo,204.7,116,completa
E03269,Elena Ortiz,T041,almacen,completo,207.52,57,completa
E03270,Claudia Núñez,T041,perecederos,completo,271.29,107,completa
E03271,Ramón Núñez,T041,almacen,completo,204.91,7,completa
E03272,Mario Reyes,T041,perecederos,completo,255.95,116,completa
E03273,Sergio Chávez,T041,piso_reposicion,completo,241.23,7,completa
E03274,Jorge Jiménez,T041,piso_reposicion,completo,249.03,97,parcial_tarde
E03275,Paola Castro,T041,cajas,completo,233.06,106,completa
E03276,Miguel Ramos,T041,piso_reposicion,completo,243.4,35,parcial_manana
E03277,Carlos Morales,T041,cajas,completo,258.75,36,completa
E03278,Daniela Núñez,T041,cajas,completo,271.58,70,completa
E03279,Alejandro Cruz,T041,piso_reposicion,completo,225.69,87,completa
E03280,Laura Rivera,T041,almacen,completo,237.5,14,completa
E03281,Karla García,T042,cajas,completo,275.69,96,completa
E03282,Fernando Reyes,T042,cajas,completo,261.28,69,parcial_tarde
E03283,Javier Silva,T042,piso_reposicion,completo,215.47,12,completa
E03284,Luis Reyes,T042,cajas,completo,239.59,66,completa
E03285,Óscar Reyes,T042,cajas,completo,225.14,34,completa
E03286,Ricardo Castro,T042,almacen,completo,230.09,62,completa
E03287,Alejandra Ramos,T042,piso_reposicion,completo,259.91,16,completa
E03288,Daniela Morales,T042,almacen,completo,218.74,80,completa
E03289,Daniela Álvarez,T042,perecederos,completo,241.41,96,completa
E03290,Andrea Martínez,T042,perecederos,completo,248.8,0,completa
E03291,Juan Vargas,T042,cajas,completo,254.25,64,completa
E03292,Rosa Morales,T042,cajas,completo,254.14,78,completa
E03293,Karla Rojas,T042,piso_reposicion,completo,221.49,0,completa
E03294,Carlos Vargas,T042,perecederos,completo,282.55,87,completa
E03295,Manuel Luna,T042,piso_reposicion,completo,214.4,65,completa
E03296,Laura Pérez,T042,piso_reposicion,completo,241.15,37,completa
E03297,Javier Ramírez,T042,cajas,completo,245.54,58,completa
E03298,Arturo Núñez,T042,almacen,completo,206.36,82,completa
E03299,Verónica Morales,T042,cajas,completo,258.06,77,completa
E03300,Ramón Juárez,T042,piso_reposicion,completo,243.65,93,completa
E03301,Elena Herrera,T042,almacen,completo,222.0,4,parcial_tarde
E03302,Claudia Ramos,T042,almacen,completo,239.9,95,completa
E03303,Elena Martínez,T042,piso_reposicion,completo,235.47,4,completa
E03304,Alejandra López,T042,cajas,completo,237.15,78,parcial_manana
E03305,Ana Vargas,T042,piso_reposicion,completo,257.68,42,completa
E03306,Elena Hernández,T042,almacen,completo,247.2,7,completa
E03307,Paola García,T042,piso_reposicion,completo,214.78,83,completa
E03308,Ramón Torres,T042,cajas,completo,276.76,66,completa
E03309,Elena Núñez,T042,cajas,completo,266.53,80,parcial_manana
E03310,Jorge Aguilar,T042,piso_reposicion,completo,215.33,45,completa
E03311,Ricardo Vargas,T042,cajas,completo,251.16,33,parcial_manana
E03312,Elena Medina,T042,piso_reposicion,completo,211.75,75,completa
E03313,Silvia Castillo,T042,almacen,completo,229.44,26,completa
E03314,Arturo Rivera,T042,perecederos,completo,295.32,98,completa
E03315,Andrea Gutiérrez,T042,piso_reposicion,completo,228.41,82,parcial_manana
E03316,Verónica Vázquez,T042,piso_reposicion,completo,235.43,120,parcial_manana
E03317,Alejandra Silva,T042,piso_reposicion,completo,221.38,3,completa
E03318,Claudia Rojas,T042,cajas,completo,252.46,70,completa
E03319,Andrea Castro,T042,perecederos,completo,286.18,67,completa
E03320,Rubén Juárez,T042,cajas,completo,232.92,103,completa
E03321,Ricardo Juárez,T042,almacen,completo,227.67,51,completa
E03322,Diana Medina,T042,perecederos,completo,254.83,113,parcial_tarde
E03323,María Delgado,T042,perecederos,completo,282.35,28,completa
E03324,Manuel López,T042,piso_reposicion,completo,245.1,103,completa
E03325,Víctor García,T042,perecederos,completo,278.92,62,parcial_tarde
E03326,Silvia Gutiérrez,T042,cajas,completo,242.67,114,completa
E03327,Verónica López,T042,perecederos,completo,271.95,26,completa
E03328,Carlos Reyes,T042,cajas,completo,259.07,31,completa
E03329,Paola Ramírez,T042,piso_reposicion,completo,244.04,68,completa
E03330,Arturo Contreras,T042,almacen,completo,228.76,66,completa
E03331,Cecilia Medina,T042,cajas,completo,272.01,18,completa
E03332,Alejandra Martínez,T042,cajas,completo,234.93,78,completa
E03333,María Mendoza,T042,cajas,completo,223.35,49,completa
E03334,Brenda Castro,T042,perecederos,completo,297.38,18,completa
E03335,Gabriela Reyes,T042,piso_reposicion,completo,213.04,61,parcial_tarde
E03336,Ángel Rojas,T042,perecederos,completo,293.21,84,completa
E03337,Guadalupe Contreras,T042,cajas,completo,256.74,3,parcial_manana
E03338,Antonio Silva,T042,perecederos,completo,294.31,111,completa
E03339,Antonio Hernández,T042,cajas,completo,253.9,73,parcial_manana
E03340,Elena Gutiérrez,T042,almacen,completo,241.05,31,completa
E03341,Víctor Álvarez,T042,piso_reposicion,completo,246.06,90,completa
E03342,Rosa Gutiérrez,T042,cajas,completo,251.51,102,completa
E03343,Ana Ramos,T042,piso_reposicion,completo,228.17,115,parcial_manana
E03344,Patricia Reyes,T042,cajas,completo,220.17,95,parcial_manana
E03345,Silvia Ortiz,T042,cajas,completo,235.05,24,completa
E03346,Guadalupe Herrera,T042,piso_reposicion,completo,257.59,19,completa
E03347,Adriana Martínez,T042,cajas,completo,236.53,25,completa
E03348,Rosa Álvarez,T042,piso_reposicion,completo,247.59,105,completa
E03349,Andrea Castro,T042,piso_reposicion,completo,235.42,36,completa
E03350,Claudia Pérez,T042,perecederos,completo,251.6,39,completa
E03351,María Ruiz,T042,piso_reposicion,completo,259.55,107,completa
E03352,Jorge Jiménez,T042,perecederos,completo,233.29,24,parcial_manana
E03353,Adriana Díaz,T042,almacen,completo,229.1,49,completa
E03354,María Chávez,T042,piso_reposicion,completo,233.08,35,completa
E03355,Manuel Jiménez,T042,piso_reposicion,completo,213.83,36,completa
E03356,Raúl Torres,T042,piso_reposicion,completo,220.7,72,completa
E03357,Francisco Mendoza,T042,piso_reposicion,completo,244.71,89,completa
E03358,Miguel Aguilar,T042,cajas,completo,226.5,32,completa
E03359,Manuel Cruz,T042,piso_reposicion,completo,250.05,4,completa
E03360,Paola Chávez,T042,almacen,completo,231.25,77,completa
E03361,Rosa Aguilar,T043,cajas,completo,260.65,76,completa
E03362,Raúl Hernández,T043,piso_reposicion,completo,240.72,42,completa
E03363,Karla Ramos,T043,perecederos,completo,295.21,34,completa
E03364,Karla López,T043,cajas,completo,225.33,96,completa
E03365,Itzel Cruz,T043,piso_reposicion,completo,257.69,51,parcial_tarde
E03366,Mario Mendoza,T043,cajas,completo,226.05,67,completa
E03367,Carlos Castro,T043,cajas,completo,240.82,98,completa
E03368,Sofía Juárez,T043,cajas,completo,257.82,28,completa
E03369,Eduardo Jiménez,T043,almacen,completo,217.07,26,parcial_tarde
E03370,Andrea Rivera,T043,cajas,completo,260.95,6,completa
E03371,Paola Núñez,T043,almacen,completo,238.77,8,completa
E03372,Antonio Luna,T043,piso_reposicion,completo,251.43,74,parcial_tarde
E03373,Antonio Contreras,T043,piso_reposicion,completo,218.97,60,parcial_tarde
E03374,José Álvarez,T043,cajas,completo,230.92,36,completa
E03375,Raúl Álvarez,T043,perecederos,completo,233.66,25,completa
E03376,Itzel Hernández,T043,piso_reposicion,completo,234.54,84,completa
E03377,Ángel Castillo,T043,piso_reposicion,completo,216.88,10,completa
E03378,Alejandro Ortiz,T043,perecederos,completo,252.3,84,completa
E03379,Gabriela Rivera,T043,piso_reposicion,completo,252.02,109,completa
E03380,Rosa López,T043,piso_reposicion,completo,257.43,55,completa
E03381,Mónica Torres,T043,piso_reposicion,completo,251.1,59,completa
E03382,Roberto Núñez,T043,piso_reposicion,completo,210.03,64,parcial_tarde
E03383,Salvador Núñez,T043,cajas,completo,254.08,11,completa
E03384,Paola Castro,T043,cajas,completo,230.0,75,completa
E03385,Ana González,T043,cajas,completo,242.54,44,completa
E03386,Itzel Herrera,T043,piso_reposicion,completo,231.4,56,completa
E03387,Eduardo Pérez,T043,piso_reposicion,completo,257.15,2,completa
E03388,Francisco Herrera,T043,almacen,completo,231.69,106,completa
E03389,Ricardo Martínez,T043,cajas,completo,236.06,40,completa
E03390,Miguel Gómez,T043,piso_reposicion,completo,242.14,9,completa
E03391,Sofía González,T043,piso_reposicion,completo,257.59,94,completa
E03392,Cecilia Luna,T043,cajas,completo,223.55,118,completa
E03393,Brenda Castillo,T043,almacen,completo,240.8,62,completa
E03394,Claudia Núñez,T043,piso_reposicion,completo,220.84,4,completa
E03395,Fernando García,T043,almacen,completo,207.66,120,completa
E03396,Fernando Castro,T043,piso_reposicion,completo,254.94,25,completa
E03397,Cecilia Ramos,T043,piso_reposicion,completo,210.09,29,completa
E03398,Rosa Chávez,T043,perecederos,completo,281.88,85,completa
E03399,Lucía Guerrero,T043,piso_reposicion,completo,214.36,40,completa
E03400,Silvia Martínez,T043,cajas,completo,257.08,10,parcial_tarde
E03401,Víctor Luna,T043,cajas,completo,257.25,82,completa
E03402,Paola Martínez,T043,perecederos,completo,290.39,31,completa
E03403,Mario Cruz,T043,cajas,completo,269.36,104,completa
E03404,Francisco Pérez,T043,perecederos,completo,277.96,18,completa
E03405,Silvia Jiménez,T043,piso_reposicion,completo,229.03,109,completa
E03406,Luis Romero,T043,cajas,completo,229.98,87,completa
E03407,María Aguilar,T043,almacen,completo,231.78,28,completa
E03408,Rosa Álvarez,T043,almacen,completo,224.85,70,parcial_tarde
E03409,Raúl Ruiz,T043,perecederos,completo,235.46,113,completa
E03410,Jorge Luna,T043,perecederos,completo,296.89,7,completa
E03411,Mónica Gutiérrez,T043,perecederos,completo,252.01,99,parcial_manana
E03412,Guadalupe Ramírez,T043,piso_reposicion,completo,210.11,55,completa
E03413,Óscar Sánchez,T043,cajas,completo,274.1,114,completa
E03414,Patricia Gómez,T043,perecederos,completo,270.39,25,completa
E03415,Javier Mendoza,T043,cajas,completo,263.98,87,completa
E03416,Guadalupe López,T043,piso_reposicion,completo,217.63,117,parcial_tarde
E03417,Rubén Contreras,T043,piso_reposicion,completo,230.23,41,completa
E03418,Fernando Silva,T043,cajas,completo,258.7,13,completa
E03419,Raúl Sánchez,T043,cajas,completo,235.06,47,completa
E03420,Manuel Álvarez,T043,perecederos,completo,279.1,72,completa
E03421,Adriana Romero,T043,almacen,completo,211.68,76,completa
E03422,Antonio Ramos,T043,cajas,completo,232.55,58,completa
E03423,Ana Castro,T043,piso_reposicion,completo,210.58,112,completa
E03424,Fernanda Romero,T043,cajas,completo,236.91,69,completa
E03425,Arturo Díaz,T043,piso_reposicion,completo,222.34,77,parcial_tarde
E03426,Jorge Castillo,T043,cajas,completo,265.86,115,parcial_manana
E03427,Luis Pérez,T043,cajas,completo,254.18,113,completa
E03428,Mario Rivera,T043,perecederos,completo,242.45,41,completa
E03429,Alejandro Contreras,T043,perecederos,completo,269.77,34,completa
E03430,Brenda Ramírez,T043,piso_reposicion,completo,221.27,90,parcial_tarde
E03431,Ramón Romero,T043,almacen,completo,221.28,63,completa
E03432,Cecilia Gómez,T043,cajas,completo,273.29,54,completa
E03433,Arturo Chávez,T043,almacen,completo,235.96,84,completa
E03434,Rosa Flores,T043,almacen,completo,232.56,79,parcial_tarde
E03435,José Castillo,T043,cajas,completo,236.89,110,parcial_tarde
E03436,Jorge Castillo,T043,piso_reposicion,completo,216.23,44,completa
E03437,Diana Mendoza,T043,piso_reposicion,completo,247.65,91,completa
E03438,Mónica Díaz,T043,perecederos,completo,269.75,27,parcial_manana
E03439,Mario Romero,T043,piso_reposicion,completo,241.14,113,completa
E03440,Laura Castro,T043,almacen,completo,248.76,10,completa
E03441,Verónica Reyes,T044,perecederos,completo,286.47,41,completa
E03442,Jorge González,T044,almacen,completo,204.0,12,parcial_manana
E03443,Fernando Delgado,T044,perecederos,completo,292.17,28,completa
E03444,Víctor Silva,T044,almacen,completo,247.96,64,completa
E03445,Paola Jiménez,T044,piso_reposicion,completo,212.17,76,completa
E03446,Miguel Ramos,T044,cajas,completo,277.02,81,completa
E03447,Silvia Delgado,T044,perecederos,completo,249.56,15,completa
E03448,Carlos Reyes,T044,cajas,completo,259.89,38,completa
E03449,Elena Ortiz,T044,perecederos,completo,242.24,12,completa
E03450,Eduardo Rojas,T044,piso_reposicion,completo,250.87,1,completa
E03451,Javier Morales,T044,perecederos,completo,288.93,47,completa
E03452,Antonio Luna,T044,cajas,completo,278.7,75,completa
E03453,Salvador Sánchez,T044,cajas,completo,279.55,44,completa
E03454,Karla Ramos,T044,cajas,completo,224.55,4,completa
E03455,Rubén Ramos,T044,piso_reposicion,completo,242.9,26,parcial_manana
E03456,Ricardo Díaz,T044,perecederos,completo,249.11,52,completa
E03457,Víctor Contreras,T044,cajas,completo,227.53,43,completa
E03458,Francisco Ramos,T044,almacen,completo,207.44,99,completa
E03459,Ángel Rojas,T044,almacen,completo,246.82,72,parcial_manana
E03460,Claudia Torres,T044,piso_reposicion,completo,244.18,120,completa
E03461,Adriana Reyes,T044,cajas,completo,223.03,21,completa
E03462,Guadalupe Ramos,T044,cajas,completo,279.05,44,completa
E03463,Itzel Castillo,T044,piso_reposicion,completo,250.39,10,parcial_tarde
E03464,Elena Flores,T044,perecederos,completo,251.64,2,completa
E03465,Adriana Díaz,T044,perecederos,completo,262.96,111,completa
E03466,Miguel Mendoza,T044,cajas,completo,263.59,59,completa
E03467,Salvador Gómez,T044,piso_reposicion,completo,243.8,79,completa
E03468,Alejandro Ruiz,T044,piso_reposicion,completo,233.15,33,completa
E03469,Ramón Ramos,T044,piso_reposicion,completo,235.62,6,completa
E03470,Ramón Contreras,T044,piso_reposicion,completo,212.16,108,completa
E03471,Claudia Flores,T044,almacen,completo,225.03,79,completa
E03472,Carlos Delgado,T044,cajas,completo,240.41,86,completa
E03473,Elena Ramos,T044,piso_reposicion,completo,224.25,64,completa
E03474,Raúl Hernández,T044,piso_reposicion,completo,223.48,48,completa
E03475,Javier Vargas,T044,almacen,completo,232.45,51,completa
E03476,Adriana Torres,T044,almacen,completo,221.46,92,completa
E03477,Jorge Pérez,T044,cajas,completo,245.55,27,completa
E03478,Javier Vázquez,T044,cajas,completo,229.55,41,completa
E03479,Luis Álvarez,T044,piso_reposicion,completo,258.09,37,parcial_tarde
E03480,Manuel Rivera,T044,piso_reposicion,completo,221.2,63,parcial_tarde
E03481,Luis Mendoza,T044,piso_reposicion,completo,230.31,117,completa
E03482,Gabriela García,T044,perecederos,completo,243.31,111,completa
E03483,Sergio Ramírez,T044,piso_reposicion,completo,245.16,65,parcial_tarde
E03484,Víctor Ruiz,T044,piso_reposicion,completo,231.81,24,completa
E03485,Verónica García,T044,piso_reposicion,completo,230.68,113,completa
E03486,Miguel Cruz,T044,cajas,completo,272.51,37,completa
E03487,Patricia Jiménez,T044,piso_reposicion,completo,247.97,43,completa
E03488,Ángel López,T044,perecederos,completo,266.39,107,completa
E03489,Cecilia Silva,T044,almacen,completo,223.43,31,parcial_manana
E03490,Ana Jiménez,T044,cajas,completo,277.59,55,completa
E03491,Gabriela Reyes,T044,cajas,completo,277.39,110,completa
E03492,Manuel Silva,T044,cajas,completo,262.29,38,completa
E03493,Jorge Castillo,T044,cajas,completo,265.61,75,completa
E03494,Alejandra Herrera,T044,piso_reposicion,completo,254.95,4,completa
E03495,Salvador Hernández,T044,perecederos,completo,297.5,120,parcial_tarde
E03496,Rosa Sánchez,T044,cajas,completo,224.94,50,completa
E03497,Fernanda Martínez,T044,cajas,completo,279.84,81,completa
E03498,Luis Jiménez,T044,piso_reposicion,completo,245.15,60,completa
E03499,Eduardo Delgado,T044,piso_reposicion,completo,239.64,52,completa
E03500,Ana Núñez,T044,almacen,completo,220.66,49,completa
E03501,Ana Castillo,T044,cajas,completo,240.18,2,completa
E03502,José López,T044,cajas,completo,268.25,33,completa
E03503,Ángel Aguilar,T044,perecederos,completo,275.81,46,completa
E03504,Sergio Aguilar,T044,piso_reposicion,completo,220.04,44,completa
E03505,Óscar Romero,T044,almacen,completo,230.5,33,completa
E03506,Laura Vargas,T044,cajas,completo,228.47,77,parcial_tarde
E03507,Salvador Castillo,T044,cajas,completo,249.81,100,parcial_tarde
E03508,Ángel Vargas,T044,almacen,completo,229.17,107,completa
E03509,Manuel Ramos,T044,piso_reposicion,completo,241.78,117,parcial_manana
E03510,Mario Sánchez,T044,piso_reposicion,completo,217.26,78,completa
E03511,Laura Hernández,T044,cajas,completo,225.74,49,completa
E03512,Ricardo Núñez,T044,piso_reposicion,completo,222.94,78,completa
E03513,Juan Gutiérrez,T044,piso_reposicion,completo,240.35,16,completa
E03514,Miguel Díaz,T044,perecederos,completo,295.22,98,completa
E03515,Víctor Gómez,T044,perecederos,completo,284.54,64,completa
E03516,Roberto López,T044,almacen,completo,237.29,19,completa
E03517,Arturo Luna,T044,cajas,completo,239.81,51,completa
E03518,Mario Hernández,T044,piso_reposicion,completo,215.59,36,completa
E03519,Ramón Torres,T044,piso_reposicion,completo,254.6,42,completa
E03520,Andrea Chávez,T044,cajas,completo,250.05,6,parcial_manana
E03521,Diana López,T045,piso_reposicion,completo,216.62,72,completa
E03522,Rubén Ruiz,T045,piso_reposicion,completo,237.96,66,completa
E03523,Verónica Núñez,T045,cajas,completo,244.02,116,completa
E03524,Óscar Ruiz,T045,cajas,completo,278.84,13,completa
E03525,Claudia Luna,T045,cajas,completo,268.52,62,completa
E03526,Juan Gutiérrez,T045,cajas,completo,228.81,18,completa
E03527,Salvador López,T045,cajas,completo,245.01,105,completa
E03528,Gabriela Rivera,T045,almacen,completo,221.55,64,completa
E03529,Patricia Guerrero,T045,perecederos,completo,255.35,111,completa
E03530,Juan Pérez,T045,perecederos,completo,264.69,33,completa
E03531,Salvador Vázquez,T045,piso_reposicion,completo,243.49,19,completa
E03532,Sofía García,T045,almacen,completo,232.04,76,completa
E03533,María Díaz,T045,cajas,completo,241.43,17,parcial_tarde
E03534,Raúl González,T045,perecederos,completo,279.35,45,completa
E03535,María González,T045,piso_reposicion,completo,224.47,37,completa
E03536,Francisco Sánchez,T045,piso_reposicion,completo,251.77,26,completa
E03537,Mario Vázquez,T045,perecederos,completo,297.51,15,completa
E03538,José Herrera,T045,cajas,completo,237.68,79,parcial_tarde
E03539,Lucía Gómez,T045,cajas,completo,267.08,91,parcial_manana
E03540,Raúl Juárez,T045,piso_reposicion,completo,250.67,47,completa
E03541,Sofía Morales,T045,perecederos,completo,264.35,34,completa
E03542,Ricardo Castro,T045,perecederos,completo,236.14,19,parcial_manana
E03543,Verónica Vázquez,T045,perecederos,completo,285.03,81,completa
E03544,Javier Vargas,T045,piso_reposicion,completo,230.37,97,parcial_tarde
E03545,Mario Silva,T045,cajas,completo,232.48,66,completa
E03546,Elena Silva,T045,almacen,completo,231.33,52,parcial_tarde
E03547,Adriana Romero,T045,perecederos,completo,260.59,78,completa
E03548,Óscar Contreras,T045,almacen,completo,204.38,110,completa
E03549,María Vargas,T045,cajas,completo,279.02,119,parcial_tarde
E03550,Mario Rivera,T045,cajas,completo,234.68,23,completa
E03551,Silvia Luna,T045,cajas,completo,250.66,57,parcial_tarde
E03552,Luis Pérez,T045,cajas,completo,260.04,106,completa
E03553,Elena Chávez,T045,piso_reposicion,completo,215.75,76,completa
E03554,Karla Sánchez,T045,perecederos,completo,281.76,98,completa
E03555,Ángel Álvarez,T045,cajas,completo,258.9,120,completa
E03556,Laura Rojas,T045,piso_reposicion,completo,234.69,12,completa
E03557,Brenda Juárez,T045,almacen,completo,226.42,74,completa
E03558,Alejandro González,T045,perecederos,completo,296.84,64,completa
E03559,Ricardo Rivera,T045,cajas,completo,274.65,34,completa
E03560,Daniela Reyes,T045,cajas,completo,226.72,79,completa
E03561,Gabriela González,T045,piso_reposicion,completo,228.44,12,completa
E03562,Francisco Vázquez,T045,piso_reposicion,completo,235.84,59,parcial_manana
E03563,Claudia Martínez,T045,piso_reposicion,completo,256.0,50,completa
E03564,Ana Mendoza,T045,piso_reposicion,completo,250.83,47,completa
E03565,Laura Castillo,T045,piso_reposicion,completo,229.32,74,completa
E03566,Ramón Romero,T045,perecederos,completo,292.03,114,completa
E03567,Andrea Núñez,T045,perecederos,completo,256.47,114,parcial_manana
E03568,Karla Álvarez,T045,cajas,completo,236.27,84,completa
E03569,Eduardo Rivera,T045,piso_reposicion,completo,240.49,40,completa
E03570,Silvia Castillo,T045,piso_reposicion,completo,227.8,116,completa
E03571,Carlos Juárez,T045,cajas,completo,257.34,120,completa
E03572,Salvador Guerrero,T045,almacen,completo,220.48,102,completa
E03573,Mario Aguilar,T045,almacen,completo,239.79,105,completa
E03574,Diana Hernández,T045,piso_reposicion,completo,257.72,98,completa
E03575,Carlos Gutiérrez,T045,cajas,completo,236.22,91,completa
E03576,Carlos Guerrero,T045,piso_reposicion,completo,235.5,87,completa
E03577,Alejandra López,T045,piso_reposicion,completo,246.22,77,completa
E03578,María Romero,T045,almacen,completo,207.93,78,completa
E03579,Luis Vázquez,T045,cajas,completo,267.75,47,completa
E03580,Javier Torres,T045,perecederos,completo,270.81,107,completa
E03581,Sergio Reyes,T045,almacen,completo,207.49,76,completa
E03582,Itzel Silva,T045,piso_reposicion,completo,253.41,74,completa
E03583,Rubén Romero,T045,piso_reposicion,completo,231.34,89,completa
E03584,Elena Luna,T045,piso_reposicion,completo,218.83,9,completa
E03585,Alejandro Chávez,T045,cajas,completo,231.72,111,completa
E03586,Rosa Delgado,T045,cajas,completo,267.13,70,completa
E03587,Patricia Mendoza,T045,cajas,completo,276.14,114,completa
E03588,Diana Núñez,T045,piso_reposicion,completo,228.91,12,completa
E03589,Silvia Reyes,T045,piso_reposicion,completo,213.94,28,parcial_manana
E03590,Mario Morales,T045,piso_reposicion,completo,215.04,114,completa
E03591,Brenda Martínez,T045,cajas,completo,259.27,83,completa
E03592,Antonio Flores,T045,perecederos,completo,255.95,78,parcial_tarde
E03593,Arturo Pérez,T045,piso_reposicion,completo,231.31,48,completa
E03594,Eduardo Ramírez,T045,almacen,completo,216.85,67,completa
E03595,Jorge Díaz,T045,cajas,completo,247.93,66,completa
E03596,Verónica Guerrero,T045,piso_reposicion,completo,242.18,23,completa
E03597,Claudia Morales,T045,almacen,completo,227.06,68,completa
E03598,Fernando Delgado,T045,almacen,completo,208.21,62,parcial_tarde
E03599,Verónica Juárez,T045,piso_reposicion,completo,234.56,37,completa
E03600,Antonio Silva,T045,cajas,completo,247.64,41,completa
E03601,Jorge Torres,T046,cajas,completo,269.87,75,completa
E03602,Rosa Vargas,T046,piso_reposicion,completo,211.08,16,completa
E03603,Óscar García,T046,piso_reposicion,completo,248.27,105,completa
E03604,Ángel Torres,T046,almacen,completo,224.25,13,completa
E03605,Verónica Luna,T046,cajas,completo,259.92,89,parcial_tarde
E03606,Ana García,T046,piso_reposicion,completo,227.91,96,completa
E03607,Manuel Gutiérrez,T046,perecederos,completo,273.46,37,completa
E03608,Verónica Reyes,T046,almacen,completo,201.78,35,completa
E03609,Alejandro Morales,T046,cajas,completo,222.74,63,completa
E03610,Brenda Rivera,T046,perecederos,completo,285.92,61,completa
E03611,Daniela Gómez,T046,cajas,completo,227.47,104,completa
E03612,Jorge Ruiz,T046,perecederos,completo,230.98,71,completa
E03613,Gabriela Martínez,T046,almacen,completo,245.62,117,completa
E03614,Raúl Pérez,T046,piso_reposicion,completo,223.28,29,parcial_tarde
E03615,Mónica Rivera,T046,almacen,completo,229.12,34,completa
E03616,Alejandra Delgado,T046,piso_reposicion,completo,251.95,29,completa
E03617,Sofía Morales,T046,cajas,completo,264.75,78,completa
E03618,Jorge Martínez,T046,perecederos,completo,233.26,4,completa
E03619,Guadalupe Jiménez,T046,piso_reposicion,completo,238.05,104,completa
E03620,Rosa Aguilar,T046,almacen,completo,227.09,93,completa
E03621,Sergio Chávez,T046,cajas,completo,241.0,119,completa
E03622,Roberto Hernández,T046,perecederos,completo,282.75,115,parcial_tarde
E03623,Eduardo Rojas,T046,cajas,completo,277.84,8,completa
E03624,Ángel Guerrero,T046,cajas,completo,228.83,90,completa
E03625,Claudia Núñez,T046,cajas,completo,228.71,60,completa
E03626,Guadalupe Contreras,T046,piso_reposicion,completo,246.74,88,parcial_manana
E03627,María Díaz,T046,cajas,completo,247.26,105,parcial_tarde
E03628,Patricia Ortiz,T046,perecederos,completo,285.67,70,completa
E03629,Ricardo Contreras,T046,cajas,completo,228.46,0,completa
E03630,Ana Gutiérrez,T046,almacen,completo,201.99,104,completa
E03631,Ramón Guerrero,T046,piso_reposicion,completo,244.9,52,completa
E03632,Fernando Aguilar,T046,cajas,completo,279.68,55,parcial_tarde
E03633,Lucía Luna,T046,piso_reposicion,completo,214.74,70,parcial_manana
E03634,Francisco García,T046,cajas,completo,271.86,110,completa
E03635,María Vargas,T046,cajas,completo,243.12,63,parcial_tarde
E03636,Carlos Juárez,T046,piso_reposicion,completo,210.84,25,completa
E03637,Verónica Ramírez,T046,piso_reposicion,completo,235.5,88,completa
E03638,Verónica Castro,T046,piso_reposicion,completo,223.94,76,completa
E03639,Diana Ramírez,T046,piso_reposicion,completo,244.67,7,completa
E03640,Cecilia Núñez,T046,piso_reposicion,completo,224.39,64,parcial_manana
E03641,Arturo Núñez,T046,cajas,completo,248.9,95,completa
E03642,Eduardo García,T046,piso_reposicion,completo,220.03,106,completa
E03643,Carlos Jiménez,T046,perecederos,completo,287.97,34,completa
E03644,Verónica Morales,T046,almacen,completo,246.27,63,completa
E03645,Mónica Rojas,T046,perecederos,completo,258.23,99,completa
E03646,Adriana Díaz,T046,piso_reposicion,completo,232.44,70,completa
E03647,Cecilia Vargas,T046,perecederos,completo,298.79,50,completa
E03648,Verónica González,T046,almacen,completo,207.11,22,completa
E03649,Fernando Torres,T046,piso_reposicion,completo,250.43,5,completa
E03650,Cecilia Silva,T046,perecederos,completo,269.71,83,completa
E03651,Alejandro Morales,T046,cajas,completo,272.84,116,completa
E03652,Sergio Ruiz,T046,piso_reposicion,completo,224.62,72,completa
E03653,José Contreras,T046,piso_reposicion,completo,224.81,94,completa
E03654,Miguel Contreras,T046,piso_reposicion,completo,226.29,81,completa
E03655,Juan García,T046,cajas,completo,221.0,42,parcial_tarde
E03656,Roberto Flores,T046,cajas,completo,230.19,63,completa
E03657,Salvador Vargas,T046,piso_reposicion,completo,259.73,32,completa
E03658,Ana Luna,T046,cajas,completo,234.94,27,parcial_manana
E03659,Rubén Silva,T046,piso_reposicion,completo,211.0,71,completa
E03660,Itzel Vargas,T046,cajas,completo,236.71,78,completa
E03661,María González,T046,cajas,completo,244.5,119,completa
E03662,María Castro,T046,perecederos,completo,268.35,28,completa
E03663,Brenda Rivera,T046,piso_reposicion,completo,213.43,35,completa
E03664,Adriana Juárez,T046,cajas,completo,267.43,20,completa
E03665,Miguel Vázquez,T046,almacen,completo,241.28,114,completa
E03666,Cecilia Ramírez,T046,piso_reposicion,completo,220.66,94,completa
E03667,Sergio Delgado,T046,almacen,completo,239.92,39,completa
E03668,Mónica Silva,T046,perecederos,completo,255.3,117,completa
E03669,Gabriela Jiménez,T046,cajas,completo,245.39,85,completa
E03670,Francisco Juárez,T046,cajas,completo,276.18,57,completa
E03671,Daniela López,T046,piso_reposicion,completo,254.6,46,completa
E03672,Carlos Rivera,T046,piso_reposicion,completo,228.76,68,completa
E03673,Javier Pérez,T046,piso_reposicion,completo,234.41,10,completa
E03674,Silvia Gómez,T046,almacen,completo,214.33,20,completa
E03675,Mónica Morales,T046,perecederos,completo,266.08,113,completa
E03676,Óscar Gutiérrez,T046,piso_reposicion,completo,244.1,25,completa
E03677,Rosa Díaz,T046,almacen,completo,204.63,19,completa
E03678,Claudia Vázquez,T046,cajas,completo,275.19,104,parcial_tarde
E03679,Silvia Torres,T046,perecederos,completo,280.32,114,parcial_manana
E03680,Luis Reyes,T046,cajas,completo,225.81,98,completa
E03681,Fernanda Gutiérrez,T047,piso_reposicion,completo,237.27,116,completa
E03682,Claudia Romero,T047,almacen,completo,217.39,116,completa
E03683,Itzel Gutiérrez,T047,almacen,completo,228.25,59,completa
E03684,Fernanda Ramos,T047,cajas,completo,221.7,35,completa
E03685,Javier Gutiérrez,T047,piso_reposicion,completo,238.96,19,completa
E03686,Miguel Morales,T047,cajas,completo,274.15,75,completa
E03687,Diana Contreras,T047,piso_reposicion,completo,210.22,73,parcial_tarde
E03688,Brenda Rivera,T047,piso_reposicion,completo,252.27,74,parcial_manana
E03689,Francisco Juárez,T047,piso_reposicion,completo,250.1,92,completa
E03690,Silvia Vargas,T047,piso_reposicion,completo,215.31,56,completa
E03691,Rosa Vázquez,T047,cajas,completo,270.81,82,completa
E03692,Gabriela Díaz,T047,cajas,completo,265.81,79,completa
E03693,Arturo Ramos,T047,cajas,completo,249.46,96,parcial_tarde
E03694,Rosa Delgado,T047,perecederos,completo,247.16,89,completa
E03695,Verónica Ramírez,T047,piso_reposicion,completo,224.41,4,completa
E03696,Laura Romero,T047,perecederos,completo,272.86,74,completa
E03697,Fernando Ruiz,T047,piso_reposicion,completo,222.32,118,completa
E03698,Cecilia Aguilar,T047,cajas,completo,239.52,67,completa
E03699,Juan Pérez,T047,perecederos,completo,295.16,64,completa
E03700,Itzel Jiménez,T047,piso_reposicion,completo,246.47,73,completa
E03701,Gabriela Ramírez,T047,piso_reposicion,completo,246.8,67,completa
E03702,Lucía Luna,T047,piso_reposicion,completo,257.8,48,completa
E03703,Ricardo Cruz,T047,piso_reposicion,completo,210.29,120,completa
E03704,Cecilia Ortiz,T047,piso_reposicion,completo,222.22,8,completa
E03705,Jorge Guerrero,T047,perecederos,completo,276.06,98,completa
E03706,Alejandra Gutiérrez,T047,cajas,completo,246.3,19,completa
E03707,José Ramírez,T047,perecederos,completo,237.9,24,completa
E03708,Mario Rojas,T047,cajas,completo,266.87,73,completa
E03709,Paola Aguilar,T047,almacen,completo,202.35,77,completa
E03710,Miguel Mendoza,T047,piso_reposicion,completo,237.19,112,completa
E03711,Gabriela Hernández,T047,almacen,completo,228.12,35,completa
E03712,Rosa Gutiérrez,T047,almacen,completo,231.8,3,parcial_manana
E03713,Antonio Chávez,T047,cajas,completo,238.94,30,completa
E03714,Alejandra Rivera,T047,cajas,completo,221.42,65,completa
E03715,Salvador Castillo,T047,almacen,completo,244.45,43,completa
E03716,Alejandro Flores,T047,piso_reposicion,completo,256.46,30,parcial_tarde
E03717,María Chávez,T047,cajas,completo,248.92,110,parcial_manana
E03718,Diana Juárez,T047,piso_reposicion,completo,211.03,67,completa
E03719,Salvador Castro,T047,piso_reposicion,completo,239.04,81,completa
E03720,Karla Gómez,T047,cajas,completo,238.96,90,completa
E03721,Juan Torres,T047,perecederos,completo,242.77,49,completa
E03722,Juan García,T047,perecederos,completo,241.83,88,completa
E03723,Lucía Reyes,T047,cajas,completo,230.76,116,completa
E03724,Eduardo García,T047,cajas,completo,239.85,87,completa
E03725,Claudia Pérez,T047,cajas,completo,236.84,35,parcial_manana
E03726,Luis Silva,T047,piso_reposicion,completo,251.82,94,completa
E03727,Ricardo Guerrero,T047,perecederos,completo,264.67,28,completa
E03728,Víctor Castillo,T047,piso_reposicion,completo,231.38,8,parcial_manana
E03729,Carlos Ruiz,T047,piso_reposicion,completo,217.29,53,completa
E03730,Francisco Ramos,T047,perecederos,completo,291.31,61,completa
E03731,Antonio Mendoza,T047,piso_reposicion,completo,212.74,56,completa
E03732,Eduardo Núñez,T047,almacen,completo,211.98,31,completa
E03733,Fernanda Hernández,T047,cajas,completo,257.29,33,completa
E03734,Adriana Cruz,T047,cajas,completo,262.14,111,completa
E03735,Manuel González,T047,cajas,completo,268.07,35,completa
E03736,Andrea Álvarez,T047,cajas,completo,244.62,94,completa
E03737,Juan Juárez,T047,piso_reposicion,completo,227.34,31,completa
E03738,Elena Vargas,T047,piso_reposicion,completo,224.43,13,completa
E03739,Francisco Mendoza,T047,cajas,completo,254.09,7,completa
E03740,Juan Ramos,T047,piso_reposicion,completo,227.43,29,completa
E03741,Lucía García,T047,almacen,completo,216.4,101,completa
E03742,Daniela Ruiz,T047,perecederos,completo,231.18,55,completa
E03743,Alejandra Rojas,T047,almacen,completo,247.42,84,completa
E03744,Francisco Contreras,T047,cajas,completo,223.64,116,completa
E03745,Adriana Reyes,T047,piso_reposicion,completo,223.54,5,completa
E03746,Carlos Torres,T047,piso_reposicion,completo,256.07,13,completa
E03747,Gabriela Medina,T047,piso_reposicion,completo,246.77,111,parcial_tarde
E03748,Eduardo García,T047,perecederos,completo,270.47,68,completa
E03749,Sofía López,T047,almacen,completo,233.04,74,parcial_manana
E03750,Francisco Juárez,T047,cajas,completo,225.82,41,completa
E03751,Karla Contreras,T047,perecederos,completo,286.61,100,completa
E03752,Patricia Ortiz,T047,cajas,completo,235.01,78,completa
E03753,Miguel Jiménez,T047,piso_reposicion,completo,257.81,31,completa
E03754,Daniela Vázquez,T047,perecederos,completo,246.2,78,completa
E03755,Rubén Pérez,T047,perecederos,completo,273.78,0,parcial_manana
E03756,Verónica Torres,T047,cajas,completo,252.72,29,completa
E03757,Elena Gómez,T047,almacen,completo,207.16,24,completa
E03758,Alejandra Delgado,T047,cajas,completo,241.78,95,parcial_tarde
E03759,Daniela Gutiérrez,T047,cajas,completo,266.88,88,parcial_manana
E03760,Gabriela Vargas,T047,almacen,completo,210.63,11,completa
E03761,Juan Flores,T048,piso_reposicion,completo,242.58,79,completa
E03762,Antonio Silva,T048,piso_reposicion,completo,221.44,27,parcial_tarde
E03763,Ana Aguilar,T048,perecederos,completo,286.09,86,completa
E03764,Juan García,T048,cajas,completo,236.18,27,completa
E03765,Karla Vázquez,T048,perecederos,completo,270.59,83,completa
E03766,Ana González,T048,cajas,completo,238.01,90,completa
E03767,Mario Martínez,T048,cajas,completo,224.04,16,completa
E03768,Adriana Ramírez,T048,perecederos,completo,252.38,35,completa
E03769,Manuel Rivera,T048,perecederos,completo,244.84,19,completa
E03770,Brenda Hernández,T048,piso_reposicion,completo,254.63,88,completa
E03771,Andrea Delgado,T048,almacen,completo,213.31,28,completa
E03772,Andrea Gutiérrez,T048,perecederos,completo,298.21,77,completa
E03773,Roberto Castillo,T048,cajas,completo,249.54,50,completa
E03774,Arturo Guerrero,T048,piso_reposicion,completo,221.05,10,completa
E03775,Víctor Delgado,T048,perecederos,completo,257.39,106,completa
E03776,Claudia Juárez,T048,cajas,completo,231.01,86,completa
E03777,Ricardo Ramírez,T048,cajas,completo,270.02,31,completa
E03778,Mario Castro,T048,cajas,completo,227.2,106,parcial_manana
E03779,Adriana Silva,T048,almacen,completo,243.68,85,parcial_tarde
E03780,Fernanda García,T048,perecederos,completo,233.21,98,completa
E03781,Diana Guerrero,T048,cajas,completo,237.98,21,completa
E03782,Rosa Guerrero,T048,piso_reposicion,completo,216.99,1,completa
E03783,Cecilia Delgado,T048,piso_reposicion,completo,244.26,7,parcial_tarde
E03784,Gabriela Morales,T048,almacen,completo,225.62,65,completa
E03785,Sofía Ramírez,T048,piso_reposicion,completo,256.97,95,completa
E03786,Víctor Castro,T048,cajas,completo,241.97,110,parcial_tarde
E03787,María Mendoza,T048,cajas,completo,222.44,116,completa
E03788,Salvador Castro,T048,cajas,completo,265.7,72,completa
E03789,Sergio Rivera,T048,cajas,completo,254.77,76,completa
E03790,Adriana Ramírez,T048,piso_reposicion,completo,251.37,35,parcial_tarde
E03791,María Núñez,T048,piso_reposicion,completo,231.31,0,completa
E03792,Miguel Jiménez,T048,almacen,completo,236.91,23,parcial_tarde
E03793,Eduardo Guerrero,T048,piso_reposicion,completo,218.55,6,completa
E03794,Claudia Luna,T048,almacen,completo,249.98,82,completa
E03795,Carlos Chávez,T048,perecederos,completo,242.16,60,parcial_tarde
E03796,Gabriela Rivera,T048,perecederos,completo,288.09,93,completa
E03797,Lucía Rojas,T048,cajas,completo,232.75,17,completa
E03798,Elena Vargas,T048,perecederos,completo,284.78,110,completa
E03799,Óscar Medina,T048,piso_reposicion,completo,253.06,87,completa
E03800,Rubén Contreras,T048,cajas,completo,272.6,109,completa
E03801,Manuel Flores,T048,perecederos,completo,263.3,78,completa
E03802,Patricia Cruz,T048,piso_reposicion,completo,231.44,41,parcial_manana
E03803,Rubén Martínez,T048,cajas,completo,270.03,75,parcial_manana
E03804,Brenda Morales,T048,perecederos,completo,270.56,73,parcial_tarde
E03805,Antonio Gutiérrez,T048,cajas,completo,257.28,21,completa
E03806,Diana Chávez,T048,cajas,completo,234.16,12,parcial_manana
E03807,Fernanda Sánchez,T048,cajas,completo,246.77,78,parcial_manana
E03808,María Juárez,T048,perecederos,completo,255.86,11,completa
E03809,Sofía Ramos,T048,piso_reposicion,completo,243.27,12,parcial_tarde
E03810,Claudia Gutiérrez,T048,almacen,completo,209.82,8,completa
E03811,Arturo Guerrero,T048,piso_reposicion,completo,230.29,75,parcial_manana
E03812,Mónica Ramos,T048,almacen,completo,242.44,112,completa
E03813,Fernando Rojas,T048,perecederos,completo,268.25,60,completa
E03814,Itzel Torres,T048,piso_reposicion,completo,254.8,18,completa
E03815,Arturo Guerrero,T048,cajas,completo,233.95,62,completa
E03816,Claudia Silva,T048,piso_reposicion,completo,232.0,58,completa
E03817,Salvador Ruiz,T048,cajas,completo,250.02,71,completa
E03818,Luis Rojas,T048,piso_reposicion,completo,230.03,52,parcial_manana
E03819,Paola Castro,T048,cajas,completo,261.07,64,completa
E03820,Salvador Mendoza,T048,piso_reposicion,completo,217.44,39,completa
E03821,Gabriela Ruiz,T048,piso_reposicion,completo,235.97,109,completa
E03822,Sergio Contreras,T048,piso_reposicion,completo,216.94,65,completa
E03823,Fernando Mendoza,T048,piso_reposicion,completo,241.46,37,completa
E03824,Elena Herrera,T048,cajas,completo,269.81,0,completa
E03825,Claudia Hernández,T048,almacen,completo,201.0,82,completa
E03826,Mario Contreras,T048,cajas,completo,247.42,45,completa
E03827,Verónica Álvarez,T048,almacen,completo,224.64,30,parcial_tarde
E03828,Carlos Sánchez,T048,piso_reposicion,completo,246.01,58,completa
E03829,Manuel Gómez,T048,piso_reposicion,completo,213.74,58,completa
E03830,Luis Flores,T048,cajas,completo,244.36,97,completa
E03831,Salvador Díaz,T048,piso_reposicion,completo,249.27,65,parcial_manana
E03832,Javier Rojas,T048,piso_reposicion,completo,236.61,84,completa
E03833,Francisco Chávez,T048,almacen,completo,237.49,78,parcial_manana
E03834,Mónica Ortiz,T048,almacen,completo,218.2,102,completa
E03835,Javier Álvarez,T048,piso_reposicion,completo,256.0,0,parcial_tarde
E03836,Alejandra Cruz,T048,piso_reposicion,completo,213.87,45,completa
E03837,Adriana Rojas,T048,cajas,completo,225.47,86,completa
E03838,Salvador Ruiz,T048,almacen,completo,226.42,17,completa
E03839,Víctor Rivera,T048,piso_reposicion,completo,233.54,53,completa
E03840,Elena Aguilar,T048,cajas,completo,258.31,48,parcial_manana
E03841,Raúl Luna,T049,piso_reposicion,completo,252.39,97,completa
E03842,Sofía Mendoza,T049,almacen,completo,242.46,96,completa
E03843,Sofía Luna,T049,perecederos,completo,290.67,43,completa
E03844,Alejandra Ortiz,T049,perecederos,completo,280.27,116,completa
E03845,Ángel Jiménez,T049,piso_reposicion,completo,217.12,1,completa
E03846,Javier Cruz,T049,perecederos,completo,233.63,23,completa
E03847,Fernanda Jiménez,T049,piso_reposicion,completo,227.04,86,completa
E03848,Ana Rojas,T049,piso_reposicion,completo,234.75,94,completa
E03849,Luis Aguilar,T049,cajas,completo,238.16,9,completa
E03850,Roberto Martínez,T049,almacen,completo,237.11,19,completa
E03851,Patricia Romero,T049,piso_reposicion,completo,246.12,40,parcial_tarde
E03852,José Morales,T049,almacen,completo,248.6,4,completa
E03853,Francisco Vázquez,T049,piso_reposicion,completo,230.03,94,completa
E03854,Elena Castillo,T049,perecederos,completo,285.0,81,parcial_manana
E03855,Brenda Romero,T049,piso_reposicion,completo,247.06,90,completa
E03856,Karla Guerrero,T049,almacen,completo,249.44,56,completa
E03857,Daniela Guerrero,T049,piso_reposicion,completo,248.68,77,completa
E03858,Cecilia Contreras,T049,cajas,completo,237.01,69,completa
E03859,Fernanda Mendoza,T049,piso_reposicion,completo,210.76,83,completa
E03860,Jorge Gómez,T049,cajas,completo,278.09,54,completa
E03861,Verónica Ramírez,T049,cajas,completo,262.96,78,completa
E03862,Salvador Delgado,T049,piso_reposicion,completo,250.63,78,completa
E03863,Antonio Núñez,T049,piso_reposicion,completo,249.66,77,completa
E03864,Fernando Martínez,T049,cajas,completo,264.15,105,completa
E03865,Brenda Torres,T049,piso_reposicion,completo,247.57,42,completa
E03866,Gabriela Herrera,T049,perecederos,completo,295.06,106,completa
E03867,Antonio Sánchez,T049,almacen,completo,245.71,3,parcial_manana
E03868,Itzel López,T049,perecederos,completo,256.55,58,completa
E03869,Lucía Silva,T049,piso_reposicion,completo,211.55,53,completa
E03870,Daniela Hernández,T049,perecederos,completo,232.71,105,completa
E03871,Diana Torres,T049,perecederos,completo,261.26,5,completa
E03872,Juan Silva,T049,almacen,completo,241.75,26,completa
E03873,Guadalupe González,T049,almacen,completo,242.38,56,completa
E03874,Cecilia Álvarez,T049,piso_reposicion,completo,230.22,98,completa
E03875,Juan Castillo,T049,cajas,completo,238.1,56,completa
E03876,Fernanda Vázquez,T049,almacen,completo,225.33,77,completa
E03877,Francisco Delgado,T049,almacen,completo,241.63,21,completa
E03878,Claudia García,T049,cajas,completo,258.19,114,completa
E03879,Eduardo López,T049,cajas,completo,228.39,94,completa
E03880,Silvia Ramírez,T049,cajas,completo,241.73,5,completa
E03881,Fernando Ramos,T049,perecederos,completo,268.88,85,completa
E03882,Salvador Contreras,T049,almacen,completo,226.91,15,completa
E03883,Antonio López,T049,piso_reposicion,completo,251.53,67,completa
E03884,Itzel Ortiz,T049,piso_reposicion,completo,256.61,85,completa
E03885,Guadalupe Gutiérrez,T049,cajas,completo,226.03,112,completa
E03886,Elena Ramírez,T049,piso_reposicion,completo,221.22,8,completa
E03887,Mónica Reyes,T049,cajas,completo,243.53,34,completa
E03888,Paola Torres,T049,piso_reposicion,completo,224.82,83,completa
E03889,Ángel Pérez,T049,cajas,completo,244.5,31,completa
E03890,Daniela Jiménez,T049,almacen,completo,202.04,86,completa
E03891,Mónica Luna,T049,perecederos,completo,234.62,22,completa
E03892,Mónica Ortiz,T049,perecederos,completo,288.69,19,completa
E03893,Silvia Aguilar,T049,almacen,completo,205.13,65,completa
E03894,Guadalupe Medina,T049,piso_reposicion,completo,251.2,83,completa
E03895,María Delgado,T049,piso_reposicion,completo,225.33,24,completa
E03896,Sergio Juárez,T049,cajas,completo,238.55,105,completa
E03897,María Núñez,T049,cajas,completo,226.04,105,completa
E03898,Rosa Juárez,T049,piso_reposicion,completo,210.66,9,completa
E03899,Alejandra Luna,T049,perecederos,completo,254.87,36,completa
E03900,Elena Contreras,T049,cajas,completo,270.12,67,parcial_manana
E03901,Elena Castro,T049,piso_reposicion,completo,256.0,59,completa
E03902,Daniela Ramos,T049,piso_reposicion,completo,213.08,30,completa
E03903,Óscar Díaz,T049,piso_reposicion,completo,211.55,64,completa
E03904,Fernando Castillo,T049,cajas,completo,229.53,116,completa
E03905,Karla Delgado,T049,piso_reposicion,completo,248.31,37,completa
E03906,Laura Ruiz,T049,cajas,completo,232.29,26,parcial_manana
E03907,Guadalupe Jiménez,T049,perecederos,completo,246.16,89,completa
E03908,Miguel Hernández,T049,perecederos,completo,292.23,69,completa
E03909,Brenda Rivera,T049,cajas,completo,272.5,83,completa
E03910,Elena Romero,T049,cajas,completo,260.22,78,completa
E03911,José Morales,T049,cajas,completo,229.84,92,completa
E03912,Sofía Chávez,T049,piso_reposicion,completo,229.06,88,parcial_manana
E03913,Óscar Díaz,T049,piso_reposicion,completo,221.81,73,parcial_manana
E03914,Fernando Hernández,T049,piso_reposicion,completo,243.59,54,completa
E03915,Andrea Chávez,T049,cajas,completo,266.8,55,completa
E03916,Luis Gutiérrez,T049,cajas,completo,228.53,32,completa
E03917,Gabriela Álvarez,T049,cajas,completo,273.88,54,completa
E03918,Patricia González,T049,cajas,completo,247.77,73,completa
E03919,Luis Ramos,T049,cajas,completo,267.7,86,completa
E03920,Paola Guerrero,T049,cajas,completo,223.1,93,parcial_manana
E03921,María Pérez,T050,perecederos,completo,239.01,111,completa
E03922,María Contreras,T050,piso_reposicion,completo,237.29,97,parcial_tarde
E03923,Sofía Cruz,T050,cajas,completo,244.08,80,completa
E03924,Rubén Morales,T050,piso_reposicion,completo,216.71,32,completa
E03925,Diana Ortiz,T050,cajas,completo,237.58,59,completa
E03926,María García,T050,piso_reposicion,completo,241.68,61,completa
E03927,Javier Vázquez,T050,almacen,completo,201.56,5,completa
E03928,Roberto Núñez,T050,cajas,completo,277.96,109,completa
E03929,Francisco Juárez,T050,piso_reposicion,completo,255.45,95,completa
E03930,Ana Rivera,T050,piso_reposicion,completo,214.23,64,completa
E03931,Mario García,T050,piso_reposicion,completo,253.42,86,completa
E03932,Ángel Ruiz,T050,cajas,completo,239.71,13,completa
E03933,Óscar Delgado,T050,cajas,completo,224.05,118,completa
E03934,María Núñez,T050,piso_reposicion,completo,225.31,77,completa
E03935,Itzel Romero,T050,piso_reposicion,completo,250.44,113,completa
E03936,Verónica Chávez,T050,perecederos,completo,276.61,104,completa
E03937,Verónica Ruiz,T050,cajas,completo,234.31,70,completa
E03938,Itzel Herrera,T050,cajas,completo,263.15,34,completa
E03939,Diana Ruiz,T050,perecederos,completo,279.55,83,completa
E03940,Patricia Gómez,T050,piso_reposicion,completo,247.14,61,parcial_manana
E03941,Patricia Núñez,T050,piso_reposicion,completo,237.03,49,completa
E03942,Salvador Martínez,T050,almacen,completo,240.95,86,completa
E03943,Claudia Hernández,T050,cajas,completo,258.48,107,completa
E03944,Sergio Medina,T050,cajas,completo,227.52,20,completa
E03945,Adriana Castillo,T050,cajas,completo,268.62,66,completa
E03946,Patricia Castillo,T050,piso_reposicion,completo,226.19,94,parcial_tarde
E03947,Roberto Núñez,T050,cajas,completo,262.3,39,completa
E03948,Cecilia Guerrero,T050,cajas,completo,260.51,41,completa
E03949,Laura Vargas,T050,piso_reposicion,completo,226.8,1,completa
E03950,Cecilia Sánchez,T050,almacen,completo,208.08,39,completa
E03951,Elena Hernández,T050,cajas,completo,261.7,70,completa
E03952,Ricardo Pérez,T050,cajas,completo,270.94,117,completa
E03953,María Mendoza,T050,almacen,completo,241.91,63,parcial_manana
E03954,Gabriela Vargas,T050,cajas,completo,257.59,35,completa
E03955,Sofía Álvarez,T050,perecederos,completo,245.92,98,completa
E03956,Antonio González,T050,cajas,completo,238.97,22,completa
E03957,Adriana Rivera,T050,perecederos,completo,282.82,22,completa
E03958,Mónica Reyes,T050,perecederos,completo,258.76,63,parcial_tarde
E03959,Cecilia Aguilar,T050,perecederos,completo,281.27,98,completa
E03960,Claudia Martínez,T050,perecederos,completo,251.66,25,completa
E03961,Miguel Delgado,T050,almacen,completo,200.32,1,completa
E03962,Paola Hernández,T050,piso_reposicion,completo,240.17,87,completa
E03963,Juan Jiménez,T050,cajas,completo,256.05,71,completa
E03964,Víctor Luna,T050,almacen,completo,231.38,82,completa
E03965,Ricardo Ramírez,T050,cajas,completo,236.09,48,completa
E03966,Eduardo Herrera,T050,piso_reposicion,completo,250.55,14,completa
E03967,Laura Vázquez,T050,almacen,completo,224.37,40,completa
E03968,Roberto Juárez,T050,piso_reposicion,completo,248.12,56,parcial_tarde
E03969,Óscar Romero,T050,piso_reposicion,completo,240.55,52,completa
E03970,Mónica Delgado,T050,cajas,completo,244.96,107,parcial_tarde
E03971,María Ortiz,T050,piso_reposicion,completo,243.98,27,parcial_tarde
E03972,José Sánchez,T050,almacen,completo,228.75,37,parcial_manana
E03973,Silvia Herrera,T050,cajas,completo,250.64,22,completa
E03974,Javier Contreras,T050,piso_reposicion,completo,242.43,69,completa
E03975,Víctor Gutiérrez,T050,almacen,completo,204.3,97,completa
E03976,Ana Juárez,T050,almacen,completo,245.51,106,completa
E03977,Manuel Rojas,T050,almacen,completo,216.75,27,completa
E03978,Sergio Aguilar,T050,piso_reposicion,completo,221.23,52,completa
E03979,Salvador Álvarez,T050,cajas,completo,266.31,89,completa
E03980,Paola Castillo,T050,piso_reposicion,completo,221.56,5,completa
E03981,Mónica Juárez,T050,piso_reposicion,completo,259.79,86,parcial_manana
E03982,Ricardo Reyes,T050,cajas,completo,245.23,16,completa
E03983,Silvia Vázquez,T050,piso_reposicion,completo,224.83,4,parcial_tarde
E03984,Alejandro Hernández,T050,piso_reposicion,completo,213.1,13,completa
E03985,Elena Ramírez,T050,cajas,completo,222.51,106,completa
E03986,Eduardo Romero,T050,piso_reposicion,completo,214.76,82,completa
E03987,Silvia Vargas,T050,piso_reposicion,completo,210.25,95,completa
E03988,Víctor Martínez,T050,cajas,completo,239.63,83,completa
E03989,Rosa López,T050,piso_reposicion,completo,225.52,96,completa
E03990,Ángel García,T050,perecederos,completo,260.11,60,parcial_tarde
E03991,Daniela Jiménez,T050,perecederos,completo,246.3,97,completa
E03992,Patricia Reyes,T050,cajas,completo,223.76,6,completa
E03993,Salvador López,T050,piso_reposicion,completo,213.56,70,completa
E03994,Cecilia Álvarez,T050,perecederos,completo,242.75,91,completa
E03995,Fernando Vázquez,T050,almacen,completo,215.83,120,completa
E03996,José García,T050,piso_reposicion,completo,217.4,43,completa
E03997,Francisco Herrera,T050,perecederos,completo,255.56,21,completa
E03998,Claudia Núñez,T050,cajas,completo,275.33,87,completa
E03999,Juan Ortiz,T050,perecederos,completo,248.31,8,completa
E04000,Patricia Luna,T050,perecederos,completo,241.79,93,completa
N051-281,Alejandro Mendoza,T051,piso_reposicion,completo,212.52,34,completa
N051-282,Víctor Núñez,T051,piso_reposicion,completo,210.64,87,completa
N051-283,Juan González,T051,almacen,completo,209.15,24,completa
N051-284,Cecilia Ruiz,T051,cajas,completo,268.65,43,completa
N051-285,Mario Morales,T051,perecederos,completo,266.64,113,completa
N051-286,Laura Gutiérrez,T051,piso_reposicion,completo,241.29,34,completa
N051-287,Carlos Álvarez,T051,perecederos,completo,255.04,102,completa
N051-288,Óscar Rivera,T051,piso_reposicion,completo,213.43,51,completa
N051-289,María Rojas,T051,almacen,completo,242.81,25,completa
N051-290,Alejandra Ramos,T051,perecederos,completo,243.43,11,completa
N051-291,Ana Reyes,T051,piso_reposicion,completo,211.65,66,completa
N051-292,Javier Reyes,T051,piso_reposicion,completo,238.64,54,completa
N051-293,Daniela Ortiz,T051,cajas,completo,225.0,61,completa
N051-294,Paola Luna,T051,almacen,completo,204.79,5,completa
N051-295,Mario González,T051,cajas,completo,268.02,32,completa
N051-296,Manuel Jiménez,T051,perecederos,completo,264.41,0,parcial_manana
N051-297,Arturo Delgado,T051,cajas,completo,234.49,36,parcial_tarde
N051-298,Raúl Chávez,T051,piso_reposicion,completo,227.43,112,completa
N051-299,Silvia Castillo,T051,cajas,completo,263.75,18,completa
N051-300,Patricia Reyes,T051,almacen,completo,203.32,83,completa
N051-301,Patricia Pérez,T051,piso_reposicion,completo,215.82,0,completa
N051-302,Fernando Aguilar,T051,almacen,completo,230.81,67,completa
N051-303,Eduardo Núñez,T051,piso_reposicion,completo,240.35,111,completa
N051-304,Itzel Jiménez,T051,piso_reposicion,completo,258.62,41,parcial_tarde
N051-305,Elena Gutiérrez,T051,almacen,completo,218.73,23,parcial_manana
N051-306,Guadalupe Pérez,T051,piso_reposicion,completo,213.25,69,completa
N051-307,Raúl Luna,T051,cajas,completo,252.25,33,completa
N051-308,Adriana Guerrero,T051,cajas,completo,258.3,107,completa
N051-309,Fernando Núñez,T051,perecederos,completo,239.77,102,completa
N051-310,Rosa Cruz,T051,almacen,completo,227.64,78,parcial_tarde
N051-311,Víctor Aguilar,T051,cajas,completo,231.87,77,completa
N051-312,Víctor Gutiérrez,T051,cajas,completo,270.68,72,completa
N051-313,Lucía Flores,T051,piso_reposicion,completo,251.76,88,completa
N051-314,Sergio Torres,T051,almacen,completo,221.48,55,completa
N051-315,Elena Morales,T051,piso_reposicion,completo,258.34,117,completa
N051-316,Roberto Castillo,T051,perecederos,completo,298.58,41,completa
N051-317,Ana González,T051,cajas,completo,227.76,1,completa
N051-318,Jorge Vargas,T051,piso_reposicion,completo,228.39,84,completa
N051-319,Antonio Chávez,T051,cajas,completo,256.02,80,completa
N051-320,Diana Rojas,T051,piso_reposicion,completo,214.24,118,completa
N051-321,Luis Gómez,T051,cajas,completo,242.96,47,completa
N051-322,Cecilia López,T051,perecederos,completo,248.28,51,completa
N051-323,Elena Díaz,T051,cajas,completo,277.12,68,completa
N051-324,Alejandra Contreras,T051,piso_reposicion,completo,230.58,47,completa
N051-325,Verónica Díaz,T051,perecederos,completo,283.39,94,completa
N051-326,Verónica Vargas,T051,almacen,completo,219.34,51,completa
N051-327,Víctor Delgado,T051,cajas,completo,227.91,94,completa
N051-328,Lucía Gómez,T051,cajas,completo,271.79,51,completa
N051-329,Itzel Aguilar,T051,cajas,completo,220.03,27,completa
N051-330,Fernando Torres,T051,cajas,completo,223.36,119,completa
N051-331,Elena Cruz,T051,cajas,completo,241.86,63,completa
N051-332,Diana Gómez,T051,cajas,completo,261.21,85,completa
N051-333,Sergio Medina,T051,piso_reposicion,completo,227.09,71,completa
N051-334,Alejandro Rojas,T051,piso_reposicion,completo,213.32,43,completa
N051-335,Verónica Rivera,T051,cajas,completo,239.07,117,completa
N051-336,Laura Gómez,T051,piso_reposicion,completo,222.25,44,completa
N051-337,Adriana Juárez,T051,piso_reposicion,completo,210.27,120,parcial_tarde
N051-338,Paola Chávez,T051,piso_reposicion,completo,236.74,52,completa
N051-339,Javier Jiménez,T051,cajas,completo,227.0,2,parcial_manana
N051-340,Itzel Vargas,T051,piso_reposicion,completo,224.37,4,completa
N051-341,Silvia Pérez,T051,cajas,completo,258.47,117,parcial_tarde
N051-342,Brenda Guerrero,T051,perecederos,completo,280.76,63,parcial_manana
N051-343,Luis Cruz,T051,cajas,completo,235.81,46,parcial_manana
N051-344,Mario Medina,T051,piso_reposicion,completo,226.46,98,completa
N051-345,Alejandro Gutiérrez,T051,piso_reposicion,completo,222.35,74,completa
N051-346,Antonio Ruiz,T051,piso_reposicion,completo,257.84,79,completa
N051-347,Roberto Mendoza,T051,cajas,completo,231.43,82,completa
N051-348,Ricardo Sánchez,T051,almacen,completo,209.16,24,completa
N051-349,Itzel Ramírez,T051,cajas,completo,246.7,10,parcial_tarde
N051-350,Mónica Rojas,T051,piso_reposicion,completo,219.47,88,completa
N051-351,Rubén Jiménez,T051,almacen,completo,207.84,2,completa
N051-352,Cecilia Gómez,T051,cajas,completo,225.75,87,completa
N051-353,Roberto Pérez,T051,almacen,completo,232.01,15,completa
N051-354,Eduardo Pérez,T051,perecederos,completo,272.85,31,completa
N051-355,Alejandra Núñez,T051,perecederos,completo,275.51,85,completa
N051-356,Manuel Silva,T051,piso_reposicion,completo,248.67,75,completa
N051-357,Eduardo Morales,T051,perecederos,completo,252.85,94,completa
N051-358,Óscar Torres,T051,perecederos,completo,294.29,73,completa
N051-359,Brenda Ortiz,T051,piso_reposicion,completo,246.66,5,completa
N051-360,Ramón Pérez,T051,perecederos,completo,286.33,101,completa
